"relative_path","full_path","Name","Extension","Length","size_mb","LastWriteTime"
"01_fooocus\female_prompt_pack\Fooocus_Female_System_Windows\NEGATIVE_PROMPT.txt","D:\zzipp\جي بي\الكميرا\_organized_generation_workspace_20260612\01_fooocus\female_prompt_pack\Fooocus_Female_System_Windows\NEGATIVE_PROMPT.txt","NEGATIVE_PROMPT.txt",".txt","325","0","28/10/47 06:19:22 م"
"01_fooocus\female_prompt_pack\Fooocus_Female_System_Windows\PROMPTS_AR.txt","D:\zzipp\جي بي\الكميرا\_organized_generation_workspace_20260612\01_fooocus\female_prompt_pack\Fooocus_Female_System_Windows\PROMPTS_AR.txt","PROMPTS_AR.txt",".txt","8013","0.008","28/10/47 06:19:22 م"
"01_fooocus\female_prompt_pack\Fooocus_Female_System_Windows\PROMPTS_EN.txt","D:\zzipp\جي بي\الكميرا\_organized_generation_workspace_20260612\01_fooocus\female_prompt_pack\Fooocus_Female_System_Windows\PROMPTS_EN.txt","PROMPTS_EN.txt",".txt","8642","0.008","28/10/47 06:19:22 م"
"01_fooocus\female_prompt_pack\Fooocus_Female_System_Windows\START_HERE_AR.txt","D:\zzipp\جي بي\الكميرا\_organized_generation_workspace_20260612\01_fooocus\female_prompt_pack\Fooocus_Female_System_Windows\START_HERE_AR.txt","START_HERE_AR.txt",".txt","618","0.001","28/10/47 06:19:22 م"
"01_fooocus\female_prompt_pack\Fooocus_Female_System_Windows\SYSTEM_TEMPLATE.txt","D:\zzipp\جي بي\الكميرا\_organized_generation_workspace_20260612\01_fooocus\female_prompt_pack\Fooocus_Female_System_Windows\SYSTEM_TEMPLATE.txt","SYSTEM_TEMPLATE.txt",".txt","941","0.001","28/10/47 06:19:22 م"
"01_fooocus\Fooocus-main_canonical\Fooocus-main\auth-example.json","D:\zzipp\جي بي\الكميرا\_organized_generation_workspace_20260612\01_fooocus\Fooocus-main_canonical\Fooocus-main\auth-example.json","auth-example.json",".json","111","0","10/03/47 01:28:40 م"
"01_fooocus\Fooocus-main_canonical\Fooocus-main\config_modification_tutorial.txt","D:\zzipp\جي بي\الكميرا\_organized_generation_workspace_20260612\01_fooocus\Fooocus-main_canonical\Fooocus-main\config_modification_tutorial.txt","config_modification_tutorial.txt",".txt","8903","0.008","26/12/47 12:32:38 م"
"01_fooocus\Fooocus-main_canonical\Fooocus-main\config.txt","D:\zzipp\جي بي\الكميرا\_organized_generation_workspace_20260612\01_fooocus\Fooocus-main_canonical\Fooocus-main\config.txt","config.txt",".txt","3103","0.003","26/12/47 09:42:40 ص"
"01_fooocus\Fooocus-main_canonical\Fooocus-main\docker-compose.yml","D:\zzipp\جي بي\الكميرا\_organized_generation_workspace_20260612\01_fooocus\Fooocus-main_canonical\Fooocus-main\docker-compose.yml","docker-compose.yml",".yml","1483","0.001","10/03/47 01:28:40 م"
"01_fooocus\Fooocus-main_canonical\Fooocus-main\environment.yaml","D:\zzipp\جي بي\الكميرا\_organized_generation_workspace_20260612\01_fooocus\Fooocus-main_canonical\Fooocus-main\environment.yaml","environment.yaml",".yaml","94","0","10/03/47 01:28:40 م"
"01_fooocus\Fooocus-main_canonical\Fooocus-main\hash_cache.txt","D:\zzipp\جي بي\الكميرا\_organized_generation_workspace_20260612\01_fooocus\Fooocus-main_canonical\Fooocus-main\hash_cache.txt","hash_cache.txt",".txt","0","0","26/12/47 12:32:46 م"
"01_fooocus\Fooocus-main_canonical\Fooocus-main\requirements_docker.txt","D:\zzipp\جي بي\الكميرا\_organized_generation_workspace_20260612\01_fooocus\Fooocus-main_canonical\Fooocus-main\requirements_docker.txt","requirements_docker.txt",".txt","33","0","10/03/47 01:28:40 م"
"01_fooocus\Fooocus-main_canonical\Fooocus-main\requirements_versions.txt","D:\zzipp\جي بي\الكميرا\_organized_generation_workspace_20260612\01_fooocus\Fooocus-main_canonical\Fooocus-main\requirements_versions.txt","requirements_versions.txt",".txt","427","0","10/03/47 01:28:40 م"
"01_fooocus\Fooocus-main_canonical\Fooocus-main\.github\dependabot.yml","D:\zzipp\جي بي\الكميرا\_organized_generation_workspace_20260612\01_fooocus\Fooocus-main_canonical\Fooocus-main\.github\dependabot.yml","dependabot.yml",".yml","118","0","10/03/47 01:28:40 م"
"01_fooocus\Fooocus-main_canonical\Fooocus-main\.github\ISSUE_TEMPLATE\bug_report.yml","D:\zzipp\جي بي\الكميرا\_organized_generation_workspace_20260612\01_fooocus\Fooocus-main_canonical\Fooocus-main\.github\ISSUE_TEMPLATE\bug_report.yml","bug_report.yml",".yml","3748","0.004","10/03/47 01:28:40 م"
"01_fooocus\Fooocus-main_canonical\Fooocus-main\.github\ISSUE_TEMPLATE\config.yml","D:\zzipp\جي بي\الكميرا\_organized_generation_workspace_20260612\01_fooocus\Fooocus-main_canonical\Fooocus-main\.github\ISSUE_TEMPLATE\config.yml","config.yml",".yml","181","0","10/03/47 01:28:40 م"
"01_fooocus\Fooocus-main_canonical\Fooocus-main\.github\ISSUE_TEMPLATE\feature_request.yml","D:\zzipp\جي بي\الكميرا\_organized_generation_workspace_20260612\01_fooocus\Fooocus-main_canonical\Fooocus-main\.github\ISSUE_TEMPLATE\feature_request.yml","feature_request.yml",".yml","1421","0.001","10/03/47 01:28:40 م"
"01_fooocus\Fooocus-main_canonical\Fooocus-main\.github\workflows\build_container.yml","D:\zzipp\جي بي\الكميرا\_organized_generation_workspace_20260612\01_fooocus\Fooocus-main_canonical\Fooocus-main\.github\workflows\build_container.yml","build_container.yml",".yml","1190","0.001","10/03/47 01:28:40 م"
"01_fooocus\Fooocus-main_canonical\Fooocus-main\extras\BLIP\configs\bert_config.json","D:\zzipp\جي بي\الكميرا\_organized_generation_workspace_20260612\01_fooocus\Fooocus-main_canonical\Fooocus-main\extras\BLIP\configs\bert_config.json","bert_config.json",".json","485","0","10/03/47 01:28:40 م"
"01_fooocus\Fooocus-main_canonical\Fooocus-main\extras\BLIP\configs\caption_coco.yaml","D:\zzipp\جي بي\الكميرا\_organized_generation_workspace_20260612\01_fooocus\Fooocus-main_canonical\Fooocus-main\extras\BLIP\configs\caption_coco.yaml","caption_coco.yaml",".yaml","651","0.001","10/03/47 01:28:40 م"
"01_fooocus\Fooocus-main_canonical\Fooocus-main\extras\BLIP\configs\med_config.json","D:\zzipp\جي بي\الكميرا\_organized_generation_workspace_20260612\01_fooocus\Fooocus-main_canonical\Fooocus-main\extras\BLIP\configs\med_config.json","med_config.json",".json","485","0","10/03/47 01:28:40 م"
"01_fooocus\Fooocus-main_canonical\Fooocus-main\extras\BLIP\configs\nlvr.yaml","D:\zzipp\جي بي\الكميرا\_organized_generation_workspace_20260612\01_fooocus\Fooocus-main_canonical\Fooocus-main\extras\BLIP\configs\nlvr.yaml","nlvr.yaml",".yaml","441","0","10/03/47 01:28:40 م"
"01_fooocus\Fooocus-main_canonical\Fooocus-main\extras\BLIP\configs\nocaps.yaml","D:\zzipp\جي بي\الكميرا\_organized_generation_workspace_20260612\01_fooocus\Fooocus-main_canonical\Fooocus-main\extras\BLIP\configs\nocaps.yaml","nocaps.yaml",".yaml","352","0","10/03/47 01:28:40 م"
"01_fooocus\Fooocus-main_canonical\Fooocus-main\extras\BLIP\configs\pretrain.yaml","D:\zzipp\جي بي\الكميرا\_organized_generation_workspace_20260612\01_fooocus\Fooocus-main_canonical\Fooocus-main\extras\BLIP\configs\pretrain.yaml","pretrain.yaml",".yaml","479","0","10/03/47 01:28:40 م"
"01_fooocus\Fooocus-main_canonical\Fooocus-main\extras\BLIP\configs\retrieval_coco.yaml","D:\zzipp\جي بي\الكميرا\_organized_generation_workspace_20260612\01_fooocus\Fooocus-main_canonical\Fooocus-main\extras\BLIP\configs\retrieval_coco.yaml","retrieval_coco.yaml",".yaml","655","0.001","10/03/47 01:28:40 م"
"01_fooocus\Fooocus-main_canonical\Fooocus-main\extras\BLIP\configs\retrieval_flickr.yaml","D:\zzipp\جي بي\الكميرا\_organized_generation_workspace_20260612\01_fooocus\Fooocus-main_canonical\Fooocus-main\extras\BLIP\configs\retrieval_flickr.yaml","retrieval_flickr.yaml",".yaml","658","0.001","10/03/47 01:28:40 م"
"01_fooocus\Fooocus-main_canonical\Fooocus-main\extras\BLIP\configs\retrieval_msrvtt.yaml","D:\zzipp\جي بي\الكميرا\_organized_generation_workspace_20260612\01_fooocus\Fooocus-main_canonical\Fooocus-main\extras\BLIP\configs\retrieval_msrvtt.yaml","retrieval_msrvtt.yaml",".yaml","354","0","10/03/47 01:28:40 م"
"01_fooocus\Fooocus-main_canonical\Fooocus-main\extras\BLIP\configs\vqa.yaml","D:\zzipp\جي بي\الكميرا\_organized_generation_workspace_20260612\01_fooocus\Fooocus-main_canonical\Fooocus-main\extras\BLIP\configs\vqa.yaml","vqa.yaml",".yaml","639","0.001","10/03/47 01:28:40 م"
"01_fooocus\Fooocus-main_canonical\Fooocus-main\extras\BLIP\models\bert_tokenizer\config.json","D:\zzipp\جي بي\الكميرا\_organized_generation_workspace_20260612\01_fooocus\Fooocus-main_canonical\Fooocus-main\extras\BLIP\models\bert_tokenizer\config.json","config.json",".json","570","0.001","10/03/47 01:28:40 م"
"01_fooocus\Fooocus-main_canonical\Fooocus-main\extras\BLIP\models\bert_tokenizer\tokenizer_config.json","D:\zzipp\جي بي\الكميرا\_organized_generation_workspace_20260612\01_fooocus\Fooocus-main_canonical\Fooocus-main\extras\BLIP\models\bert_tokenizer\tokenizer_config.json","tokenizer_config.json",".json","28","0","10/03/47 01:28:40 م"
"01_fooocus\Fooocus-main_canonical\Fooocus-main\extras\BLIP\models\bert_tokenizer\tokenizer.json","D:\zzipp\جي بي\الكميرا\_organized_generation_workspace_20260612\01_fooocus\Fooocus-main_canonical\Fooocus-main\extras\BLIP\models\bert_tokenizer\tokenizer.json","tokenizer.json",".json","466062","0.444","10/03/47 01:28:40 م"
"01_fooocus\Fooocus-main_canonical\Fooocus-main\extras\BLIP\models\bert_tokenizer\vocab.txt","D:\zzipp\جي بي\الكميرا\_organized_generation_workspace_20260612\01_fooocus\Fooocus-main_canonical\Fooocus-main\extras\BLIP\models\bert_tokenizer\vocab.txt","vocab.txt",".txt","231508","0.221","10/03/47 01:28:40 م"
"01_fooocus\Fooocus-main_canonical\Fooocus-main\extras\safety_checker\configs\config.json","D:\zzipp\جي بي\الكميرا\_organized_generation_workspace_20260612\01_fooocus\Fooocus-main_canonical\Fooocus-main\extras\safety_checker\configs\config.json","config.json",".json","4549","0.004","10/03/47 01:28:40 م"
"01_fooocus\Fooocus-main_canonical\Fooocus-main\extras\safety_checker\configs\preprocessor_config.json","D:\zzipp\جي بي\الكميرا\_organized_generation_workspace_20260612\01_fooocus\Fooocus-main_canonical\Fooocus-main\extras\safety_checker\configs\preprocessor_config.json","preprocessor_config.json",".json","342","0","10/03/47 01:28:40 م"
"01_fooocus\Fooocus-main_canonical\Fooocus-main\language\en.json","D:\zzipp\جي بي\الكميرا\_organized_generation_workspace_20260612\01_fooocus\Fooocus-main_canonical\Fooocus-main\language\en.json","en.json",".json","25106","0.024","10/03/47 01:28:40 م"
"01_fooocus\Fooocus-main_canonical\Fooocus-main\language\example.json","D:\zzipp\جي بي\الكميرا\_organized_generation_workspace_20260612\01_fooocus\Fooocus-main_canonical\Fooocus-main\language\example.json","example.json",".json","120","0","10/03/47 01:28:40 م"
"01_fooocus\Fooocus-main_canonical\Fooocus-main\ldm_patched\modules\clip_config_bigg.json","D:\zzipp\جي بي\الكميرا\_organized_generation_workspace_20260612\01_fooocus\Fooocus-main_canonical\Fooocus-main\ldm_patched\modules\clip_config_bigg.json","clip_config_bigg.json",".json","520","0","10/03/47 01:28:40 م"
"01_fooocus\Fooocus-main_canonical\Fooocus-main\ldm_patched\modules\clip_vision_config_g.json","D:\zzipp\جي بي\الكميرا\_organized_generation_workspace_20260612\01_fooocus\Fooocus-main_canonical\Fooocus-main\ldm_patched\modules\clip_vision_config_g.json","clip_vision_config_g.json",".json","419","0","10/03/47 01:28:40 م"
"01_fooocus\Fooocus-main_canonical\Fooocus-main\ldm_patched\modules\clip_vision_config_h.json","D:\zzipp\جي بي\الكميرا\_organized_generation_workspace_20260612\01_fooocus\Fooocus-main_canonical\Fooocus-main\ldm_patched\modules\clip_vision_config_h.json","clip_vision_config_h.json",".json","419","0","10/03/47 01:28:40 م"
"01_fooocus\Fooocus-main_canonical\Fooocus-main\ldm_patched\modules\clip_vision_config_vitl.json","D:\zzipp\جي بي\الكميرا\_organized_generation_workspace_20260612\01_fooocus\Fooocus-main_canonical\Fooocus-main\ldm_patched\modules\clip_vision_config_vitl.json","clip_vision_config_vitl.json",".json","424","0","10/03/47 01:28:40 م"
"01_fooocus\Fooocus-main_canonical\Fooocus-main\ldm_patched\modules\sd1_clip_config.json","D:\zzipp\جي بي\الكميرا\_organized_generation_workspace_20260612\01_fooocus\Fooocus-main_canonical\Fooocus-main\ldm_patched\modules\sd1_clip_config.json","sd1_clip_config.json",".json","612","0.001","10/03/47 01:28:40 م"
"01_fooocus\Fooocus-main_canonical\Fooocus-main\ldm_patched\modules\sd2_clip_config.json","D:\zzipp\جي بي\الكميرا\_organized_generation_workspace_20260612\01_fooocus\Fooocus-main_canonical\Fooocus-main\ldm_patched\modules\sd2_clip_config.json","sd2_clip_config.json",".json","520","0","10/03/47 01:28:40 م"
"01_fooocus\Fooocus-main_canonical\Fooocus-main\ldm_patched\modules\sd1_tokenizer\merges.txt","D:\zzipp\جي بي\الكميرا\_organized_generation_workspace_20260612\01_fooocus\Fooocus-main_canonical\Fooocus-main\ldm_patched\modules\sd1_tokenizer\merges.txt","merges.txt",".txt","524619","0.5","10/03/47 01:28:40 م"
"01_fooocus\Fooocus-main_canonical\Fooocus-main\ldm_patched\modules\sd1_tokenizer\special_tokens_map.json","D:\zzipp\جي بي\الكميرا\_organized_generation_workspace_20260612\01_fooocus\Fooocus-main_canonical\Fooocus-main\ldm_patched\modules\sd1_tokenizer\special_tokens_map.json","special_tokens_map.json",".json","472","0","10/03/47 01:28:40 م"
"01_fooocus\Fooocus-main_canonical\Fooocus-main\ldm_patched\modules\sd1_tokenizer\tokenizer_config.json","D:\zzipp\جي بي\الكميرا\_organized_generation_workspace_20260612\01_fooocus\Fooocus-main_canonical\Fooocus-main\ldm_patched\modules\sd1_tokenizer\tokenizer_config.json","tokenizer_config.json",".json","806","0.001","10/03/47 01:28:40 م"
"01_fooocus\Fooocus-main_canonical\Fooocus-main\ldm_patched\modules\sd1_tokenizer\vocab.json","D:\zzipp\جي بي\الكميرا\_organized_generation_workspace_20260612\01_fooocus\Fooocus-main_canonical\Fooocus-main\ldm_patched\modules\sd1_tokenizer\vocab.json","vocab.json",".json","1059962","1.011","10/03/47 01:28:40 م"
"01_fooocus\Fooocus-main_canonical\Fooocus-main\models\clip_vision\wd-v1-4-moat-tagger-v2.csv","D:\zzipp\جي بي\الكميرا\_organized_generation_workspace_20260612\01_fooocus\Fooocus-main_canonical\Fooocus-main\models\clip_vision\wd-v1-4-moat-tagger-v2.csv","wd-v1-4-moat-tagger-v2.csv",".csv","253906","0.242","10/03/47 01:28:40 م"
"01_fooocus\Fooocus-main_canonical\Fooocus-main\models\configs\anything_v3.yaml","D:\zzipp\جي بي\الكميرا\_organized_generation_workspace_20260612\01_fooocus\Fooocus-main_canonical\Fooocus-main\models\configs\anything_v3.yaml","anything_v3.yaml",".yaml","1933","0.002","10/03/47 01:28:40 م"
"01_fooocus\Fooocus-main_canonical\Fooocus-main\models\configs\v1-inference_clip_skip_2_fp16.yaml","D:\zzipp\جي بي\الكميرا\_organized_generation_workspace_20260612\01_fooocus\Fooocus-main_canonical\Fooocus-main\models\configs\v1-inference_clip_skip_2_fp16.yaml","v1-inference_clip_skip_2_fp16.yaml",".yaml","1956","0.002","10/03/47 01:28:40 م"
"01_fooocus\Fooocus-main_canonical\Fooocus-main\models\configs\v1-inference_clip_skip_2.yaml","D:\zzipp\جي بي\الكميرا\_organized_generation_workspace_20260612\01_fooocus\Fooocus-main_canonical\Fooocus-main\models\configs\v1-inference_clip_skip_2.yaml","v1-inference_clip_skip_2.yaml",".yaml","1933","0.002","10/03/47 01:28:40 م"
"01_fooocus\Fooocus-main_canonical\Fooocus-main\models\configs\v1-inference_fp16.yaml","D:\zzipp\جي بي\الكميرا\_organized_generation_workspace_20260612\01_fooocus\Fooocus-main_canonical\Fooocus-main\models\configs\v1-inference_fp16.yaml","v1-inference_fp16.yaml",".yaml","1896","0.002","10/03/47 01:28:40 م"
"01_fooocus\Fooocus-main_canonical\Fooocus-main\models\configs\v1-inference.yaml","D:\zzipp\جي بي\الكميرا\_organized_generation_workspace_20260612\01_fooocus\Fooocus-main_canonical\Fooocus-main\models\configs\v1-inference.yaml","v1-inference.yaml",".yaml","1873","0.002","10/03/47 01:28:40 م"
"01_fooocus\Fooocus-main_canonical\Fooocus-main\models\configs\v1-inpainting-inference.yaml","D:\zzipp\جي بي\الكميرا\_organized_generation_workspace_20260612\01_fooocus\Fooocus-main_canonical\Fooocus-main\models\configs\v1-inpainting-inference.yaml","v1-inpainting-inference.yaml",".yaml","1992","0.002","10/03/47 01:28:40 م"
"01_fooocus\Fooocus-main_canonical\Fooocus-main\models\configs\v2-inference_fp32.yaml","D:\zzipp\جي بي\الكميرا\_organized_generation_workspace_20260612\01_fooocus\Fooocus-main_canonical\Fooocus-main\models\configs\v2-inference_fp32.yaml","v2-inference_fp32.yaml",".yaml","1790","0.002","10/03/47 01:28:40 م"
"01_fooocus\Fooocus-main_canonical\Fooocus-main\models\configs\v2-inference-v_fp32.yaml","D:\zzipp\جي بي\الكميرا\_organized_generation_workspace_20260612\01_fooocus\Fooocus-main_canonical\Fooocus-main\models\configs\v2-inference-v_fp32.yaml","v2-inference-v_fp32.yaml",".yaml","1816","0.002","10/03/47 01:28:40 م"
"01_fooocus\Fooocus-main_canonical\Fooocus-main\models\configs\v2-inference-v.yaml","D:\zzipp\جي بي\الكميرا\_organized_generation_workspace_20260612\01_fooocus\Fooocus-main_canonical\Fooocus-main\models\configs\v2-inference-v.yaml","v2-inference-v.yaml",".yaml","1815","0.002","10/03/47 01:28:40 م"
"01_fooocus\Fooocus-main_canonical\Fooocus-main\models\configs\v2-inference.yaml","D:\zzipp\جي بي\الكميرا\_organized_generation_workspace_20260612\01_fooocus\Fooocus-main_canonical\Fooocus-main\models\configs\v2-inference.yaml","v2-inference.yaml",".yaml","1789","0.002","10/03/47 01:28:40 م"
"01_fooocus\Fooocus-main_canonical\Fooocus-main\models\configs\v2-inpainting-inference.yaml","D:\zzipp\جي بي\الكميرا\_organized_generation_workspace_20260612\01_fooocus\Fooocus-main_canonical\Fooocus-main\models\configs\v2-inpainting-inference.yaml","v2-inpainting-inference.yaml",".yaml","4450","0.004","10/03/47 01:28:40 م"
"01_fooocus\Fooocus-main_canonical\Fooocus-main\models\prompt_expansion\fooocus_expansion\config.json","D:\zzipp\جي بي\الكميرا\_organized_generation_workspace_20260612\01_fooocus\Fooocus-main_canonical\Fooocus-main\models\prompt_expansion\fooocus_expansion\config.json","config.json",".json","937","0.001","10/03/47 01:28:40 م"
"01_fooocus\Fooocus-main_canonical\Fooocus-main\models\prompt_expansion\fooocus_expansion\merges.txt","D:\zzipp\جي بي\الكميرا\_organized_generation_workspace_20260612\01_fooocus\Fooocus-main_canonical\Fooocus-main\models\prompt_expansion\fooocus_expansion\merges.txt","merges.txt",".txt","456356","0.435","10/03/47 01:28:40 م"
"01_fooocus\Fooocus-main_canonical\Fooocus-main\models\prompt_expansion\fooocus_expansion\positive.txt","D:\zzipp\جي بي\الكميرا\_organized_generation_workspace_20260612\01_fooocus\Fooocus-main_canonical\Fooocus-main\models\prompt_expansion\fooocus_expansion\positive.txt","positive.txt",".txt","5655","0.005","10/03/47 01:28:40 م"
"01_fooocus\Fooocus-main_canonical\Fooocus-main\models\prompt_expansion\fooocus_expansion\special_tokens_map.json","D:\zzipp\جي بي\الكميرا\_organized_generation_workspace_20260612\01_fooocus\Fooocus-main_canonical\Fooocus-main\models\prompt_expansion\fooocus_expansion\special_tokens_map.json","special_tokens_map.json",".json","99","0","10/03/47 01:28:40 م"
"01_fooocus\Fooocus-main_canonical\Fooocus-main\models\prompt_expansion\fooocus_expansion\tokenizer_config.json","D:\zzipp\جي بي\الكميرا\_organized_generation_workspace_20260612\01_fooocus\Fooocus-main_canonical\Fooocus-main\models\prompt_expansion\fooocus_expansion\tokenizer_config.json","tokenizer_config.json",".json","255","0","10/03/47 01:28:40 م"
"01_fooocus\Fooocus-main_canonical\Fooocus-main\models\prompt_expansion\fooocus_expansion\tokenizer.json","D:\zzipp\جي بي\الكميرا\_organized_generation_workspace_20260612\01_fooocus\Fooocus-main_canonical\Fooocus-main\models\prompt_expansion\fooocus_expansion\tokenizer.json","tokenizer.json",".json","2107625","2.01","10/03/47 01:28:40 م"
"01_fooocus\Fooocus-main_canonical\Fooocus-main\models\prompt_expansion\fooocus_expansion\vocab.json","D:\zzipp\جي بي\الكميرا\_organized_generation_workspace_20260612\01_fooocus\Fooocus-main_canonical\Fooocus-main\models\prompt_expansion\fooocus_expansion\vocab.json","vocab.json",".json","798156","0.761","10/03/47 01:28:40 م"
"01_fooocus\Fooocus-main_canonical\Fooocus-main\presets\anime.json","D:\zzipp\جي بي\الكميرا\_organized_generation_workspace_20260612\01_fooocus\Fooocus-main_canonical\Fooocus-main\presets\anime.json","anime.json",".json","1523","0.001","10/03/47 01:28:40 م"
"01_fooocus\Fooocus-main_canonical\Fooocus-main\presets\default.json","D:\zzipp\جي بي\الكميرا\_organized_generation_workspace_20260612\01_fooocus\Fooocus-main_canonical\Fooocus-main\presets\default.json","default.json",".json","1734","0.002","10/03/47 01:28:40 م"
"01_fooocus\Fooocus-main_canonical\Fooocus-main\presets\lcm.json","D:\zzipp\جي بي\الكميرا\_organized_generation_workspace_20260612\01_fooocus\Fooocus-main_canonical\Fooocus-main\presets\lcm.json","lcm.json",".json","1526","0.001","10/03/47 01:28:40 م"
"01_fooocus\Fooocus-main_canonical\Fooocus-main\presets\lightning.json","D:\zzipp\جي بي\الكميرا\_organized_generation_workspace_20260612\01_fooocus\Fooocus-main_canonical\Fooocus-main\presets\lightning.json","lightning.json",".json","1488","0.001","10/03/47 01:28:40 م"
"01_fooocus\Fooocus-main_canonical\Fooocus-main\presets\playground_v2.5.json","D:\zzipp\جي بي\الكميرا\_organized_generation_workspace_20260612\01_fooocus\Fooocus-main_canonical\Fooocus-main\presets\playground_v2.5.json","playground_v2.5.json",".json","1268","0.001","10/03/47 01:28:40 م"
"01_fooocus\Fooocus-main_canonical\Fooocus-main\presets\pony_v6.json","D:\zzipp\جي بي\الكميرا\_organized_generation_workspace_20260612\01_fooocus\Fooocus-main_canonical\Fooocus-main\presets\pony_v6.json","pony_v6.json",".json","1396","0.001","10/03/47 01:28:40 م"
"01_fooocus\Fooocus-main_canonical\Fooocus-main\presets\realistic.json","D:\zzipp\جي بي\الكميرا\_organized_generation_workspace_20260612\01_fooocus\Fooocus-main_canonical\Fooocus-main\presets\realistic.json","realistic.json",".json","1616","0.002","10/03/47 01:28:40 م"
"01_fooocus\Fooocus-main_canonical\Fooocus-main\presets\sai.json","D:\zzipp\جي بي\الكميرا\_organized_generation_workspace_20260612\01_fooocus\Fooocus-main_canonical\Fooocus-main\presets\sai.json","sai.json",".json","1632","0.002","10/03/47 01:28:40 م"
"01_fooocus\Fooocus-main_canonical\Fooocus-main\sdxl_styles\sdxl_styles_diva.json","D:\zzipp\جي بي\الكميرا\_organized_generation_workspace_20260612\01_fooocus\Fooocus-main_canonical\Fooocus-main\sdxl_styles\sdxl_styles_diva.json","sdxl_styles_diva.json",".json","18395","0.018","10/03/47 01:28:40 م"
"01_fooocus\Fooocus-main_canonical\Fooocus-main\sdxl_styles\sdxl_styles_fooocus.json","D:\zzipp\جي بي\الكميرا\_organized_generation_workspace_20260612\01_fooocus\Fooocus-main_canonical\Fooocus-main\sdxl_styles\sdxl_styles_fooocus.json","sdxl_styles_fooocus.json",".json","4569","0.004","10/03/47 01:28:40 م"
"01_fooocus\Fooocus-main_canonical\Fooocus-main\sdxl_styles\sdxl_styles_marc_k3nt3l.json","D:\zzipp\جي بي\الكميرا\_organized_generation_workspace_20260612\01_fooocus\Fooocus-main_canonical\Fooocus-main\sdxl_styles\sdxl_styles_marc_k3nt3l.json","sdxl_styles_marc_k3nt3l.json",".json","22078","0.021","10/03/47 01:28:40 م"
"01_fooocus\Fooocus-main_canonical\Fooocus-main\sdxl_styles\sdxl_styles_mre.json","D:\zzipp\جي بي\الكميرا\_organized_generation_workspace_20260612\01_fooocus\Fooocus-main_canonical\Fooocus-main\sdxl_styles\sdxl_styles_mre.json","sdxl_styles_mre.json",".json","6658","0.006","10/03/47 01:28:40 م"
"01_fooocus\Fooocus-main_canonical\Fooocus-main\sdxl_styles\sdxl_styles_sai.json","D:\zzipp\جي بي\الكميرا\_organized_generation_workspace_20260612\01_fooocus\Fooocus-main_canonical\Fooocus-main\sdxl_styles\sdxl_styles_sai.json","sdxl_styles_sai.json",".json","4962","0.005","10/03/47 01:28:40 م"
"01_fooocus\Fooocus-main_canonical\Fooocus-main\sdxl_styles\sdxl_styles_twri.json","D:\zzipp\جي بي\الكميرا\_organized_generation_workspace_20260612\01_fooocus\Fooocus-main_canonical\Fooocus-main\sdxl_styles\sdxl_styles_twri.json","sdxl_styles_twri.json",".json","24290","0.023","10/03/47 01:28:40 م"
"01_fooocus\Fooocus-main_canonical\Fooocus-main\wildcards\animal.txt","D:\zzipp\جي بي\الكميرا\_organized_generation_workspace_20260612\01_fooocus\Fooocus-main_canonical\Fooocus-main\wildcards\animal.txt","animal.txt",".txt","738","0.001","10/03/47 01:28:40 م"
"01_fooocus\Fooocus-main_canonical\Fooocus-main\wildcards\artist.txt","D:\zzipp\جي بي\الكميرا\_organized_generation_workspace_20260612\01_fooocus\Fooocus-main_canonical\Fooocus-main\wildcards\artist.txt","artist.txt",".txt","41560","0.04","10/03/47 01:28:40 م"
"01_fooocus\Fooocus-main_canonical\Fooocus-main\wildcards\color_flower.txt","D:\zzipp\جي بي\الكميرا\_organized_generation_workspace_20260612\01_fooocus\Fooocus-main_canonical\Fooocus-main\wildcards\color_flower.txt","color_flower.txt",".txt","21","0","10/03/47 01:28:40 م"
"01_fooocus\Fooocus-main_canonical\Fooocus-main\wildcards\color.txt","D:\zzipp\جي بي\الكميرا\_organized_generation_workspace_20260612\01_fooocus\Fooocus-main_canonical\Fooocus-main\wildcards\color.txt","color.txt",".txt","101","0","10/03/47 01:28:40 م"
"01_fooocus\Fooocus-main_canonical\Fooocus-main\wildcards\extended-color.txt","D:\zzipp\جي بي\الكميرا\_organized_generation_workspace_20260612\01_fooocus\Fooocus-main_canonical\Fooocus-main\wildcards\extended-color.txt","extended-color.txt",".txt","1456","0.001","10/03/47 01:28:40 م"
"01_fooocus\Fooocus-main_canonical\Fooocus-main\wildcards\flower.txt","D:\zzipp\جي بي\الكميرا\_organized_generation_workspace_20260612\01_fooocus\Fooocus-main_canonical\Fooocus-main\wildcards\flower.txt","flower.txt",".txt","3159","0.003","10/03/47 01:28:40 م"
"01_fooocus\Fooocus-main_canonical\Fooocus-main\wildcards\nationality.txt","D:\zzipp\جي بي\الكميرا\_organized_generation_workspace_20260612\01_fooocus\Fooocus-main_canonical\Fooocus-main\wildcards\nationality.txt","nationality.txt",".txt","1888","0.002","10/03/47 01:28:40 م"
"01_fooocus\Fooocus-release_minimal\Fooocus-release\environment.yaml","D:\zzipp\جي بي\الكميرا\_organized_generation_workspace_20260612\01_fooocus\Fooocus-release_minimal\Fooocus-release\environment.yaml","environment.yaml",".yaml","94","0","24/01/45 10:50:02 ص"
"01_fooocus\Fooocus-release_minimal\Fooocus-release\requirements_versions.txt","D:\zzipp\جي بي\الكميرا\_organized_generation_workspace_20260612\01_fooocus\Fooocus-release_minimal\Fooocus-release\requirements_versions.txt","requirements_versions.txt",".txt","250","0","24/01/45 10:50:02 ص"
"01_fooocus\Fooocus-release_minimal\Fooocus-release\models\configs\anything_v3.yaml","D:\zzipp\جي بي\الكميرا\_organized_generation_workspace_20260612\01_fooocus\Fooocus-release_minimal\Fooocus-release\models\configs\anything_v3.yaml","anything_v3.yaml",".yaml","1933","0.002","24/01/45 10:50:02 ص"
"01_fooocus\Fooocus-release_minimal\Fooocus-release\models\configs\v1-inference_clip_skip_2_fp16.yaml","D:\zzipp\جي بي\الكميرا\_organized_generation_workspace_20260612\01_fooocus\Fooocus-release_minimal\Fooocus-release\models\configs\v1-inference_clip_skip_2_fp16.yaml","v1-inference_clip_skip_2_fp16.yaml",".yaml","1956","0.002","24/01/45 10:50:02 ص"
"01_fooocus\Fooocus-release_minimal\Fooocus-release\models\configs\v1-inference_clip_skip_2.yaml","D:\zzipp\جي بي\الكميرا\_organized_generation_workspace_20260612\01_fooocus\Fooocus-release_minimal\Fooocus-release\models\configs\v1-inference_clip_skip_2.yaml","v1-inference_clip_skip_2.yaml",".yaml","1933","0.002","24/01/45 10:50:02 ص"
"01_fooocus\Fooocus-release_minimal\Fooocus-release\models\configs\v1-inference_fp16.yaml","D:\zzipp\جي بي\الكميرا\_organized_generation_workspace_20260612\01_fooocus\Fooocus-release_minimal\Fooocus-release\models\configs\v1-inference_fp16.yaml","v1-inference_fp16.yaml",".yaml","1896","0.002","24/01/45 10:50:02 ص"
"01_fooocus\Fooocus-release_minimal\Fooocus-release\models\configs\v1-inference.yaml","D:\zzipp\جي بي\الكميرا\_organized_generation_workspace_20260612\01_fooocus\Fooocus-release_minimal\Fooocus-release\models\configs\v1-inference.yaml","v1-inference.yaml",".yaml","1873","0.002","24/01/45 10:50:02 ص"
"01_fooocus\Fooocus-release_minimal\Fooocus-release\models\configs\v1-inpainting-inference.yaml","D:\zzipp\جي بي\الكميرا\_organized_generation_workspace_20260612\01_fooocus\Fooocus-release_minimal\Fooocus-release\models\configs\v1-inpainting-inference.yaml","v1-inpainting-inference.yaml",".yaml","1992","0.002","24/01/45 10:50:02 ص"
"01_fooocus\Fooocus-release_minimal\Fooocus-release\models\configs\v2-inference_fp32.yaml","D:\zzipp\جي بي\الكميرا\_organized_generation_workspace_20260612\01_fooocus\Fooocus-release_minimal\Fooocus-release\models\configs\v2-inference_fp32.yaml","v2-inference_fp32.yaml",".yaml","1790","0.002","24/01/45 10:50:02 ص"
"01_fooocus\Fooocus-release_minimal\Fooocus-release\models\configs\v2-inference-v_fp32.yaml","D:\zzipp\جي بي\الكميرا\_organized_generation_workspace_20260612\01_fooocus\Fooocus-release_minimal\Fooocus-release\models\configs\v2-inference-v_fp32.yaml","v2-inference-v_fp32.yaml",".yaml","1816","0.002","24/01/45 10:50:02 ص"
"01_fooocus\Fooocus-release_minimal\Fooocus-release\models\configs\v2-inference-v.yaml","D:\zzipp\جي بي\الكميرا\_organized_generation_workspace_20260612\01_fooocus\Fooocus-release_minimal\Fooocus-release\models\configs\v2-inference-v.yaml","v2-inference-v.yaml",".yaml","1815","0.002","24/01/45 10:50:02 ص"
"01_fooocus\Fooocus-release_minimal\Fooocus-release\models\configs\v2-inference.yaml","D:\zzipp\جي بي\الكميرا\_organized_generation_workspace_20260612\01_fooocus\Fooocus-release_minimal\Fooocus-release\models\configs\v2-inference.yaml","v2-inference.yaml",".yaml","1789","0.002","24/01/45 10:50:02 ص"
"01_fooocus\Fooocus-release_minimal\Fooocus-release\models\configs\v2-inpainting-inference.yaml","D:\zzipp\جي بي\الكميرا\_organized_generation_workspace_20260612\01_fooocus\Fooocus-release_minimal\Fooocus-release\models\configs\v2-inpainting-inference.yaml","v2-inpainting-inference.yaml",".yaml","4450","0.004","24/01/45 10:50:02 ص"
"01_fooocus\entry_with_update_full\auth-example.json","D:\zzipp\جي بي\الكميرا\_organized_generation_workspace_20260612\01_fooocus\entry_with_update_full\auth-example.json","auth-example.json",".json","117","0","14/04/45 02:24:20 ص"
"01_fooocus\entry_with_update_full\config_modification_tutorial.txt","D:\zzipp\جي بي\الكميرا\_organized_generation_workspace_20260612\01_fooocus\entry_with_update_full\config_modification_tutorial.txt","config_modification_tutorial.txt",".txt","8567","0.008","26/12/47 06:07:40 م"
"01_fooocus\entry_with_update_full\config.txt","D:\zzipp\جي بي\الكميرا\_organized_generation_workspace_20260612\01_fooocus\entry_with_update_full\config.txt","config.txt",".txt","1339","0.001","28/10/47 02:20:42 م"
"01_fooocus\entry_with_update_full\docker-compose.yml","D:\zzipp\جي بي\الكميرا\_organized_generation_workspace_20260612\01_fooocus\entry_with_update_full\docker-compose.yml","docker-compose.yml",".yml","1519","0.001","11/01/46 01:20:50 م"
"01_fooocus\entry_with_update_full\environment.yaml","D:\zzipp\جي بي\الكميرا\_organized_generation_workspace_20260612\01_fooocus\entry_with_update_full\environment.yaml","environment.yaml",".yaml","101","0","24/01/45 07:53:10 م"
"01_fooocus\entry_with_update_full\hash_cache.txt","D:\zzipp\جي بي\الكميرا\_organized_generation_workspace_20260612\01_fooocus\entry_with_update_full\hash_cache.txt","hash_cache.txt",".txt","0","0","26/12/47 06:07:44 م"
"01_fooocus\entry_with_update_full\requirements_docker.txt","D:\zzipp\جي بي\الكميرا\_organized_generation_workspace_20260612\01_fooocus\entry_with_update_full\requirements_docker.txt","requirements_docker.txt",".txt","35","0","11/01/46 01:20:50 م"
"01_fooocus\entry_with_update_full\requirements_versions.txt","D:\zzipp\جي بي\الكميرا\_organized_generation_workspace_20260612\01_fooocus\entry_with_update_full\requirements_versions.txt","requirements_versions.txt",".txt","450","0","11/01/46 01:20:50 م"
"01_fooocus\entry_with_update_full\.github\dependabot.yml","D:\zzipp\جي بي\الكميرا\_organized_generation_workspace_20260612\01_fooocus\entry_with_update_full\.github\dependabot.yml","dependabot.yml",".yml","123","0","11/01/46 01:20:50 م"
"01_fooocus\entry_with_update_full\.github\ISSUE_TEMPLATE\bug_report.yml","D:\zzipp\جي بي\الكميرا\_organized_generation_workspace_20260612\01_fooocus\entry_with_update_full\.github\ISSUE_TEMPLATE\bug_report.yml","bug_report.yml",".yml","3854","0.004","28/10/47 02:20:16 م"
"01_fooocus\entry_with_update_full\.github\ISSUE_TEMPLATE\config.yml","D:\zzipp\جي بي\الكميرا\_organized_generation_workspace_20260612\01_fooocus\entry_with_update_full\.github\ISSUE_TEMPLATE\config.yml","config.yml",".yml","185","0","11/01/46 01:20:50 م"
"01_fooocus\entry_with_update_full\.github\ISSUE_TEMPLATE\feature_request.yml","D:\zzipp\جي بي\الكميرا\_organized_generation_workspace_20260612\01_fooocus\entry_with_update_full\.github\ISSUE_TEMPLATE\feature_request.yml","feature_request.yml",".yml","1460","0.001","11/01/46 01:20:50 م"
"01_fooocus\entry_with_update_full\.github\workflows\build_container.yml","D:\zzipp\جي بي\الكميرا\_organized_generation_workspace_20260612\01_fooocus\entry_with_update_full\.github\workflows\build_container.yml","build_container.yml",".yml","1236","0.001","28/10/47 02:20:16 م"
"01_fooocus\entry_with_update_full\extras\BLIP\configs\bert_config.json","D:\zzipp\جي بي\الكميرا\_organized_generation_workspace_20260612\01_fooocus\entry_with_update_full\extras\BLIP\configs\bert_config.json","bert_config.json",".json","506","0","29/05/45 06:51:44 ص"
"01_fooocus\entry_with_update_full\extras\BLIP\configs\caption_coco.yaml","D:\zzipp\جي بي\الكميرا\_organized_generation_workspace_20260612\01_fooocus\entry_with_update_full\extras\BLIP\configs\caption_coco.yaml","caption_coco.yaml",".yaml","684","0.001","29/05/45 06:51:44 ص"
"01_fooocus\entry_with_update_full\extras\BLIP\configs\med_config.json","D:\zzipp\جي بي\الكميرا\_organized_generation_workspace_20260612\01_fooocus\entry_with_update_full\extras\BLIP\configs\med_config.json","med_config.json",".json","506","0","29/05/45 06:51:44 ص"
"01_fooocus\entry_with_update_full\extras\BLIP\configs\nlvr.yaml","D:\zzipp\جي بي\الكميرا\_organized_generation_workspace_20260612\01_fooocus\entry_with_update_full\extras\BLIP\configs\nlvr.yaml","nlvr.yaml",".yaml","462","0","29/05/45 06:51:44 ص"
"01_fooocus\entry_with_update_full\extras\BLIP\configs\nocaps.yaml","D:\zzipp\جي بي\الكميرا\_organized_generation_workspace_20260612\01_fooocus\entry_with_update_full\extras\BLIP\configs\nocaps.yaml","nocaps.yaml",".yaml","366","0","29/05/45 06:51:44 ص"
"01_fooocus\entry_with_update_full\extras\BLIP\configs\pretrain.yaml","D:\zzipp\جي بي\الكميرا\_organized_generation_workspace_20260612\01_fooocus\entry_with_update_full\extras\BLIP\configs\pretrain.yaml","pretrain.yaml",".yaml","506","0","29/05/45 06:51:44 ص"
"01_fooocus\entry_with_update_full\extras\BLIP\configs\retrieval_coco.yaml","D:\zzipp\جي بي\الكميرا\_organized_generation_workspace_20260612\01_fooocus\entry_with_update_full\extras\BLIP\configs\retrieval_coco.yaml","retrieval_coco.yaml",".yaml","689","0.001","29/05/45 06:51:44 ص"
"01_fooocus\entry_with_update_full\extras\BLIP\configs\retrieval_flickr.yaml","D:\zzipp\جي بي\الكميرا\_organized_generation_workspace_20260612\01_fooocus\entry_with_update_full\extras\BLIP\configs\retrieval_flickr.yaml","retrieval_flickr.yaml",".yaml","692","0.001","29/05/45 06:51:44 ص"
"01_fooocus\entry_with_update_full\extras\BLIP\configs\retrieval_msrvtt.yaml","D:\zzipp\جي بي\الكميرا\_organized_generation_workspace_20260612\01_fooocus\entry_with_update_full\extras\BLIP\configs\retrieval_msrvtt.yaml","retrieval_msrvtt.yaml",".yaml","365","0","29/05/45 06:51:44 ص"
"01_fooocus\entry_with_update_full\extras\BLIP\configs\vqa.yaml","D:\zzipp\جي بي\الكميرا\_organized_generation_workspace_20260612\01_fooocus\entry_with_update_full\extras\BLIP\configs\vqa.yaml","vqa.yaml",".yaml","663","0.001","29/05/45 06:51:44 ص"
"01_fooocus\entry_with_update_full\extras\BLIP\models\bert_tokenizer\config.json","D:\zzipp\جي بي\الكميرا\_organized_generation_workspace_20260612\01_fooocus\entry_with_update_full\extras\BLIP\models\bert_tokenizer\config.json","config.json",".json","593","0.001","11/01/46 01:20:50 م"
"01_fooocus\entry_with_update_full\extras\BLIP\models\bert_tokenizer\tokenizer_config.json","D:\zzipp\جي بي\الكميرا\_organized_generation_workspace_20260612\01_fooocus\entry_with_update_full\extras\BLIP\models\bert_tokenizer\tokenizer_config.json","tokenizer_config.json",".json","31","0","11/01/46 01:20:50 م"
"01_fooocus\entry_with_update_full\extras\BLIP\models\bert_tokenizer\tokenizer.json","D:\zzipp\جي بي\الكميرا\_organized_generation_workspace_20260612\01_fooocus\entry_with_update_full\extras\BLIP\models\bert_tokenizer\tokenizer.json","tokenizer.json",".json","466062","0.444","11/01/46 01:20:50 م"
"01_fooocus\entry_with_update_full\extras\BLIP\models\bert_tokenizer\vocab.txt","D:\zzipp\جي بي\الكميرا\_organized_generation_workspace_20260612\01_fooocus\entry_with_update_full\extras\BLIP\models\bert_tokenizer\vocab.txt","vocab.txt",".txt","262030","0.25","11/01/46 01:20:50 م"
"01_fooocus\entry_with_update_full\extras\safety_checker\configs\config.json","D:\zzipp\جي بي\الكميرا\_organized_generation_workspace_20260612\01_fooocus\entry_with_update_full\extras\safety_checker\configs\config.json","config.json",".json","4720","0.005","11/01/46 01:20:50 م"
"01_fooocus\entry_with_update_full\extras\safety_checker\configs\preprocessor_config.json","D:\zzipp\جي بي\الكميرا\_organized_generation_workspace_20260612\01_fooocus\entry_with_update_full\extras\safety_checker\configs\preprocessor_config.json","preprocessor_config.json",".json","362","0","11/01/46 01:20:50 م"
"01_fooocus\entry_with_update_full\language\en.json","D:\zzipp\جي بي\الكميرا\_organized_generation_workspace_20260612\01_fooocus\entry_with_update_full\language\en.json","en.json",".json","25590","0.024","28/10/47 02:20:16 م"
"01_fooocus\entry_with_update_full\language\example.json","D:\zzipp\جي بي\الكميرا\_organized_generation_workspace_20260612\01_fooocus\entry_with_update_full\language\example.json","example.json",".json","126","0","14/04/45 02:24:20 ص"
"01_fooocus\entry_with_update_full\ldm_patched\modules\clip_config_bigg.json","D:\zzipp\جي بي\الكميرا\_organized_generation_workspace_20260612\01_fooocus\entry_with_update_full\ldm_patched\modules\clip_config_bigg.json","clip_config_bigg.json",".json","543","0.001","29/05/45 06:51:44 ص"
"01_fooocus\entry_with_update_full\ldm_patched\modules\clip_vision_config_g.json","D:\zzipp\جي بي\الكميرا\_organized_generation_workspace_20260612\01_fooocus\entry_with_update_full\ldm_patched\modules\clip_vision_config_g.json","clip_vision_config_g.json",".json","437","0","29/05/45 06:51:44 ص"
"01_fooocus\entry_with_update_full\ldm_patched\modules\clip_vision_config_h.json","D:\zzipp\جي بي\الكميرا\_organized_generation_workspace_20260612\01_fooocus\entry_with_update_full\ldm_patched\modules\clip_vision_config_h.json","clip_vision_config_h.json",".json","437","0","29/05/45 06:51:44 ص"
"01_fooocus\entry_with_update_full\ldm_patched\modules\clip_vision_config_vitl.json","D:\zzipp\جي بي\الكميرا\_organized_generation_workspace_20260612\01_fooocus\entry_with_update_full\ldm_patched\modules\clip_vision_config_vitl.json","clip_vision_config_vitl.json",".json","442","0","29/05/45 06:51:44 ص"
"01_fooocus\entry_with_update_full\ldm_patched\modules\sd1_clip_config.json","D:\zzipp\جي بي\الكميرا\_organized_generation_workspace_20260612\01_fooocus\entry_with_update_full\ldm_patched\modules\sd1_clip_config.json","sd1_clip_config.json",".json","637","0.001","29/05/45 06:51:44 ص"
"01_fooocus\entry_with_update_full\ldm_patched\modules\sd2_clip_config.json","D:\zzipp\جي بي\الكميرا\_organized_generation_workspace_20260612\01_fooocus\entry_with_update_full\ldm_patched\modules\sd2_clip_config.json","sd2_clip_config.json",".json","543","0.001","29/05/45 06:51:44 ص"
"01_fooocus\entry_with_update_full\ldm_patched\modules\sd1_tokenizer\merges.txt","D:\zzipp\جي بي\الكميرا\_organized_generation_workspace_20260612\01_fooocus\entry_with_update_full\ldm_patched\modules\sd1_tokenizer\merges.txt","merges.txt",".txt","573514","0.547","29/05/45 06:51:44 ص"
"01_fooocus\entry_with_update_full\ldm_patched\modules\sd1_tokenizer\special_tokens_map.json","D:\zzipp\جي بي\الكميرا\_organized_generation_workspace_20260612\01_fooocus\entry_with_update_full\ldm_patched\modules\sd1_tokenizer\special_tokens_map.json","special_tokens_map.json",".json","496","0","29/05/45 06:51:44 ص"
"01_fooocus\entry_with_update_full\ldm_patched\modules\sd1_tokenizer\tokenizer_config.json","D:\zzipp\جي بي\الكميرا\_organized_generation_workspace_20260612\01_fooocus\entry_with_update_full\ldm_patched\modules\sd1_tokenizer\tokenizer_config.json","tokenizer_config.json",".json","840","0.001","29/05/45 06:51:44 ص"
"01_fooocus\entry_with_update_full\ldm_patched\modules\sd1_tokenizer\vocab.json","D:\zzipp\جي بي\الكميرا\_organized_generation_workspace_20260612\01_fooocus\entry_with_update_full\ldm_patched\modules\sd1_tokenizer\vocab.json","vocab.json",".json","1109372","1.058","29/05/45 06:51:44 ص"
"01_fooocus\entry_with_update_full\models\clip_vision\wd-v1-4-moat-tagger-v2.csv","D:\zzipp\جي بي\الكميرا\_organized_generation_workspace_20260612\01_fooocus\entry_with_update_full\models\clip_vision\wd-v1-4-moat-tagger-v2.csv","wd-v1-4-moat-tagger-v2.csv",".csv","262990","0.251","11/01/46 01:20:50 م"
"01_fooocus\entry_with_update_full\models\configs\anything_v3.yaml","D:\zzipp\جي بي\الكميرا\_organized_generation_workspace_20260612\01_fooocus\entry_with_update_full\models\configs\anything_v3.yaml","anything_v3.yaml",".yaml","2006","0.002","24/01/45 07:53:10 م"
"01_fooocus\entry_with_update_full\models\configs\v1-inference_clip_skip_2_fp16.yaml","D:\zzipp\جي بي\الكميرا\_organized_generation_workspace_20260612\01_fooocus\entry_with_update_full\models\configs\v1-inference_clip_skip_2_fp16.yaml","v1-inference_clip_skip_2_fp16.yaml",".yaml","2030","0.002","24/01/45 07:53:10 م"
"01_fooocus\entry_with_update_full\models\configs\v1-inference_clip_skip_2.yaml","D:\zzipp\جي بي\الكميرا\_organized_generation_workspace_20260612\01_fooocus\entry_with_update_full\models\configs\v1-inference_clip_skip_2.yaml","v1-inference_clip_skip_2.yaml",".yaml","2006","0.002","24/01/45 07:53:10 م"
"01_fooocus\entry_with_update_full\models\configs\v1-inference_fp16.yaml","D:\zzipp\جي بي\الكميرا\_organized_generation_workspace_20260612\01_fooocus\entry_with_update_full\models\configs\v1-inference_fp16.yaml","v1-inference_fp16.yaml",".yaml","1967","0.002","24/01/45 07:53:10 م"
"01_fooocus\entry_with_update_full\models\configs\v1-inference.yaml","D:\zzipp\جي بي\الكميرا\_organized_generation_workspace_20260612\01_fooocus\entry_with_update_full\models\configs\v1-inference.yaml","v1-inference.yaml",".yaml","1943","0.002","24/01/45 07:53:10 م"
"01_fooocus\entry_with_update_full\models\configs\v1-inpainting-inference.yaml","D:\zzipp\جي بي\الكميرا\_organized_generation_workspace_20260612\01_fooocus\entry_with_update_full\models\configs\v1-inpainting-inference.yaml","v1-inpainting-inference.yaml",".yaml","2063","0.002","24/01/45 07:53:10 م"
"01_fooocus\entry_with_update_full\models\configs\v2-inference_fp32.yaml","D:\zzipp\جي بي\الكميرا\_organized_generation_workspace_20260612\01_fooocus\entry_with_update_full\models\configs\v2-inference_fp32.yaml","v2-inference_fp32.yaml",".yaml","1857","0.002","24/01/45 07:53:10 م"
"01_fooocus\entry_with_update_full\models\configs\v2-inference-v_fp32.yaml","D:\zzipp\جي بي\الكميرا\_organized_generation_workspace_20260612\01_fooocus\entry_with_update_full\models\configs\v2-inference-v_fp32.yaml","v2-inference-v_fp32.yaml",".yaml","1884","0.002","24/01/45 07:53:10 م"
"01_fooocus\entry_with_update_full\models\configs\v2-inference-v.yaml","D:\zzipp\جي بي\الكميرا\_organized_generation_workspace_20260612\01_fooocus\entry_with_update_full\models\configs\v2-inference-v.yaml","v2-inference-v.yaml",".yaml","1883","0.002","24/01/45 07:53:10 م"
"01_fooocus\entry_with_update_full\models\configs\v2-inference.yaml","D:\zzipp\جي بي\الكميرا\_organized_generation_workspace_20260612\01_fooocus\entry_with_update_full\models\configs\v2-inference.yaml","v2-inference.yaml",".yaml","1856","0.002","24/01/45 07:53:10 م"
"01_fooocus\entry_with_update_full\models\configs\v2-inpainting-inference.yaml","D:\zzipp\جي بي\الكميرا\_organized_generation_workspace_20260612\01_fooocus\entry_with_update_full\models\configs\v2-inpainting-inference.yaml","v2-inpainting-inference.yaml",".yaml","4608","0.004","24/01/45 07:53:10 م"
"01_fooocus\entry_with_update_full\models\prompt_expansion\fooocus_expansion\config.json","D:\zzipp\جي بي\الكميرا\_organized_generation_workspace_20260612\01_fooocus\entry_with_update_full\models\prompt_expansion\fooocus_expansion\config.json","config.json",".json","977","0.001","23/03/45 11:51:30 ص"
"01_fooocus\entry_with_update_full\models\prompt_expansion\fooocus_expansion\merges.txt","D:\zzipp\جي بي\الكميرا\_organized_generation_workspace_20260612\01_fooocus\entry_with_update_full\models\prompt_expansion\fooocus_expansion\merges.txt","merges.txt",".txt","506357","0.483","25/02/45 04:22:22 ص"
"01_fooocus\entry_with_update_full\models\prompt_expansion\fooocus_expansion\positive.txt","D:\zzipp\جي بي\الكميرا\_organized_generation_workspace_20260612\01_fooocus\entry_with_update_full\models\prompt_expansion\fooocus_expansion\positive.txt","positive.txt",".txt","6297","0.006","28/04/45 10:06:30 ص"
"01_fooocus\entry_with_update_full\models\prompt_expansion\fooocus_expansion\special_tokens_map.json","D:\zzipp\جي بي\الكميرا\_organized_generation_workspace_20260612\01_fooocus\entry_with_update_full\models\prompt_expansion\fooocus_expansion\special_tokens_map.json","special_tokens_map.json",".json","104","0","25/02/45 04:22:22 ص"
"01_fooocus\entry_with_update_full\models\prompt_expansion\fooocus_expansion\tokenizer_config.json","D:\zzipp\جي بي\الكميرا\_organized_generation_workspace_20260612\01_fooocus\entry_with_update_full\models\prompt_expansion\fooocus_expansion\tokenizer_config.json","tokenizer_config.json",".json","265","0","25/02/45 04:22:22 ص"
"01_fooocus\entry_with_update_full\models\prompt_expansion\fooocus_expansion\tokenizer.json","D:\zzipp\جي بي\الكميرا\_organized_generation_workspace_20260612\01_fooocus\entry_with_update_full\models\prompt_expansion\fooocus_expansion\tokenizer.json","tokenizer.json",".json","2207928","2.106","25/02/45 04:22:22 ص"
"01_fooocus\entry_with_update_full\models\prompt_expansion\fooocus_expansion\vocab.json","D:\zzipp\جي بي\الكميرا\_organized_generation_workspace_20260612\01_fooocus\entry_with_update_full\models\prompt_expansion\fooocus_expansion\vocab.json","vocab.json",".json","798156","0.761","25/02/45 04:22:22 ص"
"01_fooocus\entry_with_update_full\presets\anime.json","D:\zzipp\جي بي\الكميرا\_organized_generation_workspace_20260612\01_fooocus\entry_with_update_full\presets\anime.json","anime.json",".json","1583","0.002","11/01/46 01:20:50 م"
"01_fooocus\entry_with_update_full\presets\default.json","D:\zzipp\جي بي\الكميرا\_organized_generation_workspace_20260612\01_fooocus\entry_with_update_full\presets\default.json","default.json",".json","1793","0.002","11/01/46 01:20:50 م"
"01_fooocus\entry_with_update_full\presets\lcm.json","D:\zzipp\جي بي\الكميرا\_organized_generation_workspace_20260612\01_fooocus\entry_with_update_full\presets\lcm.json","lcm.json",".json","1583","0.002","11/01/46 01:20:50 م"
"01_fooocus\entry_with_update_full\presets\lightning.json","D:\zzipp\جي بي\الكميرا\_organized_generation_workspace_20260612\01_fooocus\entry_with_update_full\presets\lightning.json","lightning.json",".json","1544","0.001","11/01/46 01:20:50 م"
"01_fooocus\entry_with_update_full\presets\playground_v2.5.json","D:\zzipp\جي بي\الكميرا\_organized_generation_workspace_20260612\01_fooocus\entry_with_update_full\presets\playground_v2.5.json","playground_v2.5.json",".json","1318","0.001","11/01/46 01:20:50 م"
"01_fooocus\entry_with_update_full\presets\pony_v6.json","D:\zzipp\جي بي\الكميرا\_organized_generation_workspace_20260612\01_fooocus\entry_with_update_full\presets\pony_v6.json","pony_v6.json",".json","1450","0.001","11/01/46 01:20:50 م"
"01_fooocus\entry_with_update_full\presets\realistic.json","D:\zzipp\جي بي\الكميرا\_organized_generation_workspace_20260612\01_fooocus\entry_with_update_full\presets\realistic.json","realistic.json",".json","1669","0.002","11/01/46 01:20:50 م"
"01_fooocus\entry_with_update_full\presets\sai.json","D:\zzipp\جي بي\الكميرا\_organized_generation_workspace_20260612\01_fooocus\entry_with_update_full\presets\sai.json","sai.json",".json","1685","0.002","11/01/46 01:20:50 م"
"01_fooocus\entry_with_update_full\sdxl_styles\sdxl_styles_diva.json","D:\zzipp\جي بي\الكميرا\_organized_generation_workspace_20260612\01_fooocus\entry_with_update_full\sdxl_styles\sdxl_styles_diva.json","sdxl_styles_diva.json",".json","18792","0.018","14/04/45 02:24:20 ص"
"01_fooocus\entry_with_update_full\sdxl_styles\sdxl_styles_fooocus.json","D:\zzipp\جي بي\الكميرا\_organized_generation_workspace_20260612\01_fooocus\entry_with_update_full\sdxl_styles\sdxl_styles_fooocus.json","sdxl_styles_fooocus.json",".json","4608","0.004","11/01/46 01:20:50 م"
"01_fooocus\entry_with_update_full\sdxl_styles\sdxl_styles_marc_k3nt3l.json","D:\zzipp\جي بي\الكميرا\_organized_generation_workspace_20260612\01_fooocus\entry_with_update_full\sdxl_styles\sdxl_styles_marc_k3nt3l.json","sdxl_styles_marc_k3nt3l.json",".json","22390","0.021","11/01/46 01:20:50 م"
"01_fooocus\entry_with_update_full\sdxl_styles\sdxl_styles_mre.json","D:\zzipp\جي بي\الكميرا\_organized_generation_workspace_20260612\01_fooocus\entry_with_update_full\sdxl_styles\sdxl_styles_mre.json","sdxl_styles_mre.json",".json","6770","0.006","14/04/45 02:24:20 ص"
"01_fooocus\entry_with_update_full\sdxl_styles\sdxl_styles_sai.json","D:\zzipp\جي بي\الكميرا\_organized_generation_workspace_20260612\01_fooocus\entry_with_update_full\sdxl_styles\sdxl_styles_sai.json","sdxl_styles_sai.json",".json","5048","0.005","14/04/45 02:24:20 ص"
"01_fooocus\entry_with_update_full\sdxl_styles\sdxl_styles_twri.json","D:\zzipp\جي بي\الكميرا\_organized_generation_workspace_20260612\01_fooocus\entry_with_update_full\sdxl_styles\sdxl_styles_twri.json","sdxl_styles_twri.json",".json","24736","0.024","14/04/45 02:24:20 ص"
"01_fooocus\entry_with_update_full\wildcards\animal.txt","D:\zzipp\جي بي\الكميرا\_organized_generation_workspace_20260612\01_fooocus\entry_with_update_full\wildcards\animal.txt","animal.txt",".txt","838","0.001","11/01/46 01:20:50 م"
"01_fooocus\entry_with_update_full\wildcards\artist.txt","D:\zzipp\جي بي\الكميرا\_organized_generation_workspace_20260612\01_fooocus\entry_with_update_full\wildcards\artist.txt","artist.txt",".txt","44325","0.042","14/04/45 02:24:20 ص"
"01_fooocus\entry_with_update_full\wildcards\color_flower.txt","D:\zzipp\جي بي\الكميرا\_organized_generation_workspace_20260612\01_fooocus\entry_with_update_full\wildcards\color_flower.txt","color_flower.txt",".txt","22","0","14/04/45 02:24:20 ص"
"01_fooocus\entry_with_update_full\wildcards\color.txt","D:\zzipp\جي بي\الكميرا\_organized_generation_workspace_20260612\01_fooocus\entry_with_update_full\wildcards\color.txt","color.txt",".txt","118","0","14/04/45 02:24:20 ص"
"01_fooocus\entry_with_update_full\wildcards\extended-color.txt","D:\zzipp\جي بي\الكميرا\_organized_generation_workspace_20260612\01_fooocus\entry_with_update_full\wildcards\extended-color.txt","extended-color.txt",".txt","1603","0.002","14/04/45 02:24:20 ص"
"01_fooocus\entry_with_update_full\wildcards\flower.txt","D:\zzipp\جي بي\الكميرا\_organized_generation_workspace_20260612\01_fooocus\entry_with_update_full\wildcards\flower.txt","flower.txt",".txt","3409","0.003","14/04/45 02:24:20 ص"
"01_fooocus\entry_with_update_full\wildcards\nationality.txt","D:\zzipp\جي بي\الكميرا\_organized_generation_workspace_20260612\01_fooocus\entry_with_update_full\wildcards\nationality.txt","nationality.txt",".txt","2083","0.002","14/04/45 02:24:20 ص"
"02_stable_diffusion_webui\stable-diffusion-webui-master\stable-diffusion-webui-master\_typos.toml","D:\zzipp\جي بي\الكميرا\_organized_generation_workspace_20260612\02_stable_diffusion_webui\stable-diffusion-webui-master\stable-diffusion-webui-master\_typos.toml","_typos.toml",".toml","146","0","21/01/46 05:49:38 ص"
"02_stable_diffusion_webui\stable-diffusion-webui-master\stable-diffusion-webui-master\environment-wsl2.yaml","D:\zzipp\جي بي\الكميرا\_organized_generation_workspace_20260612\02_stable_diffusion_webui\stable-diffusion-webui-master\stable-diffusion-webui-master\environment-wsl2.yaml","environment-wsl2.yaml",".yaml","167","0","21/01/46 05:49:38 ص"
"02_stable_diffusion_webui\stable-diffusion-webui-master\stable-diffusion-webui-master\LICENSE.txt","D:\zzipp\جي بي\الكميرا\_organized_generation_workspace_20260612\02_stable_diffusion_webui\stable-diffusion-webui-master\stable-diffusion-webui-master\LICENSE.txt","LICENSE.txt",".txt","35240","0.034","21/01/46 05:49:38 ص"
"02_stable_diffusion_webui\stable-diffusion-webui-master\stable-diffusion-webui-master\package.json","D:\zzipp\جي بي\الكميرا\_organized_generation_workspace_20260612\02_stable_diffusion_webui\stable-diffusion-webui-master\stable-diffusion-webui-master\package.json","package.json",".json","185","0","21/01/46 05:49:38 ص"
"02_stable_diffusion_webui\stable-diffusion-webui-master\stable-diffusion-webui-master\params.txt","D:\zzipp\جي بي\الكميرا\_organized_generation_workspace_20260612\02_stable_diffusion_webui\stable-diffusion-webui-master\stable-diffusion-webui-master\params.txt","params.txt",".txt","291","0","26/12/47 06:03:04 م"
"02_stable_diffusion_webui\stable-diffusion-webui-master\stable-diffusion-webui-master\pyproject.toml","D:\zzipp\جي بي\الكميرا\_organized_generation_workspace_20260612\02_stable_diffusion_webui\stable-diffusion-webui-master\stable-diffusion-webui-master\pyproject.toml","pyproject.toml",".toml","841","0.001","21/01/46 05:49:38 ص"
"02_stable_diffusion_webui\stable-diffusion-webui-master\stable-diffusion-webui-master\requirements_npu.txt","D:\zzipp\جي بي\الكميرا\_organized_generation_workspace_20260612\02_stable_diffusion_webui\stable-diffusion-webui-master\stable-diffusion-webui-master\requirements_npu.txt","requirements_npu.txt",".txt","42","0","21/01/46 05:49:38 ص"
"02_stable_diffusion_webui\stable-diffusion-webui-master\stable-diffusion-webui-master\requirements_versions.txt","D:\zzipp\جي بي\الكميرا\_organized_generation_workspace_20260612\02_stable_diffusion_webui\stable-diffusion-webui-master\stable-diffusion-webui-master\requirements_versions.txt","requirements_versions.txt",".txt","693","0.001","21/01/46 05:49:38 ص"
"02_stable_diffusion_webui\stable-diffusion-webui-master\stable-diffusion-webui-master\requirements-test.txt","D:\zzipp\جي بي\الكميرا\_organized_generation_workspace_20260612\02_stable_diffusion_webui\stable-diffusion-webui-master\stable-diffusion-webui-master\requirements-test.txt","requirements-test.txt",".txt","49","0","21/01/46 05:49:38 ص"
"02_stable_diffusion_webui\stable-diffusion-webui-master\stable-diffusion-webui-master\requirements.txt","D:\zzipp\جي بي\الكميرا\_organized_generation_workspace_20260612\02_stable_diffusion_webui\stable-diffusion-webui-master\stable-diffusion-webui-master\requirements.txt","requirements.txt",".txt","389","0","21/01/46 05:49:38 ص"
"02_stable_diffusion_webui\stable-diffusion-webui-master\stable-diffusion-webui-master\ui-config.json","D:\zzipp\جي بي\الكميرا\_organized_generation_workspace_20260612\02_stable_diffusion_webui\stable-diffusion-webui-master\stable-diffusion-webui-master\ui-config.json","ui-config.json",".json","50833","0.048","26/12/47 04:50:28 م"
"02_stable_diffusion_webui\stable-diffusion-webui-master\stable-diffusion-webui-master\.github\ISSUE_TEMPLATE\bug_report.yml","D:\zzipp\جي بي\الكميرا\_organized_generation_workspace_20260612\02_stable_diffusion_webui\stable-diffusion-webui-master\stable-diffusion-webui-master\.github\ISSUE_TEMPLATE\bug_report.yml","bug_report.yml",".yml","4417","0.004","21/01/46 05:49:38 ص"
"02_stable_diffusion_webui\stable-diffusion-webui-master\stable-diffusion-webui-master\.github\ISSUE_TEMPLATE\config.yml","D:\zzipp\جي بي\الكميرا\_organized_generation_workspace_20260612\02_stable_diffusion_webui\stable-diffusion-webui-master\stable-diffusion-webui-master\.github\ISSUE_TEMPLATE\config.yml","config.yml",".yml","203","0","21/01/46 05:49:38 ص"
"02_stable_diffusion_webui\stable-diffusion-webui-master\stable-diffusion-webui-master\.github\ISSUE_TEMPLATE\feature_request.yml","D:\zzipp\جي بي\الكميرا\_organized_generation_workspace_20260612\02_stable_diffusion_webui\stable-diffusion-webui-master\stable-diffusion-webui-master\.github\ISSUE_TEMPLATE\feature_request.yml","feature_request.yml",".yml","1413","0.001","21/01/46 05:49:38 ص"
"02_stable_diffusion_webui\stable-diffusion-webui-master\stable-diffusion-webui-master\.github\workflows\on_pull_request.yaml","D:\zzipp\جي بي\الكميرا\_organized_generation_workspace_20260612\02_stable_diffusion_webui\stable-diffusion-webui-master\stable-diffusion-webui-master\.github\workflows\on_pull_request.yaml","on_pull_request.yaml",".yaml","1231","0.001","21/01/46 05:49:38 ص"
"02_stable_diffusion_webui\stable-diffusion-webui-master\stable-diffusion-webui-master\.github\workflows\run_tests.yaml","D:\zzipp\جي بي\الكميرا\_organized_generation_workspace_20260612\02_stable_diffusion_webui\stable-diffusion-webui-master\stable-diffusion-webui-master\.github\workflows\run_tests.yaml","run_tests.yaml",".yaml","2529","0.002","21/01/46 05:49:38 ص"
"02_stable_diffusion_webui\stable-diffusion-webui-master\stable-diffusion-webui-master\.github\workflows\warns_merge_master.yml","D:\zzipp\جي بي\الكميرا\_organized_generation_workspace_20260612\02_stable_diffusion_webui\stable-diffusion-webui-master\stable-diffusion-webui-master\.github\workflows\warns_merge_master.yml","warns_merge_master.yml",".yml","424","0","21/01/46 05:49:38 ص"
"02_stable_diffusion_webui\stable-diffusion-webui-master\stable-diffusion-webui-master\configs\alt-diffusion-inference.yaml","D:\zzipp\جي بي\الكميرا\_organized_generation_workspace_20260612\02_stable_diffusion_webui\stable-diffusion-webui-master\stable-diffusion-webui-master\configs\alt-diffusion-inference.yaml","alt-diffusion-inference.yaml",".yaml","1913","0.002","21/01/46 05:49:38 ص"
"02_stable_diffusion_webui\stable-diffusion-webui-master\stable-diffusion-webui-master\configs\alt-diffusion-m18-inference.yaml","D:\zzipp\جي بي\الكميرا\_organized_generation_workspace_20260612\02_stable_diffusion_webui\stable-diffusion-webui-master\stable-diffusion-webui-master\configs\alt-diffusion-m18-inference.yaml","alt-diffusion-m18-inference.yaml",".yaml","1968","0.002","21/01/46 05:49:38 ص"
"02_stable_diffusion_webui\stable-diffusion-webui-master\stable-diffusion-webui-master\configs\instruct-pix2pix.yaml","D:\zzipp\جي بي\الكميرا\_organized_generation_workspace_20260612\02_stable_diffusion_webui\stable-diffusion-webui-master\stable-diffusion-webui-master\configs\instruct-pix2pix.yaml","instruct-pix2pix.yaml",".yaml","2601","0.002","21/01/46 05:49:38 ص"
"02_stable_diffusion_webui\stable-diffusion-webui-master\stable-diffusion-webui-master\configs\sd_xl_inpaint.yaml","D:\zzipp\جي بي\الكميرا\_organized_generation_workspace_20260612\02_stable_diffusion_webui\stable-diffusion-webui-master\stable-diffusion-webui-master\configs\sd_xl_inpaint.yaml","sd_xl_inpaint.yaml",".yaml","3248","0.003","21/01/46 05:49:38 ص"
"02_stable_diffusion_webui\stable-diffusion-webui-master\stable-diffusion-webui-master\configs\sd3-inference.yaml","D:\zzipp\جي بي\الكميرا\_organized_generation_workspace_20260612\02_stable_diffusion_webui\stable-diffusion-webui-master\stable-diffusion-webui-master\configs\sd3-inference.yaml","sd3-inference.yaml",".yaml","104","0","21/01/46 05:49:38 ص"
"02_stable_diffusion_webui\stable-diffusion-webui-master\stable-diffusion-webui-master\configs\v1-inference.yaml","D:\zzipp\جي بي\الكميرا\_organized_generation_workspace_20260612\02_stable_diffusion_webui\stable-diffusion-webui-master\stable-diffusion-webui-master\configs\v1-inference.yaml","v1-inference.yaml",".yaml","1874","0.002","21/01/46 05:49:38 ص"
"02_stable_diffusion_webui\stable-diffusion-webui-master\stable-diffusion-webui-master\configs\v1-inpainting-inference.yaml","D:\zzipp\جي بي\الكميرا\_organized_generation_workspace_20260612\02_stable_diffusion_webui\stable-diffusion-webui-master\stable-diffusion-webui-master\configs\v1-inpainting-inference.yaml","v1-inpainting-inference.yaml",".yaml","1992","0.002","21/01/46 05:49:38 ص"
"02_stable_diffusion_webui\stable-diffusion-webui-master\stable-diffusion-webui-master\embeddings\Place Textual Inversion embeddings here.txt","D:\zzipp\جي بي\الكميرا\_organized_generation_workspace_20260612\02_stable_diffusion_webui\stable-diffusion-webui-master\stable-diffusion-webui-master\embeddings\Place Textual Inversion embeddings here.txt","Place Textual Inversion embeddings here.txt",".txt","0","0","21/01/46 05:49:38 ص"
"02_stable_diffusion_webui\stable-diffusion-webui-master\stable-diffusion-webui-master\extensions\put extensions here.txt","D:\zzipp\جي بي\الكميرا\_organized_generation_workspace_20260612\02_stable_diffusion_webui\stable-diffusion-webui-master\stable-diffusion-webui-master\extensions\put extensions here.txt","put extensions here.txt",".txt","0","0","21/01/46 05:49:38 ص"
"02_stable_diffusion_webui\stable-diffusion-webui-master\stable-diffusion-webui-master\localizations\Put localization files here.txt","D:\zzipp\جي بي\الكميرا\_organized_generation_workspace_20260612\02_stable_diffusion_webui\stable-diffusion-webui-master\stable-diffusion-webui-master\localizations\Put localization files here.txt","Put localization files here.txt",".txt","0","0","21/01/46 05:49:38 ص"
"02_stable_diffusion_webui\stable-diffusion-webui-master\stable-diffusion-webui-master\models\Stable-diffusion\Put Stable Diffusion checkpoints here.txt","D:\zzipp\جي بي\الكميرا\_organized_generation_workspace_20260612\02_stable_diffusion_webui\stable-diffusion-webui-master\stable-diffusion-webui-master\models\Stable-diffusion\Put Stable Diffusion checkpoints here.txt","Put Stable Diffusion checkpoints here.txt",".txt","0","0","21/01/46 05:49:38 ص"
"02_stable_diffusion_webui\stable-diffusion-webui-master\stable-diffusion-webui-master\models\VAE\Put VAE here.txt","D:\zzipp\جي بي\الكميرا\_organized_generation_workspace_20260612\02_stable_diffusion_webui\stable-diffusion-webui-master\stable-diffusion-webui-master\models\VAE\Put VAE here.txt","Put VAE here.txt",".txt","0","0","21/01/46 05:49:38 ص"
"02_stable_diffusion_webui\stable-diffusion-webui-master\stable-diffusion-webui-master\models\deepbooru\Put your deepbooru release project folder here.txt","D:\zzipp\جي بي\الكميرا\_organized_generation_workspace_20260612\02_stable_diffusion_webui\stable-diffusion-webui-master\stable-diffusion-webui-master\models\deepbooru\Put your deepbooru release project folder here.txt","Put your deepbooru release project folder here.txt",".txt","0","0","21/01/46 05:49:38 ص"
"02_stable_diffusion_webui\stable-diffusion-webui-master\stable-diffusion-webui-master\textual_inversion_templates\hypernetwork.txt","D:\zzipp\جي بي\الكميرا\_organized_generation_workspace_20260612\02_stable_diffusion_webui\stable-diffusion-webui-master\stable-diffusion-webui-master\textual_inversion_templates\hypernetwork.txt","hypernetwork.txt",".txt","836","0.001","21/01/46 05:49:38 ص"
"02_stable_diffusion_webui\stable-diffusion-webui-master\stable-diffusion-webui-master\textual_inversion_templates\none.txt","D:\zzipp\جي بي\الكميرا\_organized_generation_workspace_20260612\02_stable_diffusion_webui\stable-diffusion-webui-master\stable-diffusion-webui-master\textual_inversion_templates\none.txt","none.txt",".txt","8","0","21/01/46 05:49:38 ص"
"02_stable_diffusion_webui\stable-diffusion-webui-master\stable-diffusion-webui-master\textual_inversion_templates\style_filewords.txt","D:\zzipp\جي بي\الكميرا\_organized_generation_workspace_20260612\02_stable_diffusion_webui\stable-diffusion-webui-master\stable-diffusion-webui-master\textual_inversion_templates\style_filewords.txt","style_filewords.txt",".txt","873","0.001","21/01/46 05:49:38 ص"
"02_stable_diffusion_webui\stable-diffusion-webui-master\stable-diffusion-webui-master\textual_inversion_templates\style.txt","D:\zzipp\جي بي\الكميرا\_organized_generation_workspace_20260612\02_stable_diffusion_webui\stable-diffusion-webui-master\stable-diffusion-webui-master\textual_inversion_templates\style.txt","style.txt",".txt","588","0.001","21/01/46 05:49:38 ص"
"02_stable_diffusion_webui\stable-diffusion-webui-master\stable-diffusion-webui-master\textual_inversion_templates\subject_filewords.txt","D:\zzipp\جي بي\الكميرا\_organized_generation_workspace_20260612\02_stable_diffusion_webui\stable-diffusion-webui-master\stable-diffusion-webui-master\textual_inversion_templates\subject_filewords.txt","subject_filewords.txt",".txt","1052","0.001","21/01/46 05:49:38 ص"
"02_stable_diffusion_webui\stable-diffusion-webui-master\stable-diffusion-webui-master\textual_inversion_templates\subject.txt","D:\zzipp\جي بي\الكميرا\_organized_generation_workspace_20260612\02_stable_diffusion_webui\stable-diffusion-webui-master\stable-diffusion-webui-master\textual_inversion_templates\subject.txt","subject.txt",".txt","701","0.001","21/01/46 05:49:38 ص"
"02_stable_diffusion_webui\stable-diffusion-webui-master\stable-diffusion-webui-master\tmp\stderr.txt","D:\zzipp\جي بي\الكميرا\_organized_generation_workspace_20260612\02_stable_diffusion_webui\stable-diffusion-webui-master\stable-diffusion-webui-master\tmp\stderr.txt","stderr.txt",".txt","0","0","26/12/47 05:02:04 م"
"02_stable_diffusion_webui\stable-diffusion-webui-master\stable-diffusion-webui-master\tmp\stdout.txt","D:\zzipp\جي بي\الكميرا\_organized_generation_workspace_20260612\02_stable_diffusion_webui\stable-diffusion-webui-master\stable-diffusion-webui-master\tmp\stdout.txt","stdout.txt",".txt","336","0","26/12/47 05:02:04 م"
"02_stable_diffusion_webui\stable-diffusion-webui-master\stable-diffusion-webui-master\repositories\stable-diffusion-stability-ai\environment.yaml","D:\zzipp\جي بي\الكميرا\_organized_generation_workspace_20260612\02_stable_diffusion_webui\stable-diffusion-webui-master\stable-diffusion-webui-master\repositories\stable-diffusion-stability-ai\environment.yaml","environment.yaml",".yaml","765","0.001","26/12/47 01:59:48 م"
"02_stable_diffusion_webui\stable-diffusion-webui-master\stable-diffusion-webui-master\repositories\stable-diffusion-stability-ai\configs\autoencoder\autoencoder_kl_16x16x16.yaml","D:\zzipp\جي بي\الكميرا\_organized_generation_workspace_20260612\02_stable_diffusion_webui\stable-diffusion-webui-master\stable-diffusion-webui-master\repositories\stable-diffusion-stability-ai\configs\autoencoder\autoencoder_kl_16x16x16.yaml","autoencoder_kl_16x16x16.yaml",".yaml","1199","0.001","26/12/47 01:59:46 م"
"02_stable_diffusion_webui\stable-diffusion-webui-master\stable-diffusion-webui-master\repositories\stable-diffusion-stability-ai\configs\autoencoder\autoencoder_kl_32x32x4.yaml","D:\zzipp\جي بي\الكميرا\_organized_generation_workspace_20260612\02_stable_diffusion_webui\stable-diffusion-webui-master\stable-diffusion-webui-master\repositories\stable-diffusion-stability-ai\configs\autoencoder\autoencoder_kl_32x32x4.yaml","autoencoder_kl_32x32x4.yaml",".yaml","1193","0.001","26/12/47 01:59:46 م"
"02_stable_diffusion_webui\stable-diffusion-webui-master\stable-diffusion-webui-master\repositories\stable-diffusion-stability-ai\configs\autoencoder\autoencoder_kl_64x64x3.yaml","D:\zzipp\جي بي\الكميرا\_organized_generation_workspace_20260612\02_stable_diffusion_webui\stable-diffusion-webui-master\stable-diffusion-webui-master\repositories\stable-diffusion-stability-ai\configs\autoencoder\autoencoder_kl_64x64x3.yaml","autoencoder_kl_64x64x3.yaml",".yaml","1193","0.001","26/12/47 01:59:46 م"
"02_stable_diffusion_webui\stable-diffusion-webui-master\stable-diffusion-webui-master\repositories\stable-diffusion-stability-ai\configs\autoencoder\autoencoder_kl_8x8x64.yaml","D:\zzipp\جي بي\الكميرا\_organized_generation_workspace_20260612\02_stable_diffusion_webui\stable-diffusion-webui-master\stable-diffusion-webui-master\repositories\stable-diffusion-stability-ai\configs\autoencoder\autoencoder_kl_8x8x64.yaml","autoencoder_kl_8x8x64.yaml",".yaml","1201","0.001","26/12/47 01:59:46 م"
"02_stable_diffusion_webui\stable-diffusion-webui-master\stable-diffusion-webui-master\repositories\stable-diffusion-stability-ai\configs\latent-diffusion\celebahq-ldm-vq-4.yaml","D:\zzipp\جي بي\الكميرا\_organized_generation_workspace_20260612\02_stable_diffusion_webui\stable-diffusion-webui-master\stable-diffusion-webui-master\repositories\stable-diffusion-stability-ai\configs\latent-diffusion\celebahq-ldm-vq-4.yaml","celebahq-ldm-vq-4.yaml",".yaml","2113","0.002","26/12/47 01:59:46 م"
"02_stable_diffusion_webui\stable-diffusion-webui-master\stable-diffusion-webui-master\repositories\stable-diffusion-stability-ai\configs\latent-diffusion\cin-ldm-vq-f8.yaml","D:\zzipp\جي بي\الكميرا\_organized_generation_workspace_20260612\02_stable_diffusion_webui\stable-diffusion-webui-master\stable-diffusion-webui-master\repositories\stable-diffusion-stability-ai\configs\latent-diffusion\cin-ldm-vq-f8.yaml","cin-ldm-vq-f8.yaml",".yaml","2457","0.002","26/12/47 01:59:46 م"
"02_stable_diffusion_webui\stable-diffusion-webui-master\stable-diffusion-webui-master\repositories\stable-diffusion-stability-ai\configs\latent-diffusion\cin256-v2.yaml","D:\zzipp\جي بي\الكميرا\_organized_generation_workspace_20260612\02_stable_diffusion_webui\stable-diffusion-webui-master\stable-diffusion-webui-master\repositories\stable-diffusion-stability-ai\configs\latent-diffusion\cin256-v2.yaml","cin256-v2.yaml",".yaml","1621","0.002","26/12/47 01:59:46 م"
"02_stable_diffusion_webui\stable-diffusion-webui-master\stable-diffusion-webui-master\repositories\stable-diffusion-stability-ai\configs\latent-diffusion\ffhq-ldm-vq-4.yaml","D:\zzipp\جي بي\الكميرا\_organized_generation_workspace_20260612\02_stable_diffusion_webui\stable-diffusion-webui-master\stable-diffusion-webui-master\repositories\stable-diffusion-stability-ai\configs\latent-diffusion\ffhq-ldm-vq-4.yaml","ffhq-ldm-vq-4.yaml",".yaml","2104","0.002","26/12/47 01:59:46 م"
"02_stable_diffusion_webui\stable-diffusion-webui-master\stable-diffusion-webui-master\repositories\stable-diffusion-stability-ai\configs\latent-diffusion\lsun_bedrooms-ldm-vq-4.yaml","D:\zzipp\جي بي\الكميرا\_organized_generation_workspace_20260612\02_stable_diffusion_webui\stable-diffusion-webui-master\stable-diffusion-webui-master\repositories\stable-diffusion-stability-ai\configs\latent-diffusion\lsun_bedrooms-ldm-vq-4.yaml","lsun_bedrooms-ldm-vq-4.yaml",".yaml","2108","0.002","26/12/47 01:59:46 م"
"02_stable_diffusion_webui\stable-diffusion-webui-master\stable-diffusion-webui-master\repositories\stable-diffusion-stability-ai\configs\latent-diffusion\lsun_churches-ldm-kl-8.yaml","D:\zzipp\جي بي\الكميرا\_organized_generation_workspace_20260612\02_stable_diffusion_webui\stable-diffusion-webui-master\stable-diffusion-webui-master\repositories\stable-diffusion-stability-ai\configs\latent-diffusion\lsun_churches-ldm-kl-8.yaml","lsun_churches-ldm-kl-8.yaml",".yaml","2374","0.002","26/12/47 01:59:46 م"
"02_stable_diffusion_webui\stable-diffusion-webui-master\stable-diffusion-webui-master\repositories\stable-diffusion-stability-ai\configs\latent-diffusion\txt2img-1p4B-eval.yaml","D:\zzipp\جي بي\الكميرا\_organized_generation_workspace_20260612\02_stable_diffusion_webui\stable-diffusion-webui-master\stable-diffusion-webui-master\repositories\stable-diffusion-stability-ai\configs\latent-diffusion\txt2img-1p4B-eval.yaml","txt2img-1p4B-eval.yaml",".yaml","1685","0.002","26/12/47 01:59:46 م"
"02_stable_diffusion_webui\stable-diffusion-webui-master\stable-diffusion-webui-master\repositories\stable-diffusion-stability-ai\configs\retrieval-augmented-diffusion\768x768.yaml","D:\zzipp\جي بي\الكميرا\_organized_generation_workspace_20260612\02_stable_diffusion_webui\stable-diffusion-webui-master\stable-diffusion-webui-master\repositories\stable-diffusion-stability-ai\configs\retrieval-augmented-diffusion\768x768.yaml","768x768.yaml",".yaml","1682","0.002","26/12/47 01:59:46 م"
"02_stable_diffusion_webui\stable-diffusion-webui-master\stable-diffusion-webui-master\repositories\stable-diffusion-stability-ai\configs\stable-diffusion\v1-inference.yaml","D:\zzipp\جي بي\الكميرا\_organized_generation_workspace_20260612\02_stable_diffusion_webui\stable-diffusion-webui-master\stable-diffusion-webui-master\repositories\stable-diffusion-stability-ai\configs\stable-diffusion\v1-inference.yaml","v1-inference.yaml",".yaml","1943","0.002","26/12/47 01:59:46 م"
"02_stable_diffusion_webui\stable-diffusion-webui-master\stable-diffusion-webui-master\repositories\stable-diffusion-stability-ai\data\imagenet_clsidx_to_label.txt","D:\zzipp\جي بي\الكميرا\_organized_generation_workspace_20260612\02_stable_diffusion_webui\stable-diffusion-webui-master\stable-diffusion-webui-master\repositories\stable-diffusion-stability-ai\data\imagenet_clsidx_to_label.txt","imagenet_clsidx_to_label.txt",".txt","31562","0.03","26/12/47 01:59:48 م"
"02_stable_diffusion_webui\stable-diffusion-webui-master\stable-diffusion-webui-master\repositories\stable-diffusion-stability-ai\data\index_synset.yaml","D:\zzipp\جي بي\الكميرا\_organized_generation_workspace_20260612\02_stable_diffusion_webui\stable-diffusion-webui-master\stable-diffusion-webui-master\repositories\stable-diffusion-stability-ai\data\index_synset.yaml","index_synset.yaml",".yaml","15890","0.015","26/12/47 01:59:48 م"
"02_stable_diffusion_webui\stable-diffusion-webui-master\stable-diffusion-webui-master\repositories\stable-diffusion-stability-ai\data\example_conditioning\text_conditional\sample_0.txt","D:\zzipp\جي بي\الكميرا\_organized_generation_workspace_20260612\02_stable_diffusion_webui\stable-diffusion-webui-master\stable-diffusion-webui-master\repositories\stable-diffusion-stability-ai\data\example_conditioning\text_conditional\sample_0.txt","sample_0.txt",".txt","21","0","26/12/47 01:59:48 م"
"02_stable_diffusion_webui\stable-diffusion-webui-master\stable-diffusion-webui-master\repositories\stable-diffusion-stability-ai\models\first_stage_models\kl-f16\config.yaml","D:\zzipp\جي بي\الكميرا\_organized_generation_workspace_20260612\02_stable_diffusion_webui\stable-diffusion-webui-master\stable-diffusion-webui-master\repositories\stable-diffusion-stability-ai\models\first_stage_models\kl-f16\config.yaml","config.yaml",".yaml","953","0.001","26/12/47 01:59:48 م"
"02_stable_diffusion_webui\stable-diffusion-webui-master\stable-diffusion-webui-master\repositories\stable-diffusion-stability-ai\models\first_stage_models\kl-f32\config.yaml","D:\zzipp\جي بي\الكميرا\_organized_generation_workspace_20260612\02_stable_diffusion_webui\stable-diffusion-webui-master\stable-diffusion-webui-master\repositories\stable-diffusion-stability-ai\models\first_stage_models\kl-f32\config.yaml","config.yaml",".yaml","975","0.001","26/12/47 01:59:48 م"
"02_stable_diffusion_webui\stable-diffusion-webui-master\stable-diffusion-webui-master\repositories\stable-diffusion-stability-ai\models\first_stage_models\kl-f4\config.yaml","D:\zzipp\جي بي\الكميرا\_organized_generation_workspace_20260612\02_stable_diffusion_webui\stable-diffusion-webui-master\stable-diffusion-webui-master\repositories\stable-diffusion-stability-ai\models\first_stage_models\kl-f4\config.yaml","config.yaml",".yaml","921","0.001","26/12/47 01:59:48 م"
"02_stable_diffusion_webui\stable-diffusion-webui-master\stable-diffusion-webui-master\repositories\stable-diffusion-stability-ai\models\first_stage_models\kl-f8\config.yaml","D:\zzipp\جي بي\الكميرا\_organized_generation_workspace_20260612\02_stable_diffusion_webui\stable-diffusion-webui-master\stable-diffusion-webui-master\repositories\stable-diffusion-stability-ai\models\first_stage_models\kl-f8\config.yaml","config.yaml",".yaml","931","0.001","26/12/47 01:59:48 م"
"02_stable_diffusion_webui\stable-diffusion-webui-master\stable-diffusion-webui-master\repositories\stable-diffusion-stability-ai\models\first_stage_models\vq-f16\config.yaml","D:\zzipp\جي بي\الكميرا\_organized_generation_workspace_20260612\02_stable_diffusion_webui\stable-diffusion-webui-master\stable-diffusion-webui-master\repositories\stable-diffusion-stability-ai\models\first_stage_models\vq-f16\config.yaml","config.yaml",".yaml","1075","0.001","26/12/47 01:59:48 م"
"02_stable_diffusion_webui\stable-diffusion-webui-master\stable-diffusion-webui-master\repositories\stable-diffusion-stability-ai\models\first_stage_models\vq-f4-noattn\config.yaml","D:\zzipp\جي بي\الكميرا\_organized_generation_workspace_20260612\02_stable_diffusion_webui\stable-diffusion-webui-master\stable-diffusion-webui-master\repositories\stable-diffusion-stability-ai\models\first_stage_models\vq-f4-noattn\config.yaml","config.yaml",".yaml","1024","0.001","26/12/47 01:59:48 م"
"02_stable_diffusion_webui\stable-diffusion-webui-master\stable-diffusion-webui-master\repositories\stable-diffusion-stability-ai\models\first_stage_models\vq-f4\config.yaml","D:\zzipp\جي بي\الكميرا\_organized_generation_workspace_20260612\02_stable_diffusion_webui\stable-diffusion-webui-master\stable-diffusion-webui-master\repositories\stable-diffusion-stability-ai\models\first_stage_models\vq-f4\config.yaml","config.yaml",".yaml","1000","0.001","26/12/47 01:59:48 م"
"02_stable_diffusion_webui\stable-diffusion-webui-master\stable-diffusion-webui-master\repositories\stable-diffusion-stability-ai\models\first_stage_models\vq-f8-n256\config.yaml","D:\zzipp\جي بي\الكميرا\_organized_generation_workspace_20260612\02_stable_diffusion_webui\stable-diffusion-webui-master\stable-diffusion-webui-master\repositories\stable-diffusion-stability-ai\models\first_stage_models\vq-f8-n256\config.yaml","config.yaml",".yaml","1061","0.001","26/12/47 01:59:48 م"
"02_stable_diffusion_webui\stable-diffusion-webui-master\stable-diffusion-webui-master\repositories\stable-diffusion-stability-ai\models\first_stage_models\vq-f8\config.yaml","D:\zzipp\جي بي\الكميرا\_organized_generation_workspace_20260612\02_stable_diffusion_webui\stable-diffusion-webui-master\stable-diffusion-webui-master\repositories\stable-diffusion-stability-ai\models\first_stage_models\vq-f8\config.yaml","config.yaml",".yaml","1083","0.001","26/12/47 01:59:48 م"
"02_stable_diffusion_webui\stable-diffusion-webui-master\stable-diffusion-webui-master\repositories\stable-diffusion-stability-ai\models\ldm\bsr_sr\config.yaml","D:\zzipp\جي بي\الكميرا\_organized_generation_workspace_20260612\02_stable_diffusion_webui\stable-diffusion-webui-master\stable-diffusion-webui-master\repositories\stable-diffusion-stability-ai\models\ldm\bsr_sr\config.yaml","config.yaml",".yaml","1980","0.002","26/12/47 01:59:48 م"
"02_stable_diffusion_webui\stable-diffusion-webui-master\stable-diffusion-webui-master\repositories\stable-diffusion-stability-ai\models\ldm\celeba256\config.yaml","D:\zzipp\جي بي\الكميرا\_organized_generation_workspace_20260612\02_stable_diffusion_webui\stable-diffusion-webui-master\stable-diffusion-webui-master\repositories\stable-diffusion-stability-ai\models\ldm\celeba256\config.yaml","config.yaml",".yaml","1669","0.002","26/12/47 01:59:48 م"
"02_stable_diffusion_webui\stable-diffusion-webui-master\stable-diffusion-webui-master\repositories\stable-diffusion-stability-ai\models\ldm\cin256\config.yaml","D:\zzipp\جي بي\الكميرا\_organized_generation_workspace_20260612\02_stable_diffusion_webui\stable-diffusion-webui-master\stable-diffusion-webui-master\repositories\stable-diffusion-stability-ai\models\ldm\cin256\config.yaml","config.yaml",".yaml","1942","0.002","26/12/47 01:59:48 م"
"02_stable_diffusion_webui\stable-diffusion-webui-master\stable-diffusion-webui-master\repositories\stable-diffusion-stability-ai\models\ldm\ffhq256\config.yaml","D:\zzipp\جي بي\الكميرا\_organized_generation_workspace_20260612\02_stable_diffusion_webui\stable-diffusion-webui-master\stable-diffusion-webui-master\repositories\stable-diffusion-stability-ai\models\ldm\ffhq256\config.yaml","config.yaml",".yaml","1661","0.002","26/12/47 01:59:48 م"
"02_stable_diffusion_webui\stable-diffusion-webui-master\stable-diffusion-webui-master\repositories\stable-diffusion-stability-ai\models\ldm\inpainting_big\config.yaml","D:\zzipp\جي بي\الكميرا\_organized_generation_workspace_20260612\02_stable_diffusion_webui\stable-diffusion-webui-master\stable-diffusion-webui-master\repositories\stable-diffusion-stability-ai\models\ldm\inpainting_big\config.yaml","config.yaml",".yaml","1686","0.002","26/12/47 01:59:48 م"
"02_stable_diffusion_webui\stable-diffusion-webui-master\stable-diffusion-webui-master\repositories\stable-diffusion-stability-ai\models\ldm\layout2img-openimages256\config.yaml","D:\zzipp\جي بي\الكميرا\_organized_generation_workspace_20260612\02_stable_diffusion_webui\stable-diffusion-webui-master\stable-diffusion-webui-master\repositories\stable-diffusion-stability-ai\models\ldm\layout2img-openimages256\config.yaml","config.yaml",".yaml","2005","0.002","26/12/47 01:59:48 م"
"02_stable_diffusion_webui\stable-diffusion-webui-master\stable-diffusion-webui-master\repositories\stable-diffusion-stability-ai\models\ldm\lsun_beds256\config.yaml","D:\zzipp\جي بي\الكميرا\_organized_generation_workspace_20260612\02_stable_diffusion_webui\stable-diffusion-webui-master\stable-diffusion-webui-master\repositories\stable-diffusion-stability-ai\models\ldm\lsun_beds256\config.yaml","config.yaml",".yaml","1671","0.002","26/12/47 01:59:48 م"
"02_stable_diffusion_webui\stable-diffusion-webui-master\stable-diffusion-webui-master\repositories\stable-diffusion-stability-ai\models\ldm\lsun_churches256\config.yaml","D:\zzipp\جي بي\الكميرا\_organized_generation_workspace_20260612\02_stable_diffusion_webui\stable-diffusion-webui-master\stable-diffusion-webui-master\repositories\stable-diffusion-stability-ai\models\ldm\lsun_churches256\config.yaml","config.yaml",".yaml","2110","0.002","26/12/47 01:59:48 م"
"02_stable_diffusion_webui\stable-diffusion-webui-master\stable-diffusion-webui-master\repositories\stable-diffusion-stability-ai\models\ldm\semantic_synthesis256\config.yaml","D:\zzipp\جي بي\الكميرا\_organized_generation_workspace_20260612\02_stable_diffusion_webui\stable-diffusion-webui-master\stable-diffusion-webui-master\repositories\stable-diffusion-stability-ai\models\ldm\semantic_synthesis256\config.yaml","config.yaml",".yaml","1437","0.001","26/12/47 01:59:48 م"
"02_stable_diffusion_webui\stable-diffusion-webui-master\stable-diffusion-webui-master\repositories\stable-diffusion-stability-ai\models\ldm\semantic_synthesis512\config.yaml","D:\zzipp\جي بي\الكميرا\_organized_generation_workspace_20260612\02_stable_diffusion_webui\stable-diffusion-webui-master\stable-diffusion-webui-master\repositories\stable-diffusion-stability-ai\models\ldm\semantic_synthesis512\config.yaml","config.yaml",".yaml","1898","0.002","26/12/47 01:59:48 م"
"02_stable_diffusion_webui\stable-diffusion-webui-master\stable-diffusion-webui-master\repositories\stable-diffusion-stability-ai\models\ldm\text2img256\config.yaml","D:\zzipp\جي بي\الكميرا\_organized_generation_workspace_20260612\02_stable_diffusion_webui\stable-diffusion-webui-master\stable-diffusion-webui-master\repositories\stable-diffusion-stability-ai\models\ldm\text2img256\config.yaml","config.yaml",".yaml","1908","0.002","26/12/47 01:59:48 م"
"02_stable_diffusion_webui\stable-diffusion-webui-master\stable-diffusion-webui-master\repositories\generative-models\pyproject.toml","D:\zzipp\جي بي\الكميرا\_organized_generation_workspace_20260612\02_stable_diffusion_webui\stable-diffusion-webui-master\stable-diffusion-webui-master\repositories\generative-models\pyproject.toml","pyproject.toml",".toml","1332","0.001","26/12/47 02:00:52 م"
"02_stable_diffusion_webui\stable-diffusion-webui-master\stable-diffusion-webui-master\repositories\generative-models\pytest.ini","D:\zzipp\جي بي\الكميرا\_organized_generation_workspace_20260612\02_stable_diffusion_webui\stable-diffusion-webui-master\stable-diffusion-webui-master\repositories\generative-models\pytest.ini","pytest.ini",".ini","94","0","26/12/47 02:00:52 م"
"02_stable_diffusion_webui\stable-diffusion-webui-master\stable-diffusion-webui-master\repositories\generative-models\.github\workflows\black.yml","D:\zzipp\جي بي\الكميرا\_organized_generation_workspace_20260612\02_stable_diffusion_webui\stable-diffusion-webui-master\stable-diffusion-webui-master\repositories\generative-models\.github\workflows\black.yml","black.yml",".yml","361","0","26/12/47 02:00:50 م"
"02_stable_diffusion_webui\stable-diffusion-webui-master\stable-diffusion-webui-master\repositories\generative-models\.github\workflows\test-build.yaml","D:\zzipp\جي بي\الكميرا\_organized_generation_workspace_20260612\02_stable_diffusion_webui\stable-diffusion-webui-master\stable-diffusion-webui-master\repositories\generative-models\.github\workflows\test-build.yaml","test-build.yaml",".yaml","693","0.001","26/12/47 02:00:50 م"
"02_stable_diffusion_webui\stable-diffusion-webui-master\stable-diffusion-webui-master\repositories\generative-models\.github\workflows\test-inference.yml","D:\zzipp\جي بي\الكميرا\_organized_generation_workspace_20260612\02_stable_diffusion_webui\stable-diffusion-webui-master\stable-diffusion-webui-master\repositories\generative-models\.github\workflows\test-inference.yml","test-inference.yml",".yml","1056","0.001","26/12/47 02:00:50 م"
"02_stable_diffusion_webui\stable-diffusion-webui-master\stable-diffusion-webui-master\repositories\generative-models\configs\example_training\imagenet-f8_cond.yaml","D:\zzipp\جي بي\الكميرا\_organized_generation_workspace_20260612\02_stable_diffusion_webui\stable-diffusion-webui-master\stable-diffusion-webui-master\repositories\generative-models\configs\example_training\imagenet-f8_cond.yaml","imagenet-f8_cond.yaml",".yaml","5707","0.005","26/12/47 02:00:56 م"
"02_stable_diffusion_webui\stable-diffusion-webui-master\stable-diffusion-webui-master\repositories\generative-models\configs\example_training\txt2img-clipl-legacy-ucg-training.yaml","D:\zzipp\جي بي\الكميرا\_organized_generation_workspace_20260612\02_stable_diffusion_webui\stable-diffusion-webui-master\stable-diffusion-webui-master\repositories\generative-models\configs\example_training\txt2img-clipl-legacy-ucg-training.yaml","txt2img-clipl-legacy-ucg-training.yaml",".yaml","5583","0.005","26/12/47 02:00:56 م"
"02_stable_diffusion_webui\stable-diffusion-webui-master\stable-diffusion-webui-master\repositories\generative-models\configs\example_training\txt2img-clipl.yaml","D:\zzipp\جي بي\الكميرا\_organized_generation_workspace_20260612\02_stable_diffusion_webui\stable-diffusion-webui-master\stable-diffusion-webui-master\repositories\generative-models\configs\example_training\txt2img-clipl.yaml","txt2img-clipl.yaml",".yaml","5580","0.005","26/12/47 02:00:56 م"
"02_stable_diffusion_webui\stable-diffusion-webui-master\stable-diffusion-webui-master\repositories\generative-models\configs\example_training\autoencoder\kl-f4\imagenet-attnfree-logvar.yaml","D:\zzipp\جي بي\الكميرا\_organized_generation_workspace_20260612\02_stable_diffusion_webui\stable-diffusion-webui-master\stable-diffusion-webui-master\repositories\generative-models\configs\example_training\autoencoder\kl-f4\imagenet-attnfree-logvar.yaml","imagenet-attnfree-logvar.yaml",".yaml","2822","0.003","26/12/47 02:00:56 م"
"02_stable_diffusion_webui\stable-diffusion-webui-master\stable-diffusion-webui-master\repositories\generative-models\configs\example_training\toy\cifar10_cond.yaml","D:\zzipp\جي بي\الكميرا\_organized_generation_workspace_20260612\02_stable_diffusion_webui\stable-diffusion-webui-master\stable-diffusion-webui-master\repositories\generative-models\configs\example_training\toy\cifar10_cond.yaml","cifar10_cond.yaml",".yaml","2650","0.003","26/12/47 02:00:56 م"
"02_stable_diffusion_webui\stable-diffusion-webui-master\stable-diffusion-webui-master\repositories\generative-models\configs\example_training\toy\mnist_cond_discrete_eps.yaml","D:\zzipp\جي بي\الكميرا\_organized_generation_workspace_20260612\02_stable_diffusion_webui\stable-diffusion-webui-master\stable-diffusion-webui-master\repositories\generative-models\configs\example_training\toy\mnist_cond_discrete_eps.yaml","mnist_cond_discrete_eps.yaml",".yaml","2890","0.003","26/12/47 02:00:56 م"
"02_stable_diffusion_webui\stable-diffusion-webui-master\stable-diffusion-webui-master\repositories\generative-models\configs\example_training\toy\mnist_cond_l1_loss.yaml","D:\zzipp\جي بي\الكميرا\_organized_generation_workspace_20260612\02_stable_diffusion_webui\stable-diffusion-webui-master\stable-diffusion-webui-master\repositories\generative-models\configs\example_training\toy\mnist_cond_l1_loss.yaml","mnist_cond_l1_loss.yaml",".yaml","2769","0.003","26/12/47 02:00:56 م"
"02_stable_diffusion_webui\stable-diffusion-webui-master\stable-diffusion-webui-master\repositories\generative-models\configs\example_training\toy\mnist_cond_with_ema.yaml","D:\zzipp\جي بي\الكميرا\_organized_generation_workspace_20260612\02_stable_diffusion_webui\stable-diffusion-webui-master\stable-diffusion-webui-master\repositories\generative-models\configs\example_training\toy\mnist_cond_with_ema.yaml","mnist_cond_with_ema.yaml",".yaml","2667","0.003","26/12/47 02:00:56 م"
"02_stable_diffusion_webui\stable-diffusion-webui-master\stable-diffusion-webui-master\repositories\generative-models\configs\example_training\toy\mnist_cond.yaml","D:\zzipp\جي بي\الكميرا\_organized_generation_workspace_20260612\02_stable_diffusion_webui\stable-diffusion-webui-master\stable-diffusion-webui-master\repositories\generative-models\configs\example_training\toy\mnist_cond.yaml","mnist_cond.yaml",".yaml","2651","0.003","26/12/47 02:00:56 م"
"02_stable_diffusion_webui\stable-diffusion-webui-master\stable-diffusion-webui-master\repositories\generative-models\configs\example_training\toy\mnist.yaml","D:\zzipp\جي بي\الكميرا\_organized_generation_workspace_20260612\02_stable_diffusion_webui\stable-diffusion-webui-master\stable-diffusion-webui-master\repositories\generative-models\configs\example_training\toy\mnist.yaml","mnist.yaml",".yaml","2108","0.002","26/12/47 02:00:56 م"
"02_stable_diffusion_webui\stable-diffusion-webui-master\stable-diffusion-webui-master\repositories\generative-models\configs\inference\sd_2_1_768.yaml","D:\zzipp\جي بي\الكميرا\_organized_generation_workspace_20260612\02_stable_diffusion_webui\stable-diffusion-webui-master\stable-diffusion-webui-master\repositories\generative-models\configs\inference\sd_2_1_768.yaml","sd_2_1_768.yaml",".yaml","1975","0.002","26/12/47 02:00:56 م"
"02_stable_diffusion_webui\stable-diffusion-webui-master\stable-diffusion-webui-master\repositories\generative-models\configs\inference\sd_2_1.yaml","D:\zzipp\جي بي\الكميرا\_organized_generation_workspace_20260612\02_stable_diffusion_webui\stable-diffusion-webui-master\stable-diffusion-webui-master\repositories\generative-models\configs\inference\sd_2_1.yaml","sd_2_1.yaml",".yaml","1979","0.002","26/12/47 02:00:56 م"
"02_stable_diffusion_webui\stable-diffusion-webui-master\stable-diffusion-webui-master\repositories\generative-models\configs\inference\sd_xl_base.yaml","D:\zzipp\جي بي\الكميرا\_organized_generation_workspace_20260612\02_stable_diffusion_webui\stable-diffusion-webui-master\stable-diffusion-webui-master\repositories\generative-models\configs\inference\sd_xl_base.yaml","sd_xl_base.yaml",".yaml","3345","0.003","26/12/47 02:00:56 م"
"02_stable_diffusion_webui\stable-diffusion-webui-master\stable-diffusion-webui-master\repositories\generative-models\configs\inference\sd_xl_refiner.yaml","D:\zzipp\جي بي\الكميرا\_organized_generation_workspace_20260612\02_stable_diffusion_webui\stable-diffusion-webui-master\stable-diffusion-webui-master\repositories\generative-models\configs\inference\sd_xl_refiner.yaml","sd_xl_refiner.yaml",".yaml","3039","0.003","26/12/47 02:00:56 م"
"02_stable_diffusion_webui\stable-diffusion-webui-master\stable-diffusion-webui-master\repositories\generative-models\requirements\pt13.txt","D:\zzipp\جي بي\الكميرا\_organized_generation_workspace_20260612\02_stable_diffusion_webui\stable-diffusion-webui-master\stable-diffusion-webui-master\repositories\generative-models\requirements\pt13.txt","pt13.txt",".txt","804","0.001","26/12/47 02:00:56 م"
"02_stable_diffusion_webui\stable-diffusion-webui-master\stable-diffusion-webui-master\repositories\generative-models\requirements\pt2.txt","D:\zzipp\جي بي\الكميرا\_organized_generation_workspace_20260612\02_stable_diffusion_webui\stable-diffusion-webui-master\stable-diffusion-webui-master\repositories\generative-models\requirements\pt2.txt","pt2.txt",".txt","727","0.001","26/12/47 02:00:56 م"
"02_stable_diffusion_webui\stable-diffusion-webui-master\stable-diffusion-webui-master\repositories\k-diffusion\pyproject.toml","D:\zzipp\جي بي\الكميرا\_organized_generation_workspace_20260612\02_stable_diffusion_webui\stable-diffusion-webui-master\stable-diffusion-webui-master\repositories\k-diffusion\pyproject.toml","pyproject.toml",".toml","84","0","26/12/47 02:01:00 م"
"02_stable_diffusion_webui\stable-diffusion-webui-master\stable-diffusion-webui-master\repositories\k-diffusion\requirements.txt","D:\zzipp\جي بي\الكميرا\_organized_generation_workspace_20260612\02_stable_diffusion_webui\stable-diffusion-webui-master\stable-diffusion-webui-master\repositories\k-diffusion\requirements.txt","requirements.txt",".txt","164","0","26/12/47 02:01:00 م"
"02_stable_diffusion_webui\stable-diffusion-webui-master\stable-diffusion-webui-master\repositories\k-diffusion\setup.cfg","D:\zzipp\جي بي\الكميرا\_organized_generation_workspace_20260612\02_stable_diffusion_webui\stable-diffusion-webui-master\stable-diffusion-webui-master\repositories\k-diffusion\setup.cfg","setup.cfg",".cfg","605","0.001","26/12/47 02:01:00 م"
"02_stable_diffusion_webui\stable-diffusion-webui-master\stable-diffusion-webui-master\repositories\k-diffusion\.github\workflows\python-publish.yml","D:\zzipp\جي بي\الكميرا\_organized_generation_workspace_20260612\02_stable_diffusion_webui\stable-diffusion-webui-master\stable-diffusion-webui-master\repositories\k-diffusion\.github\workflows\python-publish.yml","python-publish.yml",".yml","1043","0.001","26/12/47 02:01:00 م"
"02_stable_diffusion_webui\stable-diffusion-webui-master\stable-diffusion-webui-master\repositories\k-diffusion\configs\config_32x32_small_butterflies.json","D:\zzipp\جي بي\الكميرا\_organized_generation_workspace_20260612\02_stable_diffusion_webui\stable-diffusion-webui-master\stable-diffusion-webui-master\repositories\k-diffusion\configs\config_32x32_small_butterflies.json","config_32x32_small_butterflies.json",".json","1133","0.001","26/12/47 02:01:00 م"
"02_stable_diffusion_webui\stable-diffusion-webui-master\stable-diffusion-webui-master\repositories\k-diffusion\configs\config_32x32_small.json","D:\zzipp\جي بي\الكميرا\_organized_generation_workspace_20260612\02_stable_diffusion_webui\stable-diffusion-webui-master\stable-diffusion-webui-master\repositories\k-diffusion\configs\config_32x32_small.json","config_32x32_small.json",".json","1081","0.001","26/12/47 02:01:00 م"
"02_stable_diffusion_webui\stable-diffusion-webui-master\stable-diffusion-webui-master\repositories\k-diffusion\configs\config_cifar10.json","D:\zzipp\جي بي\الكميرا\_organized_generation_workspace_20260612\02_stable_diffusion_webui\stable-diffusion-webui-master\stable-diffusion-webui-master\repositories\k-diffusion\configs\config_cifar10.json","config_cifar10.json",".json","1065","0.001","26/12/47 02:01:00 م"
"02_stable_diffusion_webui\stable-diffusion-webui-master\stable-diffusion-webui-master\repositories\k-diffusion\configs\config_mnist.json","D:\zzipp\جي بي\الكميرا\_organized_generation_workspace_20260612\02_stable_diffusion_webui\stable-diffusion-webui-master\stable-diffusion-webui-master\repositories\k-diffusion\configs\config_mnist.json","config_mnist.json",".json","1067","0.001","26/12/47 02:01:00 م"
"02_stable_diffusion_webui\stable-diffusion-webui-master\stable-diffusion-webui-master\repositories\BLIP\cog.yaml","D:\zzipp\جي بي\الكميرا\_organized_generation_workspace_20260612\02_stable_diffusion_webui\stable-diffusion-webui-master\stable-diffusion-webui-master\repositories\BLIP\cog.yaml","cog.yaml",".yaml","367","0","26/12/47 02:01:06 م"
"02_stable_diffusion_webui\stable-diffusion-webui-master\stable-diffusion-webui-master\repositories\BLIP\LICENSE.txt","D:\zzipp\جي بي\الكميرا\_organized_generation_workspace_20260612\02_stable_diffusion_webui\stable-diffusion-webui-master\stable-diffusion-webui-master\repositories\BLIP\LICENSE.txt","LICENSE.txt",".txt","1494","0.001","26/12/47 02:01:06 م"
"02_stable_diffusion_webui\stable-diffusion-webui-master\stable-diffusion-webui-master\repositories\BLIP\requirements.txt","D:\zzipp\جي بي\الكميرا\_organized_generation_workspace_20260612\02_stable_diffusion_webui\stable-diffusion-webui-master\stable-diffusion-webui-master\repositories\BLIP\requirements.txt","requirements.txt",".txt","69","0","26/12/47 02:01:08 م"
"02_stable_diffusion_webui\stable-diffusion-webui-master\stable-diffusion-webui-master\repositories\BLIP\configs\bert_config.json","D:\zzipp\جي بي\الكميرا\_organized_generation_workspace_20260612\02_stable_diffusion_webui\stable-diffusion-webui-master\stable-diffusion-webui-master\repositories\BLIP\configs\bert_config.json","bert_config.json",".json","506","0","26/12/47 02:01:06 م"
"02_stable_diffusion_webui\stable-diffusion-webui-master\stable-diffusion-webui-master\repositories\BLIP\configs\caption_coco.yaml","D:\zzipp\جي بي\الكميرا\_organized_generation_workspace_20260612\02_stable_diffusion_webui\stable-diffusion-webui-master\stable-diffusion-webui-master\repositories\BLIP\configs\caption_coco.yaml","caption_coco.yaml",".yaml","684","0.001","26/12/47 02:01:06 م"
"02_stable_diffusion_webui\stable-diffusion-webui-master\stable-diffusion-webui-master\repositories\BLIP\configs\med_config.json","D:\zzipp\جي بي\الكميرا\_organized_generation_workspace_20260612\02_stable_diffusion_webui\stable-diffusion-webui-master\stable-diffusion-webui-master\repositories\BLIP\configs\med_config.json","med_config.json",".json","506","0","26/12/47 02:01:06 م"
"02_stable_diffusion_webui\stable-diffusion-webui-master\stable-diffusion-webui-master\repositories\BLIP\configs\nlvr.yaml","D:\zzipp\جي بي\الكميرا\_organized_generation_workspace_20260612\02_stable_diffusion_webui\stable-diffusion-webui-master\stable-diffusion-webui-master\repositories\BLIP\configs\nlvr.yaml","nlvr.yaml",".yaml","462","0","26/12/47 02:01:08 م"
"02_stable_diffusion_webui\stable-diffusion-webui-master\stable-diffusion-webui-master\repositories\BLIP\configs\nocaps.yaml","D:\zzipp\جي بي\الكميرا\_organized_generation_workspace_20260612\02_stable_diffusion_webui\stable-diffusion-webui-master\stable-diffusion-webui-master\repositories\BLIP\configs\nocaps.yaml","nocaps.yaml",".yaml","366","0","26/12/47 02:01:08 م"
"02_stable_diffusion_webui\stable-diffusion-webui-master\stable-diffusion-webui-master\repositories\BLIP\configs\pretrain.yaml","D:\zzipp\جي بي\الكميرا\_organized_generation_workspace_20260612\02_stable_diffusion_webui\stable-diffusion-webui-master\stable-diffusion-webui-master\repositories\BLIP\configs\pretrain.yaml","pretrain.yaml",".yaml","506","0","26/12/47 02:01:08 م"
"02_stable_diffusion_webui\stable-diffusion-webui-master\stable-diffusion-webui-master\repositories\BLIP\configs\retrieval_coco.yaml","D:\zzipp\جي بي\الكميرا\_organized_generation_workspace_20260612\02_stable_diffusion_webui\stable-diffusion-webui-master\stable-diffusion-webui-master\repositories\BLIP\configs\retrieval_coco.yaml","retrieval_coco.yaml",".yaml","689","0.001","26/12/47 02:01:08 م"
"02_stable_diffusion_webui\stable-diffusion-webui-master\stable-diffusion-webui-master\repositories\BLIP\configs\retrieval_flickr.yaml","D:\zzipp\جي بي\الكميرا\_organized_generation_workspace_20260612\02_stable_diffusion_webui\stable-diffusion-webui-master\stable-diffusion-webui-master\repositories\BLIP\configs\retrieval_flickr.yaml","retrieval_flickr.yaml",".yaml","692","0.001","26/12/47 02:01:08 م"
"02_stable_diffusion_webui\stable-diffusion-webui-master\stable-diffusion-webui-master\repositories\BLIP\configs\retrieval_msrvtt.yaml","D:\zzipp\جي بي\الكميرا\_organized_generation_workspace_20260612\02_stable_diffusion_webui\stable-diffusion-webui-master\stable-diffusion-webui-master\repositories\BLIP\configs\retrieval_msrvtt.yaml","retrieval_msrvtt.yaml",".yaml","365","0","26/12/47 02:01:08 م"
"02_stable_diffusion_webui\stable-diffusion-webui-master\stable-diffusion-webui-master\repositories\BLIP\configs\vqa.yaml","D:\zzipp\جي بي\الكميرا\_organized_generation_workspace_20260612\02_stable_diffusion_webui\stable-diffusion-webui-master\stable-diffusion-webui-master\repositories\BLIP\configs\vqa.yaml","vqa.yaml",".yaml","663","0.001","26/12/47 02:01:08 م"
"02_stable_diffusion_webui\stable-diffusion-webui-master\stable-diffusion-webui-master\repositories\taming-transformers\environment.yaml","D:\zzipp\جي بي\الكميرا\_organized_generation_workspace_20260612\02_stable_diffusion_webui\stable-diffusion-webui-master\stable-diffusion-webui-master\repositories\taming-transformers\environment.yaml","environment.yaml",".yaml","516","0","26/12/47 02:32:58 م"
"02_stable_diffusion_webui\stable-diffusion-webui-master\stable-diffusion-webui-master\repositories\taming-transformers\License.txt","D:\zzipp\جي بي\الكميرا\_organized_generation_workspace_20260612\02_stable_diffusion_webui\stable-diffusion-webui-master\stable-diffusion-webui-master\repositories\taming-transformers\License.txt","License.txt",".txt","1112","0.001","26/12/47 02:32:44 م"
"02_stable_diffusion_webui\stable-diffusion-webui-master\stable-diffusion-webui-master\repositories\taming-transformers\configs\coco_cond_stage.yaml","D:\zzipp\جي بي\الكميرا\_organized_generation_workspace_20260612\02_stable_diffusion_webui\stable-diffusion-webui-master\stable-diffusion-webui-master\repositories\taming-transformers\configs\coco_cond_stage.yaml","coco_cond_stage.yaml",".yaml","1091","0.001","26/12/47 02:32:44 م"
"02_stable_diffusion_webui\stable-diffusion-webui-master\stable-diffusion-webui-master\repositories\taming-transformers\configs\coco_scene_images_transformer.yaml","D:\zzipp\جي بي\الكميرا\_organized_generation_workspace_20260612\02_stable_diffusion_webui\stable-diffusion-webui-master\stable-diffusion-webui-master\repositories\taming-transformers\configs\coco_scene_images_transformer.yaml","coco_scene_images_transformer.yaml",".yaml","2503","0.002","26/12/47 02:32:44 م"
"02_stable_diffusion_webui\stable-diffusion-webui-master\stable-diffusion-webui-master\repositories\taming-transformers\configs\custom_vqgan.yaml","D:\zzipp\جي بي\الكميرا\_organized_generation_workspace_20260612\02_stable_diffusion_webui\stable-diffusion-webui-master\stable-diffusion-webui-master\repositories\taming-transformers\configs\custom_vqgan.yaml","custom_vqgan.yaml",".yaml","1038","0.001","26/12/47 02:32:44 م"
"02_stable_diffusion_webui\stable-diffusion-webui-master\stable-diffusion-webui-master\repositories\taming-transformers\configs\drin_transformer.yaml","D:\zzipp\جي بي\الكميرا\_organized_generation_workspace_20260612\02_stable_diffusion_webui\stable-diffusion-webui-master\stable-diffusion-webui-master\repositories\taming-transformers\configs\drin_transformer.yaml","drin_transformer.yaml",".yaml","1941","0.002","26/12/47 02:32:44 م"
"02_stable_diffusion_webui\stable-diffusion-webui-master\stable-diffusion-webui-master\repositories\taming-transformers\configs\faceshq_transformer.yaml","D:\zzipp\جي بي\الكميرا\_organized_generation_workspace_20260612\02_stable_diffusion_webui\stable-diffusion-webui-master\stable-diffusion-webui-master\repositories\taming-transformers\configs\faceshq_transformer.yaml","faceshq_transformer.yaml",".yaml","1510","0.001","26/12/47 02:32:44 م"
"02_stable_diffusion_webui\stable-diffusion-webui-master\stable-diffusion-webui-master\repositories\taming-transformers\configs\faceshq_vqgan.yaml","D:\zzipp\جي بي\الكميرا\_organized_generation_workspace_20260612\02_stable_diffusion_webui\stable-diffusion-webui-master\stable-diffusion-webui-master\repositories\taming-transformers\configs\faceshq_vqgan.yaml","faceshq_vqgan.yaml",".yaml","994","0.001","26/12/47 02:32:44 م"
"02_stable_diffusion_webui\stable-diffusion-webui-master\stable-diffusion-webui-master\repositories\taming-transformers\configs\imagenet_vqgan.yaml","D:\zzipp\جي بي\الكميرا\_organized_generation_workspace_20260612\02_stable_diffusion_webui\stable-diffusion-webui-master\stable-diffusion-webui-master\repositories\taming-transformers\configs\imagenet_vqgan.yaml","imagenet_vqgan.yaml",".yaml","991","0.001","26/12/47 02:32:44 م"
"02_stable_diffusion_webui\stable-diffusion-webui-master\stable-diffusion-webui-master\repositories\taming-transformers\configs\imagenetdepth_vqgan.yaml","D:\zzipp\جي بي\الكميرا\_organized_generation_workspace_20260612\02_stable_diffusion_webui\stable-diffusion-webui-master\stable-diffusion-webui-master\repositories\taming-transformers\configs\imagenetdepth_vqgan.yaml","imagenetdepth_vqgan.yaml",".yaml","991","0.001","26/12/47 02:32:44 م"
"02_stable_diffusion_webui\stable-diffusion-webui-master\stable-diffusion-webui-master\repositories\taming-transformers\configs\open_images_scene_images_transformer.yaml","D:\zzipp\جي بي\الكميرا\_organized_generation_workspace_20260612\02_stable_diffusion_webui\stable-diffusion-webui-master\stable-diffusion-webui-master\repositories\taming-transformers\configs\open_images_scene_images_transformer.yaml","open_images_scene_images_transformer.yaml",".yaml","3047","0.003","26/12/47 02:32:44 م"
"02_stable_diffusion_webui\stable-diffusion-webui-master\stable-diffusion-webui-master\repositories\taming-transformers\configs\sflckr_cond_stage.yaml","D:\zzipp\جي بي\الكميرا\_organized_generation_workspace_20260612\02_stable_diffusion_webui\stable-diffusion-webui-master\stable-diffusion-webui-master\repositories\taming-transformers\configs\sflckr_cond_stage.yaml","sflckr_cond_stage.yaml",".yaml","896","0.001","26/12/47 02:32:44 م"
"02_stable_diffusion_webui\stable-diffusion-webui-master\stable-diffusion-webui-master\repositories\taming-transformers\data\ade20k_examples.txt","D:\zzipp\جي بي\الكميرا\_organized_generation_workspace_20260612\02_stable_diffusion_webui\stable-diffusion-webui-master\stable-diffusion-webui-master\repositories\taming-transformers\data\ade20k_examples.txt","ade20k_examples.txt",".txt","660","0.001","26/12/47 02:32:44 م"
"02_stable_diffusion_webui\stable-diffusion-webui-master\stable-diffusion-webui-master\repositories\taming-transformers\data\celebahqtrain.txt","D:\zzipp\جي بي\الكميرا\_organized_generation_workspace_20260612\02_stable_diffusion_webui\stable-diffusion-webui-master\stable-diffusion-webui-master\repositories\taming-transformers\data\celebahqtrain.txt","celebahqtrain.txt",".txt","400000","0.381","26/12/47 02:32:44 م"
"02_stable_diffusion_webui\stable-diffusion-webui-master\stable-diffusion-webui-master\repositories\taming-transformers\data\celebahqvalidation.txt","D:\zzipp\جي بي\الكميرا\_organized_generation_workspace_20260612\02_stable_diffusion_webui\stable-diffusion-webui-master\stable-diffusion-webui-master\repositories\taming-transformers\data\celebahqvalidation.txt","celebahqvalidation.txt",".txt","80000","0.076","26/12/47 02:32:44 م"
"02_stable_diffusion_webui\stable-diffusion-webui-master\stable-diffusion-webui-master\repositories\taming-transformers\data\coco_examples.txt","D:\zzipp\جي بي\الكميرا\_organized_generation_workspace_20260612\02_stable_diffusion_webui\stable-diffusion-webui-master\stable-diffusion-webui-master\repositories\taming-transformers\data\coco_examples.txt","coco_examples.txt",".txt","630","0.001","26/12/47 02:32:48 م"
"02_stable_diffusion_webui\stable-diffusion-webui-master\stable-diffusion-webui-master\repositories\taming-transformers\data\drin_examples.txt","D:\zzipp\جي بي\الكميرا\_organized_generation_workspace_20260612\02_stable_diffusion_webui\stable-diffusion-webui-master\stable-diffusion-webui-master\repositories\taming-transformers\data\drin_examples.txt","drin_examples.txt",".txt","1000","0.001","26/12/47 02:32:52 م"
"02_stable_diffusion_webui\stable-diffusion-webui-master\stable-diffusion-webui-master\repositories\taming-transformers\data\ffhqtrain.txt","D:\zzipp\جي بي\الكميرا\_organized_generation_workspace_20260612\02_stable_diffusion_webui\stable-diffusion-webui-master\stable-diffusion-webui-master\repositories\taming-transformers\data\ffhqtrain.txt","ffhqtrain.txt",".txt","660000","0.629","26/12/47 02:32:52 م"
"02_stable_diffusion_webui\stable-diffusion-webui-master\stable-diffusion-webui-master\repositories\taming-transformers\data\ffhqvalidation.txt","D:\zzipp\جي بي\الكميرا\_organized_generation_workspace_20260612\02_stable_diffusion_webui\stable-diffusion-webui-master\stable-diffusion-webui-master\repositories\taming-transformers\data\ffhqvalidation.txt","ffhqvalidation.txt",".txt","110000","0.105","26/12/47 02:32:52 م"
"02_stable_diffusion_webui\stable-diffusion-webui-master\stable-diffusion-webui-master\repositories\taming-transformers\data\flickr_tags.txt","D:\zzipp\جي بي\الكميرا\_organized_generation_workspace_20260612\02_stable_diffusion_webui\stable-diffusion-webui-master\stable-diffusion-webui-master\repositories\taming-transformers\data\flickr_tags.txt","flickr_tags.txt",".txt","614","0.001","26/12/47 02:32:52 م"
"02_stable_diffusion_webui\stable-diffusion-webui-master\stable-diffusion-webui-master\repositories\taming-transformers\data\sflckr_examples.txt","D:\zzipp\جي بي\الكميرا\_organized_generation_workspace_20260612\02_stable_diffusion_webui\stable-diffusion-webui-master\stable-diffusion-webui-master\repositories\taming-transformers\data\sflckr_examples.txt","sflckr_examples.txt",".txt","971","0.001","26/12/47 02:32:56 م"
"02_stable_diffusion_webui\stable-diffusion-webui-master\stable-diffusion-webui-master\repositories\taming-transformers\data\subreddits.txt","D:\zzipp\جي بي\الكميرا\_organized_generation_workspace_20260612\02_stable_diffusion_webui\stable-diffusion-webui-master\stable-diffusion-webui-master\repositories\taming-transformers\data\subreddits.txt","subreddits.txt",".txt","137","0","26/12/47 02:32:58 م"
"02_stable_diffusion_webui\stable-diffusion-webui-master\stable-diffusion-webui-master\repositories\taming-transformers\data\coco_annotations_100\annotations\instances_train2017.json","D:\zzipp\جي بي\الكميرا\_organized_generation_workspace_20260612\02_stable_diffusion_webui\stable-diffusion-webui-master\stable-diffusion-webui-master\repositories\taming-transformers\data\coco_annotations_100\annotations\instances_train2017.json","instances_train2017.json",".json","431188","0.411","26/12/47 02:32:46 م"
"02_stable_diffusion_webui\stable-diffusion-webui-master\stable-diffusion-webui-master\repositories\taming-transformers\data\coco_annotations_100\annotations\instances_val2017.json","D:\zzipp\جي بي\الكميرا\_organized_generation_workspace_20260612\02_stable_diffusion_webui\stable-diffusion-webui-master\stable-diffusion-webui-master\repositories\taming-transformers\data\coco_annotations_100\annotations\instances_val2017.json","instances_val2017.json",".json","468975","0.447","26/12/47 02:32:46 م"
"02_stable_diffusion_webui\stable-diffusion-webui-master\stable-diffusion-webui-master\repositories\taming-transformers\data\coco_annotations_100\annotations\stuff_train2017.json","D:\zzipp\جي بي\الكميرا\_organized_generation_workspace_20260612\02_stable_diffusion_webui\stable-diffusion-webui-master\stable-diffusion-webui-master\repositories\taming-transformers\data\coco_annotations_100\annotations\stuff_train2017.json","stuff_train2017.json",".json","982823","0.937","26/12/47 02:32:46 م"
"02_stable_diffusion_webui\stable-diffusion-webui-master\stable-diffusion-webui-master\repositories\taming-transformers\data\coco_annotations_100\annotations\stuff_val2017.json","D:\zzipp\جي بي\الكميرا\_organized_generation_workspace_20260612\02_stable_diffusion_webui\stable-diffusion-webui-master\stable-diffusion-webui-master\repositories\taming-transformers\data\coco_annotations_100\annotations\stuff_val2017.json","stuff_val2017.json",".json","1000963","0.955","26/12/47 02:32:46 م"
"02_stable_diffusion_webui\stable-diffusion-webui-master\stable-diffusion-webui-master\repositories\taming-transformers\data\open_images_annotations_100\class-descriptions-boxable.csv","D:\zzipp\جي بي\الكميرا\_organized_generation_workspace_20260612\02_stable_diffusion_webui\stable-diffusion-webui-master\stable-diffusion-webui-master\repositories\taming-transformers\data\open_images_annotations_100\class-descriptions-boxable.csv","class-descriptions-boxable.csv",".csv","12011","0.011","26/12/47 02:32:52 م"
"02_stable_diffusion_webui\stable-diffusion-webui-master\stable-diffusion-webui-master\repositories\taming-transformers\data\open_images_annotations_100\oidv6-train-annotations-bbox.csv","D:\zzipp\جي بي\الكميرا\_organized_generation_workspace_20260612\02_stable_diffusion_webui\stable-diffusion-webui-master\stable-diffusion-webui-master\repositories\taming-transformers\data\open_images_annotations_100\oidv6-train-annotations-bbox.csv","oidv6-train-annotations-bbox.csv",".csv","146801","0.14","26/12/47 02:32:52 م"
"02_stable_diffusion_webui\stable-diffusion-webui-master\stable-diffusion-webui-master\repositories\taming-transformers\data\open_images_annotations_100\train-images-boxable.csv","D:\zzipp\جي بي\الكميرا\_organized_generation_workspace_20260612\02_stable_diffusion_webui\stable-diffusion-webui-master\stable-diffusion-webui-master\repositories\taming-transformers\data\open_images_annotations_100\train-images-boxable.csv","train-images-boxable.csv",".csv","12422","0.012","26/12/47 02:32:52 م"
"02_stable_diffusion_webui\stable-diffusion-webui-master\stable-diffusion-webui-master\repositories\taming-transformers\data\open_images_annotations_100\validation-annotations-bbox.csv","D:\zzipp\جي بي\الكميرا\_organized_generation_workspace_20260612\02_stable_diffusion_webui\stable-diffusion-webui-master\stable-diffusion-webui-master\repositories\taming-transformers\data\open_images_annotations_100\validation-annotations-bbox.csv","validation-annotations-bbox.csv",".csv","75021","0.072","26/12/47 02:32:54 م"
"02_stable_diffusion_webui\stable-diffusion-webui-master\stable-diffusion-webui-master\repositories\taming-transformers\data\open_images_annotations_100\validation-images.csv","D:\zzipp\جي بي\الكميرا\_organized_generation_workspace_20260612\02_stable_diffusion_webui\stable-diffusion-webui-master\stable-diffusion-webui-master\repositories\taming-transformers\data\open_images_annotations_100\validation-images.csv","validation-images.csv",".csv","22","0","26/12/47 02:32:54 م"
"03_shared_models_and_outputs\stable_diffusion_api_probe\sdwebui_api_probe_14471226_180013.json","D:\zzipp\جي بي\الكميرا\_organized_generation_workspace_20260612\03_shared_models_and_outputs\stable_diffusion_api_probe\sdwebui_api_probe_14471226_180013.json","sdwebui_api_probe_14471226_180013.json",".json","825","0.001","26/12/47 06:03:42 م"
"05_docs_reports\ALL_SYSTEM_FOLDERS_ONE_PLACE_links.csv","D:\zzipp\جي بي\الكميرا\_organized_generation_workspace_20260612\05_docs_reports\ALL_SYSTEM_FOLDERS_ONE_PLACE_links.csv","ALL_SYSTEM_FOLDERS_ONE_PLACE_links.csv",".csv","2797","0.003","26/12/47 08:51:50 م"
"05_docs_reports\ALL_SYSTEM_FOLDERS_ONE_PLACE_shortcuts.csv","D:\zzipp\جي بي\الكميرا\_organized_generation_workspace_20260612\05_docs_reports\ALL_SYSTEM_FOLDERS_ONE_PLACE_shortcuts.csv","ALL_SYSTEM_FOLDERS_ONE_PLACE_shortcuts.csv",".csv","2867","0.003","26/12/47 08:52:08 م"
"05_docs_reports\fooocus_entry_with_update_full_pid.txt","D:\zzipp\جي بي\الكميرا\_organized_generation_workspace_20260612\05_docs_reports\fooocus_entry_with_update_full_pid.txt","fooocus_entry_with_update_full_pid.txt",".txt","7","0","26/12/47 06:07:38 م"
"05_docs_reports\fooocus_gradio_config_probe.json","D:\zzipp\جي بي\الكميرا\_organized_generation_workspace_20260612\05_docs_reports\fooocus_gradio_config_probe.json","fooocus_gradio_config_probe.json",".json","195965","0.187","26/12/47 09:57:02 ص"
"05_docs_reports\FULL_ALL_FILES_INVENTORY.csv","D:\zzipp\جي بي\الكميرا\_organized_generation_workspace_20260612\05_docs_reports\FULL_ALL_FILES_INVENTORY.csv","FULL_ALL_FILES_INVENTORY.csv",".csv","29406012","28.044","26/12/47 08:50:56 م"
"05_docs_reports\FULL_DIRECTORY_TREE.txt","D:\zzipp\جي بي\الكميرا\_organized_generation_workspace_20260612\05_docs_reports\FULL_DIRECTORY_TREE.txt","FULL_DIRECTORY_TREE.txt",".txt","655786","0.625","26/12/47 08:50:56 م"
"05_docs_reports\model_copy_finish_report.csv","D:\zzipp\جي بي\الكميرا\_organized_generation_workspace_20260612\05_docs_reports\model_copy_finish_report.csv","model_copy_finish_report.csv",".csv","1308","0.001","26/12/47 09:25:34 ص"
"05_docs_reports\model_hardlink_finish_report.csv","D:\zzipp\جي بي\الكميرا\_organized_generation_workspace_20260612\05_docs_reports\model_hardlink_finish_report.csv","model_hardlink_finish_report.csv",".csv","1676","0.002","26/12/47 09:18:42 ص"
"05_docs_reports\model_requirements_status.txt","D:\zzipp\جي بي\الكميرا\_organized_generation_workspace_20260612\05_docs_reports\model_requirements_status.txt","model_requirements_status.txt",".txt","1168","0.001","26/12/47 09:09:04 ص"
"05_docs_reports\production_readiness_status.txt","D:\zzipp\جي بي\الكميرا\_organized_generation_workspace_20260612\05_docs_reports\production_readiness_status.txt","production_readiness_status.txt",".txt","3132","0.003","26/12/47 06:09:44 م"
"05_docs_reports\stable_diffusion_webui_api_current_pid.txt","D:\zzipp\جي بي\الكميرا\_organized_generation_workspace_20260612\05_docs_reports\stable_diffusion_webui_api_current_pid.txt","stable_diffusion_webui_api_current_pid.txt",".txt","8","0","26/12/47 05:02:02 م"
"05_docs_reports\stable_diffusion_webui_api_direct_pid.txt","D:\zzipp\جي بي\الكميرا\_organized_generation_workspace_20260612\05_docs_reports\stable_diffusion_webui_api_direct_pid.txt","stable_diffusion_webui_api_direct_pid.txt",".txt","8","0","26/12/47 05:56:50 م"
"05_docs_reports\stable_diffusion_webui_run_pid.txt","D:\zzipp\جي بي\الكميرا\_organized_generation_workspace_20260612\05_docs_reports\stable_diffusion_webui_run_pid.txt","stable_diffusion_webui_run_pid.txt",".txt","7","0","26/12/47 02:14:38 م"
"05_docs_reports\stable_diffusion_webui_smoke_bg_pid.txt","D:\zzipp\جي بي\الكميرا\_organized_generation_workspace_20260612\05_docs_reports\stable_diffusion_webui_smoke_bg_pid.txt","stable_diffusion_webui_smoke_bg_pid.txt",".txt","7","0","26/12/47 01:44:12 م"
"05_docs_reports\TOP_LEVEL_COUNTS_ALL.csv","D:\zzipp\جي بي\الكميرا\_organized_generation_workspace_20260612\05_docs_reports\TOP_LEVEL_COUNTS_ALL.csv","TOP_LEVEL_COUNTS_ALL.csv",".csv","1535","0.001","26/12/47 08:50:56 م"
"05_docs_reports\zip_classification_manifest.csv","D:\zzipp\جي بي\الكميرا\_organized_generation_workspace_20260612\05_docs_reports\zip_classification_manifest.csv","zip_classification_manifest.csv",".csv","2860","0.003","26/12/47 09:07:32 ص"
".venv_fooocus\pyvenv.cfg","D:\zzipp\جي بي\الكميرا\_organized_generation_workspace_20260612\.venv_fooocus\pyvenv.cfg","pyvenv.cfg",".cfg","118","0","26/12/47 09:30:38 ص"
".venv_fooocus\Lib\site-packages\wheel-0.47.0.dist-info\entry_points.txt","D:\zzipp\جي بي\الكميرا\_organized_generation_workspace_20260612\.venv_fooocus\Lib\site-packages\wheel-0.47.0.dist-info\entry_points.txt","entry_points.txt",".txt","110","0","26/12/47 09:31:08 ص"
".venv_fooocus\Lib\site-packages\wheel-0.47.0.dist-info\licenses\LICENSE.txt","D:\zzipp\جي بي\الكميرا\_organized_generation_workspace_20260612\.venv_fooocus\Lib\site-packages\wheel-0.47.0.dist-info\licenses\LICENSE.txt","LICENSE.txt",".txt","1107","0.001","26/12/47 09:31:08 ص"
".venv_fooocus\Lib\site-packages\setuptools\_vendor\importlib_metadata-8.7.1.dist-info\top_level.txt","D:\zzipp\جي بي\الكميرا\_organized_generation_workspace_20260612\.venv_fooocus\Lib\site-packages\setuptools\_vendor\importlib_metadata-8.7.1.dist-info\top_level.txt","top_level.txt",".txt","19","0","26/12/47 09:31:14 ص"
".venv_fooocus\Lib\site-packages\setuptools\_vendor\jaraco\text\Lorem ipsum.txt","D:\zzipp\جي بي\الكميرا\_organized_generation_workspace_20260612\.venv_fooocus\Lib\site-packages\setuptools\_vendor\jaraco\text\Lorem ipsum.txt","Lorem ipsum.txt",".txt","1335","0.001","26/12/47 09:31:12 ص"
".venv_fooocus\Lib\site-packages\setuptools\_vendor\jaraco_context-6.1.0.dist-info\top_level.txt","D:\zzipp\جي بي\الكميرا\_organized_generation_workspace_20260612\.venv_fooocus\Lib\site-packages\setuptools\_vendor\jaraco_context-6.1.0.dist-info\top_level.txt","top_level.txt",".txt","7","0","26/12/47 09:31:14 ص"
".venv_fooocus\Lib\site-packages\setuptools\_vendor\jaraco_functools-4.4.0.dist-info\top_level.txt","D:\zzipp\جي بي\الكميرا\_organized_generation_workspace_20260612\.venv_fooocus\Lib\site-packages\setuptools\_vendor\jaraco_functools-4.4.0.dist-info\top_level.txt","top_level.txt",".txt","7","0","26/12/47 09:31:14 ص"
".venv_fooocus\Lib\site-packages\setuptools\_vendor\wheel-0.46.3.dist-info\entry_points.txt","D:\zzipp\جي بي\الكميرا\_organized_generation_workspace_20260612\.venv_fooocus\Lib\site-packages\setuptools\_vendor\wheel-0.46.3.dist-info\entry_points.txt","entry_points.txt",".txt","110","0","26/12/47 09:31:14 ص"
".venv_fooocus\Lib\site-packages\setuptools\_vendor\wheel-0.46.3.dist-info\licenses\LICENSE.txt","D:\zzipp\جي بي\الكميرا\_organized_generation_workspace_20260612\.venv_fooocus\Lib\site-packages\setuptools\_vendor\wheel-0.46.3.dist-info\licenses\LICENSE.txt","LICENSE.txt",".txt","1107","0.001","26/12/47 09:31:12 ص"
".venv_fooocus\Lib\site-packages\setuptools\_vendor\zipp-3.23.0.dist-info\top_level.txt","D:\zzipp\جي بي\الكميرا\_organized_generation_workspace_20260612\.venv_fooocus\Lib\site-packages\setuptools\_vendor\zipp-3.23.0.dist-info\top_level.txt","top_level.txt",".txt","5","0","26/12/47 09:31:14 ص"
".venv_fooocus\Lib\site-packages\setuptools\_vendor\autocommand-2.2.2.dist-info\top_level.txt","D:\zzipp\جي بي\الكميرا\_organized_generation_workspace_20260612\.venv_fooocus\Lib\site-packages\setuptools\_vendor\autocommand-2.2.2.dist-info\top_level.txt","top_level.txt",".txt","12","0","26/12/47 09:31:14 ص"
".venv_fooocus\Lib\site-packages\setuptools\_vendor\backports.tarfile-1.2.0.dist-info\top_level.txt","D:\zzipp\جي بي\الكميرا\_organized_generation_workspace_20260612\.venv_fooocus\Lib\site-packages\setuptools\_vendor\backports.tarfile-1.2.0.dist-info\top_level.txt","top_level.txt",".txt","10","0","26/12/47 09:31:14 ص"
".venv_fooocus\Lib\site-packages\setuptools\_vendor\jaraco.text-4.0.0.dist-info\top_level.txt","D:\zzipp\جي بي\الكميرا\_organized_generation_workspace_20260612\.venv_fooocus\Lib\site-packages\setuptools\_vendor\jaraco.text-4.0.0.dist-info\top_level.txt","top_level.txt",".txt","7","0","26/12/47 09:31:14 ص"
".venv_fooocus\Lib\site-packages\setuptools\config\distutils.schema.json","D:\zzipp\جي بي\الكميرا\_organized_generation_workspace_20260612\.venv_fooocus\Lib\site-packages\setuptools\config\distutils.schema.json","distutils.schema.json",".json","972","0.001","26/12/47 09:31:14 ص"
".venv_fooocus\Lib\site-packages\setuptools\config\setuptools.schema.json","D:\zzipp\جي بي\الكميرا\_organized_generation_workspace_20260612\.venv_fooocus\Lib\site-packages\setuptools\config\setuptools.schema.json","setuptools.schema.json",".json","16047","0.015","26/12/47 09:31:14 ص"
".venv_fooocus\Lib\site-packages\setuptools\tests\config\setupcfg_examples.txt","D:\zzipp\جي بي\الكميرا\_organized_generation_workspace_20260612\.venv_fooocus\Lib\site-packages\setuptools\tests\config\setupcfg_examples.txt","setupcfg_examples.txt",".txt","1912","0.002","26/12/47 09:31:14 ص"
".venv_fooocus\Lib\site-packages\setuptools-82.0.1.dist-info\entry_points.txt","D:\zzipp\جي بي\الكميرا\_organized_generation_workspace_20260612\.venv_fooocus\Lib\site-packages\setuptools-82.0.1.dist-info\entry_points.txt","entry_points.txt",".txt","2449","0.002","26/12/47 09:31:14 ص"
".venv_fooocus\Lib\site-packages\setuptools-82.0.1.dist-info\top_level.txt","D:\zzipp\جي بي\الكميرا\_organized_generation_workspace_20260612\.venv_fooocus\Lib\site-packages\setuptools-82.0.1.dist-info\top_level.txt","top_level.txt",".txt","27","0","26/12/47 09:31:14 ص"
".venv_fooocus\Lib\site-packages\pip\_vendor\vendor.txt","D:\zzipp\جي بي\الكميرا\_organized_generation_workspace_20260612\.venv_fooocus\Lib\site-packages\pip\_vendor\vendor.txt","vendor.txt",".txt","316","0","26/12/47 09:31:28 ص"
".venv_fooocus\Lib\site-packages\pip\_vendor\cachecontrol\LICENSE.txt","D:\zzipp\جي بي\الكميرا\_organized_generation_workspace_20260612\.venv_fooocus\Lib\site-packages\pip\_vendor\cachecontrol\LICENSE.txt","LICENSE.txt",".txt","558","0.001","26/12/47 09:31:28 ص"
".venv_fooocus\Lib\site-packages\pip\_vendor\distlib\LICENSE.txt","D:\zzipp\جي بي\الكميرا\_organized_generation_workspace_20260612\.venv_fooocus\Lib\site-packages\pip\_vendor\distlib\LICENSE.txt","LICENSE.txt",".txt","14531","0.014","26/12/47 09:31:28 ص"
".venv_fooocus\Lib\site-packages\pip\_vendor\urllib3\LICENSE.txt","D:\zzipp\جي بي\الكميرا\_organized_generation_workspace_20260612\.venv_fooocus\Lib\site-packages\pip\_vendor\urllib3\LICENSE.txt","LICENSE.txt",".txt","1093","0.001","26/12/47 09:31:30 ص"
".venv_fooocus\Lib\site-packages\pip-26.1.2.dist-info\entry_points.txt","D:\zzipp\جي بي\الكميرا\_organized_generation_workspace_20260612\.venv_fooocus\Lib\site-packages\pip-26.1.2.dist-info\entry_points.txt","entry_points.txt",".txt","84","0","26/12/47 09:31:32 ص"
".venv_fooocus\Lib\site-packages\pip-26.1.2.dist-info\licenses\AUTHORS.txt","D:\zzipp\جي بي\الكميرا\_organized_generation_workspace_20260612\.venv_fooocus\Lib\site-packages\pip-26.1.2.dist-info\licenses\AUTHORS.txt","AUTHORS.txt",".txt","11869","0.011","26/12/47 09:31:32 ص"
".venv_fooocus\Lib\site-packages\pip-26.1.2.dist-info\licenses\LICENSE.txt","D:\zzipp\جي بي\الكميرا\_organized_generation_workspace_20260612\.venv_fooocus\Lib\site-packages\pip-26.1.2.dist-info\licenses\LICENSE.txt","LICENSE.txt",".txt","1093","0.001","26/12/47 09:31:32 ص"
".venv_fooocus\Lib\site-packages\pip-26.1.2.dist-info\licenses\src\pip\_vendor\cachecontrol\LICENSE.txt","D:\zzipp\جي بي\الكميرا\_organized_generation_workspace_20260612\.venv_fooocus\Lib\site-packages\pip-26.1.2.dist-info\licenses\src\pip\_vendor\cachecontrol\LICENSE.txt","LICENSE.txt",".txt","558","0.001","26/12/47 09:31:32 ص"
".venv_fooocus\Lib\site-packages\pip-26.1.2.dist-info\licenses\src\pip\_vendor\distlib\LICENSE.txt","D:\zzipp\جي بي\الكميرا\_organized_generation_workspace_20260612\.venv_fooocus\Lib\site-packages\pip-26.1.2.dist-info\licenses\src\pip\_vendor\distlib\LICENSE.txt","LICENSE.txt",".txt","14531","0.014","26/12/47 09:31:32 ص"
".venv_fooocus\Lib\site-packages\pip-26.1.2.dist-info\licenses\src\pip\_vendor\urllib3\LICENSE.txt","D:\zzipp\جي بي\الكميرا\_organized_generation_workspace_20260612\.venv_fooocus\Lib\site-packages\pip-26.1.2.dist-info\licenses\src\pip\_vendor\urllib3\LICENSE.txt","LICENSE.txt",".txt","1093","0.001","26/12/47 09:31:32 ص"
".venv_fooocus\Lib\site-packages\trampoline-0.1.2.dist-info\top_level.txt","D:\zzipp\جي بي\الكميرا\_organized_generation_workspace_20260612\.venv_fooocus\Lib\site-packages\trampoline-0.1.2.dist-info\top_level.txt","top_level.txt",".txt","11","0","26/12/47 09:32:44 ص"
".venv_fooocus\Lib\site-packages\segment_anything-1.0.dist-info\top_level.txt","D:\zzipp\جي بي\الكميرا\_organized_generation_workspace_20260612\.venv_fooocus\Lib\site-packages\segment_anything-1.0.dist-info\top_level.txt","top_level.txt",".txt","17","0","26/12/47 09:32:44 ص"
".venv_fooocus\Lib\site-packages\pytz-2026.2.dist-info\LICENSE.txt","D:\zzipp\جي بي\الكميرا\_organized_generation_workspace_20260612\.venv_fooocus\Lib\site-packages\pytz-2026.2.dist-info\LICENSE.txt","LICENSE.txt",".txt","1088","0.001","26/12/47 09:32:54 ص"
".venv_fooocus\Lib\site-packages\pytz-2026.2.dist-info\top_level.txt","D:\zzipp\جي بي\الكميرا\_organized_generation_workspace_20260612\.venv_fooocus\Lib\site-packages\pytz-2026.2.dist-info\top_level.txt","top_level.txt",".txt","5","0","26/12/47 09:32:54 ص"
".venv_fooocus\Lib\site-packages\pydub-0.25.1.dist-info\top_level.txt","D:\zzipp\جي بي\الكميرا\_organized_generation_workspace_20260612\.venv_fooocus\Lib\site-packages\pydub-0.25.1.dist-info\top_level.txt","top_level.txt",".txt","6","0","26/12/47 09:32:54 ص"
".venv_fooocus\Lib\site-packages\antlr4_python3_runtime-4.9.3.dist-info\top_level.txt","D:\zzipp\جي بي\الكميرا\_organized_generation_workspace_20260612\.venv_fooocus\Lib\site-packages\antlr4_python3_runtime-4.9.3.dist-info\top_level.txt","top_level.txt",".txt","7","0","26/12/47 09:32:56 ص"
".venv_fooocus\Lib\site-packages\websockets-11.0.3.dist-info\top_level.txt","D:\zzipp\جي بي\الكميرا\_organized_generation_workspace_20260612\.venv_fooocus\Lib\site-packages\websockets-11.0.3.dist-info\top_level.txt","top_level.txt",".txt","11","0","26/12/47 09:32:58 ص"
".venv_fooocus\Lib\site-packages\tzdata-2026.2.dist-info\top_level.txt","D:\zzipp\جي بي\الكميرا\_organized_generation_workspace_20260612\.venv_fooocus\Lib\site-packages\tzdata-2026.2.dist-info\top_level.txt","top_level.txt",".txt","7","0","26/12/47 09:33:08 ص"
".venv_fooocus\Lib\site-packages\tqdm-4.66.4.dist-info\entry_points.txt","D:\zzipp\جي بي\الكميرا\_organized_generation_workspace_20260612\.venv_fooocus\Lib\site-packages\tqdm-4.66.4.dist-info\entry_points.txt","entry_points.txt",".txt","39","0","26/12/47 09:33:10 ص"
".venv_fooocus\Lib\site-packages\tqdm-4.66.4.dist-info\top_level.txt","D:\zzipp\جي بي\الكميرا\_organized_generation_workspace_20260612\.venv_fooocus\Lib\site-packages\tqdm-4.66.4.dist-info\top_level.txt","top_level.txt",".txt","5","0","26/12/47 09:33:10 ص"
".venv_fooocus\Lib\site-packages\semantic_version-2.10.0.dist-info\top_level.txt","D:\zzipp\جي بي\الكميرا\_organized_generation_workspace_20260612\.venv_fooocus\Lib\site-packages\semantic_version-2.10.0.dist-info\top_level.txt","top_level.txt",".txt","17","0","26/12/47 09:33:12 ص"
".venv_fooocus\Lib\site-packages\PyYAML-6.0.1.dist-info\top_level.txt","D:\zzipp\جي بي\الكميرا\_organized_generation_workspace_20260612\.venv_fooocus\Lib\site-packages\PyYAML-6.0.1.dist-info\top_level.txt","top_level.txt",".txt","11","0","26/12/47 09:33:12 ص"
".venv_fooocus\Lib\site-packages\psutil-6.0.0.dist-info\top_level.txt","D:\zzipp\جي بي\الكميرا\_organized_generation_workspace_20260612\.venv_fooocus\Lib\site-packages\psutil-6.0.0.dist-info\top_level.txt","top_level.txt",".txt","7","0","26/12/47 09:33:14 ص"
".venv_fooocus\Lib\site-packages\propcache-0.5.2.dist-info\top_level.txt","D:\zzipp\جي بي\الكميرا\_organized_generation_workspace_20260612\.venv_fooocus\Lib\site-packages\propcache-0.5.2.dist-info\top_level.txt","top_level.txt",".txt","10","0","26/12/47 09:33:14 ص"
".venv_fooocus\Lib\site-packages\orjson-3.11.9.dist-info\sboms\orjson.cyclonedx.json","D:\zzipp\جي بي\الكميرا\_organized_generation_workspace_20260612\.venv_fooocus\Lib\site-packages\orjson-3.11.9.dist-info\sboms\orjson.cyclonedx.json","orjson.cyclonedx.json",".json","33099","0.032","26/12/47 09:33:20 ص"
".venv_fooocus\Lib\site-packages\multidict-6.7.1.dist-info\top_level.txt","D:\zzipp\جي بي\الكميرا\_organized_generation_workspace_20260612\.venv_fooocus\Lib\site-packages\multidict-6.7.1.dist-info\top_level.txt","top_level.txt",".txt","10","0","26/12/47 09:33:54 ص"
".venv_fooocus\Lib\site-packages\llvmlite-0.47.0.dist-info\top_level.txt","D:\zzipp\جي بي\الكميرا\_organized_generation_workspace_20260612\.venv_fooocus\Lib\site-packages\llvmlite-0.47.0.dist-info\top_level.txt","top_level.txt",".txt","9","0","26/12/47 09:33:56 ص"
".venv_fooocus\Lib\site-packages\importlib_resources-6.5.2.dist-info\top_level.txt","D:\zzipp\جي بي\الكميرا\_organized_generation_workspace_20260612\.venv_fooocus\Lib\site-packages\importlib_resources-6.5.2.dist-info\top_level.txt","top_level.txt",".txt","20","0","26/12/47 09:33:58 ص"
".venv_fooocus\Lib\site-packages\frozenlist-1.8.0.dist-info\top_level.txt","D:\zzipp\جي بي\الكميرا\_organized_generation_workspace_20260612\.venv_fooocus\Lib\site-packages\frozenlist-1.8.0.dist-info\top_level.txt","top_level.txt",".txt","11","0","26/12/47 09:34:00 ص"
".venv_fooocus\Lib\site-packages\async_timeout-5.0.1.dist-info\top_level.txt","D:\zzipp\جي بي\الكميرا\_organized_generation_workspace_20260612\.venv_fooocus\Lib\site-packages\async_timeout-5.0.1.dist-info\top_level.txt","top_level.txt",".txt","14","0","26/12/47 09:34:04 ص"
".venv_fooocus\Lib\site-packages\yarl-1.24.2.dist-info\top_level.txt","D:\zzipp\جي بي\الكميرا\_organized_generation_workspace_20260612\.venv_fooocus\Lib\site-packages\yarl-1.24.2.dist-info\top_level.txt","top_level.txt",".txt","5","0","26/12/47 09:34:06 ص"
".venv_fooocus\Lib\site-packages\scipy\io\matlab\tests\data\japanese_utf8.txt","D:\zzipp\جي بي\الكميرا\_organized_generation_workspace_20260612\.venv_fooocus\Lib\site-packages\scipy\io\matlab\tests\data\japanese_utf8.txt","japanese_utf8.txt",".txt","270","0","26/12/47 09:34:10 ص"
".venv_fooocus\Lib\site-packages\scipy\ndimage\tests\data\label_inputs.txt","D:\zzipp\جي بي\الكميرا\_organized_generation_workspace_20260612\.venv_fooocus\Lib\site-packages\scipy\ndimage\tests\data\label_inputs.txt","label_inputs.txt",".txt","315","0","26/12/47 09:34:16 ص"
".venv_fooocus\Lib\site-packages\scipy\ndimage\tests\data\label_results.txt","D:\zzipp\جي بي\الكميرا\_organized_generation_workspace_20260612\.venv_fooocus\Lib\site-packages\scipy\ndimage\tests\data\label_results.txt","label_results.txt",".txt","4603","0.004","26/12/47 09:34:16 ص"
".venv_fooocus\Lib\site-packages\scipy\ndimage\tests\data\label_strels.txt","D:\zzipp\جي بي\الكميرا\_organized_generation_workspace_20260612\.venv_fooocus\Lib\site-packages\scipy\ndimage\tests\data\label_strels.txt","label_strels.txt",".txt","294","0","26/12/47 09:34:16 ص"
".venv_fooocus\Lib\site-packages\scipy\spatial\qhull_src\COPYING.txt","D:\zzipp\جي بي\الكميرا\_organized_generation_workspace_20260612\.venv_fooocus\Lib\site-packages\scipy\spatial\qhull_src\COPYING.txt","COPYING.txt",".txt","1673","0.002","26/12/47 09:34:22 ص"
".venv_fooocus\Lib\site-packages\scipy\spatial\tests\data\cdist-X1.txt","D:\zzipp\جي بي\الكميرا\_organized_generation_workspace_20260612\.venv_fooocus\Lib\site-packages\scipy\spatial\tests\data\cdist-X1.txt","cdist-X1.txt",".txt","5760","0.005","26/12/47 09:34:22 ص"
".venv_fooocus\Lib\site-packages\scipy\spatial\tests\data\cdist-X2.txt","D:\zzipp\جي بي\الكميرا\_organized_generation_workspace_20260612\.venv_fooocus\Lib\site-packages\scipy\spatial\tests\data\cdist-X2.txt","cdist-X2.txt",".txt","11520","0.011","26/12/47 09:34:22 ص"
".venv_fooocus\Lib\site-packages\scipy\spatial\tests\data\iris.txt","D:\zzipp\جي بي\الكميرا\_organized_generation_workspace_20260612\.venv_fooocus\Lib\site-packages\scipy\spatial\tests\data\iris.txt","iris.txt",".txt","15150","0.014","26/12/47 09:34:22 ص"
".venv_fooocus\Lib\site-packages\scipy\spatial\tests\data\pdist-boolean-inp.txt","D:\zzipp\جي بي\الكميرا\_organized_generation_workspace_20260612\.venv_fooocus\Lib\site-packages\scipy\spatial\tests\data\pdist-boolean-inp.txt","pdist-boolean-inp.txt",".txt","50020","0.048","26/12/47 09:34:22 ص"
".venv_fooocus\Lib\site-packages\scipy\spatial\tests\data\pdist-chebyshev-ml-iris.txt","D:\zzipp\جي بي\الكميرا\_organized_generation_workspace_20260612\.venv_fooocus\Lib\site-packages\scipy\spatial\tests\data\pdist-chebyshev-ml-iris.txt","pdist-chebyshev-ml-iris.txt",".txt","178802","0.171","26/12/47 09:34:22 ص"
".venv_fooocus\Lib\site-packages\scipy\spatial\tests\data\pdist-chebyshev-ml.txt","D:\zzipp\جي بي\الكميرا\_organized_generation_workspace_20260612\.venv_fooocus\Lib\site-packages\scipy\spatial\tests\data\pdist-chebyshev-ml.txt","pdist-chebyshev-ml.txt",".txt","3042","0.003","26/12/47 09:34:22 ص"
".venv_fooocus\Lib\site-packages\scipy\spatial\tests\data\pdist-cityblock-ml-iris.txt","D:\zzipp\جي بي\الكميرا\_organized_generation_workspace_20260612\.venv_fooocus\Lib\site-packages\scipy\spatial\tests\data\pdist-cityblock-ml-iris.txt","pdist-cityblock-ml-iris.txt",".txt","178802","0.171","26/12/47 09:34:22 ص"
".venv_fooocus\Lib\site-packages\scipy\spatial\tests\data\pdist-cityblock-ml.txt","D:\zzipp\جي بي\الكميرا\_organized_generation_workspace_20260612\.venv_fooocus\Lib\site-packages\scipy\spatial\tests\data\pdist-cityblock-ml.txt","pdist-cityblock-ml.txt",".txt","3042","0.003","26/12/47 09:34:22 ص"
".venv_fooocus\Lib\site-packages\scipy\spatial\tests\data\pdist-correlation-ml-iris.txt","D:\zzipp\جي بي\الكميرا\_organized_generation_workspace_20260612\.venv_fooocus\Lib\site-packages\scipy\spatial\tests\data\pdist-correlation-ml-iris.txt","pdist-correlation-ml-iris.txt",".txt","178802","0.171","26/12/47 09:34:22 ص"
".venv_fooocus\Lib\site-packages\scipy\spatial\tests\data\pdist-correlation-ml.txt","D:\zzipp\جي بي\الكميرا\_organized_generation_workspace_20260612\.venv_fooocus\Lib\site-packages\scipy\spatial\tests\data\pdist-correlation-ml.txt","pdist-correlation-ml.txt",".txt","3042","0.003","26/12/47 09:34:22 ص"
".venv_fooocus\Lib\site-packages\scipy\spatial\tests\data\pdist-cosine-ml-iris.txt","D:\zzipp\جي بي\الكميرا\_organized_generation_workspace_20260612\.venv_fooocus\Lib\site-packages\scipy\spatial\tests\data\pdist-cosine-ml-iris.txt","pdist-cosine-ml-iris.txt",".txt","178802","0.171","26/12/47 09:34:22 ص"
".venv_fooocus\Lib\site-packages\scipy\spatial\tests\data\pdist-cosine-ml.txt","D:\zzipp\جي بي\الكميرا\_organized_generation_workspace_20260612\.venv_fooocus\Lib\site-packages\scipy\spatial\tests\data\pdist-cosine-ml.txt","pdist-cosine-ml.txt",".txt","3042","0.003","26/12/47 09:34:22 ص"
".venv_fooocus\Lib\site-packages\scipy\spatial\tests\data\pdist-double-inp.txt","D:\zzipp\جي بي\الكميرا\_organized_generation_workspace_20260612\.venv_fooocus\Lib\site-packages\scipy\spatial\tests\data\pdist-double-inp.txt","pdist-double-inp.txt",".txt","50020","0.048","26/12/47 09:34:22 ص"
".venv_fooocus\Lib\site-packages\scipy\spatial\tests\data\pdist-euclidean-ml-iris.txt","D:\zzipp\جي بي\الكميرا\_organized_generation_workspace_20260612\.venv_fooocus\Lib\site-packages\scipy\spatial\tests\data\pdist-euclidean-ml-iris.txt","pdist-euclidean-ml-iris.txt",".txt","178802","0.171","26/12/47 09:34:22 ص"
".venv_fooocus\Lib\site-packages\scipy\spatial\tests\data\pdist-euclidean-ml.txt","D:\zzipp\جي بي\الكميرا\_organized_generation_workspace_20260612\.venv_fooocus\Lib\site-packages\scipy\spatial\tests\data\pdist-euclidean-ml.txt","pdist-euclidean-ml.txt",".txt","3042","0.003","26/12/47 09:34:22 ص"
".venv_fooocus\Lib\site-packages\scipy\spatial\tests\data\pdist-hamming-ml.txt","D:\zzipp\جي بي\الكميرا\_organized_generation_workspace_20260612\.venv_fooocus\Lib\site-packages\scipy\spatial\tests\data\pdist-hamming-ml.txt","pdist-hamming-ml.txt",".txt","3042","0.003","26/12/47 09:34:22 ص"
".venv_fooocus\Lib\site-packages\scipy\spatial\tests\data\pdist-jaccard-ml.txt","D:\zzipp\جي بي\الكميرا\_organized_generation_workspace_20260612\.venv_fooocus\Lib\site-packages\scipy\spatial\tests\data\pdist-jaccard-ml.txt","pdist-jaccard-ml.txt",".txt","3042","0.003","26/12/47 09:34:22 ص"
".venv_fooocus\Lib\site-packages\scipy\spatial\tests\data\pdist-jensenshannon-ml-iris.txt","D:\zzipp\جي بي\الكميرا\_organized_generation_workspace_20260612\.venv_fooocus\Lib\site-packages\scipy\spatial\tests\data\pdist-jensenshannon-ml-iris.txt","pdist-jensenshannon-ml-iris.txt",".txt","172739","0.165","26/12/47 09:34:22 ص"
".venv_fooocus\Lib\site-packages\scipy\spatial\tests\data\pdist-jensenshannon-ml.txt","D:\zzipp\جي بي\الكميرا\_organized_generation_workspace_20260612\.venv_fooocus\Lib\site-packages\scipy\spatial\tests\data\pdist-jensenshannon-ml.txt","pdist-jensenshannon-ml.txt",".txt","2819","0.003","26/12/47 09:34:22 ص"
".venv_fooocus\Lib\site-packages\scipy\spatial\tests\data\pdist-minkowski-3.2-ml-iris.txt","D:\zzipp\جي بي\الكميرا\_organized_generation_workspace_20260612\.venv_fooocus\Lib\site-packages\scipy\spatial\tests\data\pdist-minkowski-3.2-ml-iris.txt","pdist-minkowski-3.2-ml-iris.txt",".txt","178802","0.171","26/12/47 09:34:22 ص"
".venv_fooocus\Lib\site-packages\scipy\spatial\tests\data\pdist-minkowski-3.2-ml.txt","D:\zzipp\جي بي\الكميرا\_organized_generation_workspace_20260612\.venv_fooocus\Lib\site-packages\scipy\spatial\tests\data\pdist-minkowski-3.2-ml.txt","pdist-minkowski-3.2-ml.txt",".txt","3042","0.003","26/12/47 09:34:22 ص"
".venv_fooocus\Lib\site-packages\scipy\spatial\tests\data\pdist-minkowski-5.8-ml-iris.txt","D:\zzipp\جي بي\الكميرا\_organized_generation_workspace_20260612\.venv_fooocus\Lib\site-packages\scipy\spatial\tests\data\pdist-minkowski-5.8-ml-iris.txt","pdist-minkowski-5.8-ml-iris.txt",".txt","178802","0.171","26/12/47 09:34:22 ص"
".venv_fooocus\Lib\site-packages\scipy\spatial\tests\data\pdist-seuclidean-ml-iris.txt","D:\zzipp\جي بي\الكميرا\_organized_generation_workspace_20260612\.venv_fooocus\Lib\site-packages\scipy\spatial\tests\data\pdist-seuclidean-ml-iris.txt","pdist-seuclidean-ml-iris.txt",".txt","178802","0.171","26/12/47 09:34:22 ص"
".venv_fooocus\Lib\site-packages\scipy\spatial\tests\data\pdist-seuclidean-ml.txt","D:\zzipp\جي بي\الكميرا\_organized_generation_workspace_20260612\.venv_fooocus\Lib\site-packages\scipy\spatial\tests\data\pdist-seuclidean-ml.txt","pdist-seuclidean-ml.txt",".txt","3042","0.003","26/12/47 09:34:22 ص"
".venv_fooocus\Lib\site-packages\scipy\spatial\tests\data\pdist-spearman-ml.txt","D:\zzipp\جي بي\الكميرا\_organized_generation_workspace_20260612\.venv_fooocus\Lib\site-packages\scipy\spatial\tests\data\pdist-spearman-ml.txt","pdist-spearman-ml.txt",".txt","3042","0.003","26/12/47 09:34:22 ص"
".venv_fooocus\Lib\site-packages\scipy\spatial\tests\data\random-bool-data.txt","D:\zzipp\جي بي\الكميرا\_organized_generation_workspace_20260612\.venv_fooocus\Lib\site-packages\scipy\spatial\tests\data\random-bool-data.txt","random-bool-data.txt",".txt","6100","0.006","26/12/47 09:34:22 ص"
".venv_fooocus\Lib\site-packages\scipy\spatial\tests\data\random-double-data.txt","D:\zzipp\جي بي\الكميرا\_organized_generation_workspace_20260612\.venv_fooocus\Lib\site-packages\scipy\spatial\tests\data\random-double-data.txt","random-double-data.txt",".txt","75100","0.072","26/12/47 09:34:22 ص"
".venv_fooocus\Lib\site-packages\scipy\spatial\tests\data\random-int-data.txt","D:\zzipp\جي بي\الكميرا\_organized_generation_workspace_20260612\.venv_fooocus\Lib\site-packages\scipy\spatial\tests\data\random-int-data.txt","random-int-data.txt",".txt","10366","0.01","26/12/47 09:34:22 ص"
".venv_fooocus\Lib\site-packages\scipy\spatial\tests\data\random-uint-data.txt","D:\zzipp\جي بي\الكميرا\_organized_generation_workspace_20260612\.venv_fooocus\Lib\site-packages\scipy\spatial\tests\data\random-uint-data.txt","random-uint-data.txt",".txt","8811","0.008","26/12/47 09:34:22 ص"
".venv_fooocus\Lib\site-packages\scipy\spatial\tests\data\selfdual-4d-polytope.txt","D:\zzipp\جي بي\الكميرا\_organized_generation_workspace_20260612\.venv_fooocus\Lib\site-packages\scipy\spatial\tests\data\selfdual-4d-polytope.txt","selfdual-4d-polytope.txt",".txt","507","0","26/12/47 09:34:22 ص"
".venv_fooocus\Lib\site-packages\scipy\stats\tests\data\studentized_range_mpmath_ref.json","D:\zzipp\جي بي\الكميرا\_organized_generation_workspace_20260612\.venv_fooocus\Lib\site-packages\scipy\stats\tests\data\studentized_range_mpmath_ref.json","studentized_range_mpmath_ref.json",".json","30737","0.029","26/12/47 09:34:28 ص"
".venv_fooocus\Lib\site-packages\scipy-1.14.0.dist-info\LICENSE.txt","D:\zzipp\جي بي\الكميرا\_organized_generation_workspace_20260612\.venv_fooocus\Lib\site-packages\scipy-1.14.0.dist-info\LICENSE.txt","LICENSE.txt",".txt","47742","0.046","26/12/47 09:34:30 ص"
".venv_fooocus\Lib\site-packages\pygit2-1.15.1.dist-info\top_level.txt","D:\zzipp\جي بي\الكميرا\_organized_generation_workspace_20260612\.venv_fooocus\Lib\site-packages\pygit2-1.15.1.dist-info\top_level.txt","top_level.txt",".txt","7","0","26/12/47 09:35:00 ص"
".venv_fooocus\Lib\site-packages\pandas\pyproject.toml","D:\zzipp\جي بي\الكميرا\_organized_generation_workspace_20260612\.venv_fooocus\Lib\site-packages\pandas\pyproject.toml","pyproject.toml",".toml","24666","0.024","26/12/47 09:35:02 ص"
".venv_fooocus\Lib\site-packages\pandas-2.3.3.dist-info\entry_points.txt","D:\zzipp\جي بي\الكميرا\_organized_generation_workspace_20260612\.venv_fooocus\Lib\site-packages\pandas-2.3.3.dist-info\entry_points.txt","entry_points.txt",".txt","69","0","26/12/47 09:35:24 ص"
".venv_fooocus\Lib\site-packages\cv2\LICENSE-3RD-PARTY.txt","D:\zzipp\جي بي\الكميرا\_organized_generation_workspace_20260612\.venv_fooocus\Lib\site-packages\cv2\LICENSE-3RD-PARTY.txt","LICENSE-3RD-PARTY.txt",".txt","155450","0.148","26/12/47 09:36:16 ص"
".venv_fooocus\Lib\site-packages\cv2\LICENSE.txt","D:\zzipp\جي بي\الكميرا\_organized_generation_workspace_20260612\.venv_fooocus\Lib\site-packages\cv2\LICENSE.txt","LICENSE.txt",".txt","1090","0.001","26/12/47 09:36:16 ص"
".venv_fooocus\Lib\site-packages\opencv_python_headless-4.11.0.86.dist-info\LICENSE-3RD-PARTY.txt","D:\zzipp\جي بي\الكميرا\_organized_generation_workspace_20260612\.venv_fooocus\Lib\site-packages\opencv_python_headless-4.11.0.86.dist-info\LICENSE-3RD-PARTY.txt","LICENSE-3RD-PARTY.txt",".txt","155450","0.148","26/12/47 09:36:12 ص"
".venv_fooocus\Lib\site-packages\opencv_python_headless-4.11.0.86.dist-info\LICENSE.txt","D:\zzipp\جي بي\الكميرا\_organized_generation_workspace_20260612\.venv_fooocus\Lib\site-packages\opencv_python_headless-4.11.0.86.dist-info\LICENSE.txt","LICENSE.txt",".txt","1090","0.001","26/12/47 09:36:12 ص"
".venv_fooocus\Lib\site-packages\opencv_python_headless-4.11.0.86.dist-info\top_level.txt","D:\zzipp\جي بي\الكميرا\_organized_generation_workspace_20260612\.venv_fooocus\Lib\site-packages\opencv_python_headless-4.11.0.86.dist-info\top_level.txt","top_level.txt",".txt","4","0","26/12/47 09:36:12 ص"
".venv_fooocus\Lib\site-packages\opencv_python-4.11.0.86.dist-info\LICENSE-3RD-PARTY.txt","D:\zzipp\جي بي\الكميرا\_organized_generation_workspace_20260612\.venv_fooocus\Lib\site-packages\opencv_python-4.11.0.86.dist-info\LICENSE-3RD-PARTY.txt","LICENSE-3RD-PARTY.txt",".txt","155450","0.148","26/12/47 09:36:16 ص"
".venv_fooocus\Lib\site-packages\opencv_python-4.11.0.86.dist-info\LICENSE.txt","D:\zzipp\جي بي\الكميرا\_organized_generation_workspace_20260612\.venv_fooocus\Lib\site-packages\opencv_python-4.11.0.86.dist-info\LICENSE.txt","LICENSE.txt",".txt","1090","0.001","26/12/47 09:36:16 ص"
".venv_fooocus\Lib\site-packages\opencv_python-4.11.0.86.dist-info\top_level.txt","D:\zzipp\جي بي\الكميرا\_organized_generation_workspace_20260612\.venv_fooocus\Lib\site-packages\opencv_python-4.11.0.86.dist-info\top_level.txt","top_level.txt",".txt","4","0","26/12/47 09:36:16 ص"
".venv_fooocus\Lib\site-packages\opencv_contrib_python_headless-4.10.0.84.dist-info\LICENSE-3RD-PARTY.txt","D:\zzipp\جي بي\الكميرا\_organized_generation_workspace_20260612\.venv_fooocus\Lib\site-packages\opencv_contrib_python_headless-4.10.0.84.dist-info\LICENSE-3RD-PARTY.txt","LICENSE-3RD-PARTY.txt",".txt","155450","0.148","26/12/47 09:36:22 ص"
".venv_fooocus\Lib\site-packages\opencv_contrib_python_headless-4.10.0.84.dist-info\LICENSE.txt","D:\zzipp\جي بي\الكميرا\_organized_generation_workspace_20260612\.venv_fooocus\Lib\site-packages\opencv_contrib_python_headless-4.10.0.84.dist-info\LICENSE.txt","LICENSE.txt",".txt","1090","0.001","26/12/47 09:36:22 ص"
".venv_fooocus\Lib\site-packages\opencv_contrib_python_headless-4.10.0.84.dist-info\top_level.txt","D:\zzipp\جي بي\الكميرا\_organized_generation_workspace_20260612\.venv_fooocus\Lib\site-packages\opencv_contrib_python_headless-4.10.0.84.dist-info\top_level.txt","top_level.txt",".txt","4","0","26/12/47 09:36:22 ص"
".venv_fooocus\Lib\site-packages\omegaconf-2.3.0.dist-info\top_level.txt","D:\zzipp\جي بي\الكميرا\_organized_generation_workspace_20260612\.venv_fooocus\Lib\site-packages\omegaconf-2.3.0.dist-info\top_level.txt","top_level.txt",".txt","25","0","26/12/47 09:36:24 ص"
".venv_fooocus\Lib\site-packages\numba-0.65.1.dist-info\top_level.txt","D:\zzipp\جي بي\الكميرا\_organized_generation_workspace_20260612\.venv_fooocus\Lib\site-packages\numba-0.65.1.dist-info\top_level.txt","top_level.txt",".txt","6","0","26/12/47 09:36:40 ص"
".venv_fooocus\Lib\site-packages\lightning_utilities-0.15.3.dist-info\top_level.txt","D:\zzipp\جي بي\الكميرا\_organized_generation_workspace_20260612\.venv_fooocus\Lib\site-packages\lightning_utilities-0.15.3.dist-info\top_level.txt","top_level.txt",".txt","20","0","26/12/47 09:37:06 ص"
".venv_fooocus\Lib\site-packages\aiosignal-1.4.0.dist-info\top_level.txt","D:\zzipp\جي بي\الكميرا\_organized_generation_workspace_20260612\.venv_fooocus\Lib\site-packages\aiosignal-1.4.0.dist-info\top_level.txt","top_level.txt",".txt","10","0","26/12/47 09:37:10 ص"
".venv_fooocus\Lib\site-packages\pymatting-1.1.15.dist-info\top_level.txt","D:\zzipp\جي بي\الكميرا\_organized_generation_workspace_20260612\.venv_fooocus\Lib\site-packages\pymatting-1.1.15.dist-info\top_level.txt","top_level.txt",".txt","10","0","26/12/47 09:37:12 ص"
".venv_fooocus\Lib\site-packages\pooch\tests\data\large-data.txt","D:\zzipp\جي بي\الكميرا\_organized_generation_workspace_20260612\.venv_fooocus\Lib\site-packages\pooch\tests\data\large-data.txt","large-data.txt",".txt","102077","0.097","26/12/47 09:37:14 ص"
".venv_fooocus\Lib\site-packages\pooch\tests\data\registry_comments.txt","D:\zzipp\جي بي\الكميرا\_organized_generation_workspace_20260612\.venv_fooocus\Lib\site-packages\pooch\tests\data\registry_comments.txt","registry_comments.txt",".txt","855","0.001","26/12/47 09:37:14 ص"
".venv_fooocus\Lib\site-packages\pooch\tests\data\registry-custom-url.txt","D:\zzipp\جي بي\الكميرا\_organized_generation_workspace_20260612\.venv_fooocus\Lib\site-packages\pooch\tests\data\registry-custom-url.txt","registry-custom-url.txt",".txt","838","0.001","26/12/47 09:37:14 ص"
".venv_fooocus\Lib\site-packages\pooch\tests\data\registry-invalid.txt","D:\zzipp\جي بي\الكميرا\_organized_generation_workspace_20260612\.venv_fooocus\Lib\site-packages\pooch\tests\data\registry-invalid.txt","registry-invalid.txt",".txt","136","0","26/12/47 09:37:14 ص"
".venv_fooocus\Lib\site-packages\pooch\tests\data\registry-spaces.txt","D:\zzipp\جي بي\الكميرا\_organized_generation_workspace_20260612\.venv_fooocus\Lib\site-packages\pooch\tests\data\registry-spaces.txt","registry-spaces.txt",".txt","177","0","26/12/47 09:37:14 ص"
".venv_fooocus\Lib\site-packages\pooch\tests\data\registry.txt","D:\zzipp\جي بي\الكميرا\_organized_generation_workspace_20260612\.venv_fooocus\Lib\site-packages\pooch\tests\data\registry.txt","registry.txt",".txt","808","0.001","26/12/47 09:37:14 ص"
".venv_fooocus\Lib\site-packages\pooch\tests\data\tiny-data.txt","D:\zzipp\جي بي\الكميرا\_organized_generation_workspace_20260612\.venv_fooocus\Lib\site-packages\pooch\tests\data\tiny-data.txt","tiny-data.txt",".txt","59","0","26/12/47 09:37:14 ص"
".venv_fooocus\Lib\site-packages\pooch\tests\data\store\tiny-data.txt","D:\zzipp\جي بي\الكميرا\_organized_generation_workspace_20260612\.venv_fooocus\Lib\site-packages\pooch\tests\data\store\tiny-data.txt","tiny-data.txt",".txt","59","0","26/12/47 09:37:14 ص"
".venv_fooocus\Lib\site-packages\pooch\tests\data\store\subdir\tiny-data.txt","D:\zzipp\جي بي\الكميرا\_organized_generation_workspace_20260612\.venv_fooocus\Lib\site-packages\pooch\tests\data\store\subdir\tiny-data.txt","tiny-data.txt",".txt","59","0","26/12/47 09:37:14 ص"
".venv_fooocus\Lib\site-packages\pooch-1.9.0.dist-info\top_level.txt","D:\zzipp\جي بي\الكميرا\_organized_generation_workspace_20260612\.venv_fooocus\Lib\site-packages\pooch-1.9.0.dist-info\top_level.txt","top_level.txt",".txt","6","0","26/12/47 09:37:14 ص"
".venv_fooocus\Lib\site-packages\pooch-1.9.0.dist-info\licenses\LICENSE.txt","D:\zzipp\جي بي\الكميرا\_organized_generation_workspace_20260612\.venv_fooocus\Lib\site-packages\pooch-1.9.0.dist-info\licenses\LICENSE.txt","LICENSE.txt",".txt","1496","0.001","26/12/47 09:37:14 ص"
".venv_fooocus\Lib\site-packages\onnxruntime\ThirdPartyNotices.txt","D:\zzipp\جي بي\الكميرا\_organized_generation_workspace_20260612\.venv_fooocus\Lib\site-packages\onnxruntime\ThirdPartyNotices.txt","ThirdPartyNotices.txt",".txt","345046","0.329","26/12/47 09:37:16 ص"
".venv_fooocus\Lib\site-packages\onnxruntime-1.18.1.dist-info\entry_points.txt","D:\zzipp\جي بي\الكميرا\_organized_generation_workspace_20260612\.venv_fooocus\Lib\site-packages\onnxruntime-1.18.1.dist-info\entry_points.txt","entry_points.txt",".txt","77","0","26/12/47 09:37:20 ص"
".venv_fooocus\Lib\site-packages\onnxruntime-1.18.1.dist-info\top_level.txt","D:\zzipp\جي بي\الكميرا\_organized_generation_workspace_20260612\.venv_fooocus\Lib\site-packages\onnxruntime-1.18.1.dist-info\top_level.txt","top_level.txt",".txt","12","0","26/12/47 09:37:20 ص"
".venv_fooocus\Lib\site-packages\jsonschema_specifications\schemas\draft201909\metaschema.json","D:\zzipp\جي بي\الكميرا\_organized_generation_workspace_20260612\.venv_fooocus\Lib\site-packages\jsonschema_specifications\schemas\draft201909\metaschema.json","metaschema.json",".json","1785","0.002","26/12/47 09:37:30 ص"
".venv_fooocus\Lib\site-packages\jsonschema_specifications\schemas\draft202012\metaschema.json","D:\zzipp\جي بي\الكميرا\_organized_generation_workspace_20260612\.venv_fooocus\Lib\site-packages\jsonschema_specifications\schemas\draft202012\metaschema.json","metaschema.json",".json","2452","0.002","26/12/47 09:37:30 ص"
".venv_fooocus\Lib\site-packages\jsonschema_specifications\schemas\draft3\metaschema.json","D:\zzipp\جي بي\الكميرا\_organized_generation_workspace_20260612\.venv_fooocus\Lib\site-packages\jsonschema_specifications\schemas\draft3\metaschema.json","metaschema.json",".json","2600","0.002","26/12/47 09:37:30 ص"
".venv_fooocus\Lib\site-packages\jsonschema_specifications\schemas\draft4\metaschema.json","D:\zzipp\جي بي\الكميرا\_organized_generation_workspace_20260612\.venv_fooocus\Lib\site-packages\jsonschema_specifications\schemas\draft4\metaschema.json","metaschema.json",".json","4357","0.004","26/12/47 09:37:30 ص"
".venv_fooocus\Lib\site-packages\jsonschema_specifications\schemas\draft6\metaschema.json","D:\zzipp\جي بي\الكميرا\_organized_generation_workspace_20260612\.venv_fooocus\Lib\site-packages\jsonschema_specifications\schemas\draft6\metaschema.json","metaschema.json",".json","4437","0.004","26/12/47 09:37:30 ص"
".venv_fooocus\Lib\site-packages\jsonschema_specifications\schemas\draft7\metaschema.json","D:\zzipp\جي بي\الكميرا\_organized_generation_workspace_20260612\.venv_fooocus\Lib\site-packages\jsonschema_specifications\schemas\draft7\metaschema.json","metaschema.json",".json","4819","0.005","26/12/47 09:37:30 ص"
".venv_fooocus\Lib\site-packages\huggingface_hub-0.36.2.dist-info\entry_points.txt","D:\zzipp\جي بي\الكميرا\_organized_generation_workspace_20260612\.venv_fooocus\Lib\site-packages\huggingface_hub-0.36.2.dist-info\entry_points.txt","entry_points.txt",".txt","218","0","26/12/47 09:37:32 ص"
".venv_fooocus\Lib\site-packages\huggingface_hub-0.36.2.dist-info\top_level.txt","D:\zzipp\جي بي\الكميرا\_organized_generation_workspace_20260612\.venv_fooocus\Lib\site-packages\huggingface_hub-0.36.2.dist-info\top_level.txt","top_level.txt",".txt","16","0","26/12/47 09:37:32 ص"
".venv_fooocus\Lib\site-packages\httpx-0.27.0.dist-info\entry_points.txt","D:\zzipp\جي بي\الكميرا\_organized_generation_workspace_20260612\.venv_fooocus\Lib\site-packages\httpx-0.27.0.dist-info\entry_points.txt","entry_points.txt",".txt","37","0","26/12/47 09:37:38 ص"
".venv_fooocus\Lib\site-packages\aiohttp-3.14.1.dist-info\top_level.txt","D:\zzipp\جي بي\الكميرا\_organized_generation_workspace_20260612\.venv_fooocus\Lib\site-packages\aiohttp-3.14.1.dist-info\top_level.txt","top_level.txt",".txt","8","0","26/12/47 09:37:40 ص"
".venv_fooocus\Lib\site-packages\aiohttp-3.14.1.dist-info\licenses\LICENSE.txt","D:\zzipp\جي بي\الكميرا\_organized_generation_workspace_20260612\.venv_fooocus\Lib\site-packages\aiohttp-3.14.1.dist-info\licenses\LICENSE.txt","LICENSE.txt",".txt","11514","0.011","26/12/47 09:37:40 ص"
".venv_fooocus\Lib\site-packages\torchsde-0.2.6.dist-info\top_level.txt","D:\zzipp\جي بي\الكميرا\_organized_generation_workspace_20260612\.venv_fooocus\Lib\site-packages\torchsde-0.2.6.dist-info\top_level.txt","top_level.txt",".txt","9","0","26/12/47 09:37:42 ص"
".venv_fooocus\Lib\site-packages\torchmetrics-1.9.0.dist-info\top_level.txt","D:\zzipp\جي بي\الكميرا\_organized_generation_workspace_20260612\.venv_fooocus\Lib\site-packages\torchmetrics-1.9.0.dist-info\top_level.txt","top_level.txt",".txt","13","0","26/12/47 09:37:48 ص"
".venv_fooocus\Lib\site-packages\supervision-0.6.0.dist-info\top_level.txt","D:\zzipp\جي بي\الكميرا\_organized_generation_workspace_20260612\.venv_fooocus\Lib\site-packages\supervision-0.6.0.dist-info\top_level.txt","top_level.txt",".txt","17","0","26/12/47 09:38:00 ص"
".venv_fooocus\Lib\site-packages\jsonschema\benchmarks\issue232\issue.json","D:\zzipp\جي بي\الكميرا\_organized_generation_workspace_20260612\.venv_fooocus\Lib\site-packages\jsonschema\benchmarks\issue232\issue.json","issue.json",".json","117105","0.112","26/12/47 09:38:02 ص"
".venv_fooocus\Lib\site-packages\jsonschema-4.26.0.dist-info\entry_points.txt","D:\zzipp\جي بي\الكميرا\_organized_generation_workspace_20260612\.venv_fooocus\Lib\site-packages\jsonschema-4.26.0.dist-info\entry_points.txt","entry_points.txt",".txt","51","0","26/12/47 09:38:02 ص"
".venv_fooocus\Lib\site-packages\gradio_client\package.json","D:\zzipp\جي بي\الكميرا\_organized_generation_workspace_20260612\.venv_fooocus\Lib\site-packages\gradio_client\package.json","package.json",".json","114","0","26/12/47 09:38:02 ص"
".venv_fooocus\Lib\site-packages\gradio_client\types.json","D:\zzipp\جي بي\الكميرا\_organized_generation_workspace_20260612\.venv_fooocus\Lib\site-packages\gradio_client\types.json","types.json",".json","4356","0.004","26/12/47 09:38:02 ص"
".venv_fooocus\Lib\site-packages\gradio_client\version.txt","D:\zzipp\جي بي\الكميرا\_organized_generation_workspace_20260612\.venv_fooocus\Lib\site-packages\gradio_client\version.txt","version.txt",".txt","5","0","26/12/47 09:38:02 ص"
".venv_fooocus\Lib\site-packages\accelerate-0.32.1.dist-info\entry_points.txt","D:\zzipp\جي بي\الكميرا\_organized_generation_workspace_20260612\.venv_fooocus\Lib\site-packages\accelerate-0.32.1.dist-info\entry_points.txt","entry_points.txt",".txt","296","0","26/12/47 09:38:04 ص"
".venv_fooocus\Lib\site-packages\accelerate-0.32.1.dist-info\top_level.txt","D:\zzipp\جي بي\الكميرا\_organized_generation_workspace_20260612\.venv_fooocus\Lib\site-packages\accelerate-0.32.1.dist-info\top_level.txt","top_level.txt",".txt","11","0","26/12/47 09:38:04 ص"
".venv_fooocus\Lib\site-packages\transformers-4.42.4.dist-info\entry_points.txt","D:\zzipp\جي بي\الكميرا\_organized_generation_workspace_20260612\.venv_fooocus\Lib\site-packages\transformers-4.42.4.dist-info\entry_points.txt","entry_points.txt",".txt","81","0","26/12/47 09:38:40 ص"
".venv_fooocus\Lib\site-packages\transformers-4.42.4.dist-info\top_level.txt","D:\zzipp\جي بي\الكميرا\_organized_generation_workspace_20260612\.venv_fooocus\Lib\site-packages\transformers-4.42.4.dist-info\top_level.txt","top_level.txt",".txt","13","0","26/12/47 09:38:40 ص"
".venv_fooocus\Lib\site-packages\timm\data\_info\imagenet_a_indices.txt","D:\zzipp\جي بي\الكميرا\_organized_generation_workspace_20260612\.venv_fooocus\Lib\site-packages\timm\data\_info\imagenet_a_indices.txt","imagenet_a_indices.txt",".txt","774","0.001","26/12/47 09:39:36 ص"
".venv_fooocus\Lib\site-packages\timm\data\_info\imagenet_a_synsets.txt","D:\zzipp\جي بي\الكميرا\_organized_generation_workspace_20260612\.venv_fooocus\Lib\site-packages\timm\data\_info\imagenet_a_synsets.txt","imagenet_a_synsets.txt",".txt","2000","0.002","26/12/47 09:39:36 ص"
".venv_fooocus\Lib\site-packages\timm\data\_info\imagenet_r_indices.txt","D:\zzipp\جي بي\الكميرا\_organized_generation_workspace_20260612\.venv_fooocus\Lib\site-packages\timm\data\_info\imagenet_r_indices.txt","imagenet_r_indices.txt",".txt","769","0.001","26/12/47 09:39:36 ص"
".venv_fooocus\Lib\site-packages\timm\data\_info\imagenet_r_synsets.txt","D:\zzipp\جي بي\الكميرا\_organized_generation_workspace_20260612\.venv_fooocus\Lib\site-packages\timm\data\_info\imagenet_r_synsets.txt","imagenet_r_synsets.txt",".txt","2000","0.002","26/12/47 09:39:36 ص"
".venv_fooocus\Lib\site-packages\timm\data\_info\imagenet_real_labels.json","D:\zzipp\جي بي\الكميرا\_organized_generation_workspace_20260612\.venv_fooocus\Lib\site-packages\timm\data\_info\imagenet_real_labels.json","imagenet_real_labels.json",".json","388478","0.37","26/12/47 09:39:36 ص"
".venv_fooocus\Lib\site-packages\timm\data\_info\imagenet_synset_to_definition.txt","D:\zzipp\جي بي\الكميرا\_organized_generation_workspace_20260612\.venv_fooocus\Lib\site-packages\timm\data\_info\imagenet_synset_to_definition.txt","imagenet_synset_to_definition.txt",".txt","1748917","1.668","26/12/47 09:39:36 ص"
".venv_fooocus\Lib\site-packages\timm\data\_info\imagenet_synset_to_lemma.txt","D:\zzipp\جي بي\الكميرا\_organized_generation_workspace_20260612\.venv_fooocus\Lib\site-packages\timm\data\_info\imagenet_synset_to_lemma.txt","imagenet_synset_to_lemma.txt",".txt","741457","0.707","26/12/47 09:39:36 ص"
".venv_fooocus\Lib\site-packages\timm\data\_info\imagenet_synsets.txt","D:\zzipp\جي بي\الكميرا\_organized_generation_workspace_20260612\.venv_fooocus\Lib\site-packages\timm\data\_info\imagenet_synsets.txt","imagenet_synsets.txt",".txt","10000","0.01","26/12/47 09:39:36 ص"
".venv_fooocus\Lib\site-packages\timm\data\_info\imagenet12k_synsets.txt","D:\zzipp\جي بي\الكميرا\_organized_generation_workspace_20260612\.venv_fooocus\Lib\site-packages\timm\data\_info\imagenet12k_synsets.txt","imagenet12k_synsets.txt",".txt","118210","0.113","26/12/47 09:39:36 ص"
".venv_fooocus\Lib\site-packages\timm\data\_info\imagenet21k_goog_synsets.txt","D:\zzipp\جي بي\الكميرا\_organized_generation_workspace_20260612\.venv_fooocus\Lib\site-packages\timm\data\_info\imagenet21k_goog_synsets.txt","imagenet21k_goog_synsets.txt",".txt","218430","0.208","26/12/47 09:39:36 ص"
".venv_fooocus\Lib\site-packages\timm\data\_info\imagenet21k_goog_to_12k_indices.txt","D:\zzipp\جي بي\الكميرا\_organized_generation_workspace_20260612\.venv_fooocus\Lib\site-packages\timm\data\_info\imagenet21k_goog_to_12k_indices.txt","imagenet21k_goog_to_12k_indices.txt",".txt","64070","0.061","26/12/47 09:39:36 ص"
".venv_fooocus\Lib\site-packages\timm\data\_info\imagenet21k_goog_to_22k_indices.txt","D:\zzipp\جي بي\الكميرا\_organized_generation_workspace_20260612\.venv_fooocus\Lib\site-packages\timm\data\_info\imagenet21k_goog_to_22k_indices.txt","imagenet21k_goog_to_22k_indices.txt",".txt","119937","0.114","26/12/47 09:39:36 ص"
".venv_fooocus\Lib\site-packages\timm\data\_info\imagenet21k_miil_synsets.txt","D:\zzipp\جي بي\الكميرا\_organized_generation_workspace_20260612\.venv_fooocus\Lib\site-packages\timm\data\_info\imagenet21k_miil_synsets.txt","imagenet21k_miil_synsets.txt",".txt","112210","0.107","26/12/47 09:39:36 ص"
".venv_fooocus\Lib\site-packages\timm\data\_info\imagenet21k_miil_w21_synsets.txt","D:\zzipp\جي بي\الكميرا\_organized_generation_workspace_20260612\.venv_fooocus\Lib\site-packages\timm\data\_info\imagenet21k_miil_w21_synsets.txt","imagenet21k_miil_w21_synsets.txt",".txt","104500","0.1","26/12/47 09:39:36 ص"
".venv_fooocus\Lib\site-packages\timm\data\_info\imagenet22k_ms_synsets.txt","D:\zzipp\جي بي\الكميرا\_organized_generation_workspace_20260612\.venv_fooocus\Lib\site-packages\timm\data\_info\imagenet22k_ms_synsets.txt","imagenet22k_ms_synsets.txt",".txt","218420","0.208","26/12/47 09:39:36 ص"
".venv_fooocus\Lib\site-packages\timm\data\_info\imagenet22k_ms_to_12k_indices.txt","D:\zzipp\جي بي\الكميرا\_organized_generation_workspace_20260612\.venv_fooocus\Lib\site-packages\timm\data\_info\imagenet22k_ms_to_12k_indices.txt","imagenet22k_ms_to_12k_indices.txt",".txt","63625","0.061","26/12/47 09:39:36 ص"
".venv_fooocus\Lib\site-packages\timm\data\_info\imagenet22k_ms_to_22k_indices.txt","D:\zzipp\جي بي\الكميرا\_organized_generation_workspace_20260612\.venv_fooocus\Lib\site-packages\timm\data\_info\imagenet22k_ms_to_22k_indices.txt","imagenet22k_ms_to_22k_indices.txt",".txt","119938","0.114","26/12/47 09:39:36 ص"
".venv_fooocus\Lib\site-packages\timm\data\_info\imagenet22k_synsets.txt","D:\zzipp\جي بي\الكميرا\_organized_generation_workspace_20260612\.venv_fooocus\Lib\site-packages\timm\data\_info\imagenet22k_synsets.txt","imagenet22k_synsets.txt",".txt","218410","0.208","26/12/47 09:39:36 ص"
".venv_fooocus\Lib\site-packages\timm\data\_info\imagenet22k_to_12k_indices.txt","D:\zzipp\جي بي\الكميرا\_organized_generation_workspace_20260612\.venv_fooocus\Lib\site-packages\timm\data\_info\imagenet22k_to_12k_indices.txt","imagenet22k_to_12k_indices.txt",".txt","64070","0.061","26/12/47 09:39:36 ص"
".venv_fooocus\Lib\site-packages\timm\models\_pruned\ecaresnet101d_pruned.txt","D:\zzipp\جي بي\الكميرا\_organized_generation_workspace_20260612\.venv_fooocus\Lib\site-packages\timm\models\_pruned\ecaresnet101d_pruned.txt","ecaresnet101d_pruned.txt",".txt","8734","0.008","26/12/47 09:39:38 ص"
".venv_fooocus\Lib\site-packages\timm\models\_pruned\ecaresnet50d_pruned.txt","D:\zzipp\جي بي\الكميرا\_organized_generation_workspace_20260612\.venv_fooocus\Lib\site-packages\timm\models\_pruned\ecaresnet50d_pruned.txt","ecaresnet50d_pruned.txt",".txt","4520","0.004","26/12/47 09:39:38 ص"
".venv_fooocus\Lib\site-packages\timm\models\_pruned\efficientnet_b1_pruned.txt","D:\zzipp\جي بي\الكميرا\_organized_generation_workspace_20260612\.venv_fooocus\Lib\site-packages\timm\models\_pruned\efficientnet_b1_pruned.txt","efficientnet_b1_pruned.txt",".txt","18596","0.018","26/12/47 09:39:38 ص"
".venv_fooocus\Lib\site-packages\timm\models\_pruned\efficientnet_b2_pruned.txt","D:\zzipp\جي بي\الكميرا\_organized_generation_workspace_20260612\.venv_fooocus\Lib\site-packages\timm\models\_pruned\efficientnet_b2_pruned.txt","efficientnet_b2_pruned.txt",".txt","18676","0.018","26/12/47 09:39:38 ص"
".venv_fooocus\Lib\site-packages\timm\models\_pruned\efficientnet_b3_pruned.txt","D:\zzipp\جي بي\الكميرا\_organized_generation_workspace_20260612\.venv_fooocus\Lib\site-packages\timm\models\_pruned\efficientnet_b3_pruned.txt","efficientnet_b3_pruned.txt",".txt","21133","0.02","26/12/47 09:39:38 ص"
".venv_fooocus\Lib\site-packages\rembg-2.0.57.dist-info\entry_points.txt","D:\zzipp\جي بي\الكميرا\_organized_generation_workspace_20260612\.venv_fooocus\Lib\site-packages\rembg-2.0.57.dist-info\entry_points.txt","entry_points.txt",".txt","42","0","26/12/47 09:39:48 ص"
".venv_fooocus\Lib\site-packages\rembg-2.0.57.dist-info\LICENSE.txt","D:\zzipp\جي بي\الكميرا\_organized_generation_workspace_20260612\.venv_fooocus\Lib\site-packages\rembg-2.0.57.dist-info\LICENSE.txt","LICENSE.txt",".txt","1069","0.001","26/12/47 09:39:48 ص"
".venv_fooocus\Lib\site-packages\rembg-2.0.57.dist-info\top_level.txt","D:\zzipp\جي بي\الكميرا\_organized_generation_workspace_20260612\.venv_fooocus\Lib\site-packages\rembg-2.0.57.dist-info\top_level.txt","top_level.txt",".txt","6","0","26/12/47 09:39:48 ص"
".venv_fooocus\Lib\site-packages\pytorch_lightning-2.3.3.dist-info\top_level.txt","D:\zzipp\جي بي\الكميرا\_organized_generation_workspace_20260612\.venv_fooocus\Lib\site-packages\pytorch_lightning-2.3.3.dist-info\top_level.txt","top_level.txt",".txt","35","0","26/12/47 09:39:56 ص"
".venv_fooocus\Lib\site-packages\altair\vegalite\v5\schema\vega-lite-schema.json","D:\zzipp\جي بي\الكميرا\_organized_generation_workspace_20260612\.venv_fooocus\Lib\site-packages\altair\vegalite\v5\schema\vega-lite-schema.json","vega-lite-schema.json",".json","1847283","1.762","26/12/47 09:40:08 ص"
".venv_fooocus\Lib\site-packages\altair\vegalite\v5\schema\vega-themes.json","D:\zzipp\جي بي\الكميرا\_organized_generation_workspace_20260612\.venv_fooocus\Lib\site-packages\altair\vegalite\v5\schema\vega-themes.json","vega-themes.json",".json","25729","0.025","26/12/47 09:40:08 ص"
".venv_fooocus\Lib\site-packages\groundingdino_py-0.4.0.dist-info\top_level.txt","D:\zzipp\جي بي\الكميرا\_organized_generation_workspace_20260612\.venv_fooocus\Lib\site-packages\groundingdino_py-0.4.0.dist-info\top_level.txt","top_level.txt",".txt","14","0","26/12/47 09:40:12 ص"
".venv_fooocus\Lib\site-packages\gradio\deploy_space_action.yaml","D:\zzipp\جي بي\الكميرا\_organized_generation_workspace_20260612\.venv_fooocus\Lib\site-packages\gradio\deploy_space_action.yaml","deploy_space_action.yaml",".yaml","541","0.001","26/12/47 09:40:14 ص"
".venv_fooocus\Lib\site-packages\gradio\launches.json","D:\zzipp\جي بي\الكميرا\_organized_generation_workspace_20260612\.venv_fooocus\Lib\site-packages\gradio\launches.json","launches.json",".json","16","0","26/12/47 06:09:14 م"
".venv_fooocus\Lib\site-packages\gradio\package.json","D:\zzipp\جي بي\الكميرا\_organized_generation_workspace_20260612\.venv_fooocus\Lib\site-packages\gradio\package.json","package.json",".json","83","0","26/12/47 09:40:16 ص"
".venv_fooocus\Lib\site-packages\gradio\version.txt","D:\zzipp\جي بي\الكميرا\_organized_generation_workspace_20260612\.venv_fooocus\Lib\site-packages\gradio\version.txt","version.txt",".txt","6","0","26/12/47 09:40:16 ص"
".venv_fooocus\Lib\site-packages\gradio\test_data\flagged_no_log\a.txt","D:\zzipp\جي بي\الكميرا\_organized_generation_workspace_20260612\.venv_fooocus\Lib\site-packages\gradio\test_data\flagged_no_log\a.txt","a.txt",".txt","0","0","26/12/47 09:40:28 ص"
".venv_fooocus\Lib\site-packages\gradio\test_data\flagged_no_log\b.txt","D:\zzipp\جي بي\الكميرا\_organized_generation_workspace_20260612\.venv_fooocus\Lib\site-packages\gradio\test_data\flagged_no_log\b.txt","b.txt",".txt","0","0","26/12/47 09:40:28 ص"
".venv_fooocus\Lib\site-packages\gradio\test_data\flagged_no_log\c.txt","D:\zzipp\جي بي\الكميرا\_organized_generation_workspace_20260612\.venv_fooocus\Lib\site-packages\gradio\test_data\flagged_no_log\c.txt","c.txt",".txt","0","0","26/12/47 09:40:28 ص"
".venv_fooocus\Lib\site-packages\gradio\test_data\flagged_with_log\log.csv","D:\zzipp\جي بي\الكميرا\_organized_generation_workspace_20260612\.venv_fooocus\Lib\site-packages\gradio\test_data\flagged_with_log\log.csv","log.csv",".csv","25","0","26/12/47 09:40:30 ص"
".venv_fooocus\Lib\site-packages\gradio-3.41.2.dist-info\entry_points.txt","D:\zzipp\جي بي\الكميرا\_organized_generation_workspace_20260612\.venv_fooocus\Lib\site-packages\gradio-3.41.2.dist-info\entry_points.txt","entry_points.txt",".txt","89","0","26/12/47 09:40:30 ص"
".venv_fooocus\Lib\site-packages\multipart\tests\test_data\http\almost_match_boundary_without_CR.yaml","D:\zzipp\جي بي\الكميرا\_organized_generation_workspace_20260612\.venv_fooocus\Lib\site-packages\multipart\tests\test_data\http\almost_match_boundary_without_CR.yaml","almost_match_boundary_without_CR.yaml",".yaml","167","0","26/12/47 09:47:46 ص"
".venv_fooocus\Lib\site-packages\multipart\tests\test_data\http\almost_match_boundary_without_final_hyphen.yaml","D:\zzipp\جي بي\الكميرا\_organized_generation_workspace_20260612\.venv_fooocus\Lib\site-packages\multipart\tests\test_data\http\almost_match_boundary_without_final_hyphen.yaml","almost_match_boundary_without_final_hyphen.yaml",".yaml","171","0","26/12/47 09:47:46 ص"
".venv_fooocus\Lib\site-packages\multipart\tests\test_data\http\almost_match_boundary_without_LF.yaml","D:\zzipp\جي بي\الكميرا\_organized_generation_workspace_20260612\.venv_fooocus\Lib\site-packages\multipart\tests\test_data\http\almost_match_boundary_without_LF.yaml","almost_match_boundary_without_LF.yaml",".yaml","171","0","26/12/47 09:47:46 ص"
".venv_fooocus\Lib\site-packages\multipart\tests\test_data\http\almost_match_boundary.yaml","D:\zzipp\جي بي\الكميرا\_organized_generation_workspace_20260612\.venv_fooocus\Lib\site-packages\multipart\tests\test_data\http\almost_match_boundary.yaml","almost_match_boundary.yaml",".yaml","300","0","26/12/47 09:47:46 ص"
".venv_fooocus\Lib\site-packages\multipart\tests\test_data\http\bad_end_of_headers.yaml","D:\zzipp\جي بي\الكميرا\_organized_generation_workspace_20260612\.venv_fooocus\Lib\site-packages\multipart\tests\test_data\http\bad_end_of_headers.yaml","bad_end_of_headers.yaml",".yaml","73","0","26/12/47 09:47:46 ص"
".venv_fooocus\Lib\site-packages\multipart\tests\test_data\http\bad_header_char.yaml","D:\zzipp\جي بي\الكميرا\_organized_generation_workspace_20260612\.venv_fooocus\Lib\site-packages\multipart\tests\test_data\http\bad_header_char.yaml","bad_header_char.yaml",".yaml","73","0","26/12/47 09:47:46 ص"
".venv_fooocus\Lib\site-packages\multipart\tests\test_data\http\bad_initial_boundary.yaml","D:\zzipp\جي بي\الكميرا\_organized_generation_workspace_20260612\.venv_fooocus\Lib\site-packages\multipart\tests\test_data\http\bad_initial_boundary.yaml","bad_initial_boundary.yaml",".yaml","72","0","26/12/47 09:47:46 ص"
".venv_fooocus\Lib\site-packages\multipart\tests\test_data\http\base64_encoding.yaml","D:\zzipp\جي بي\الكميرا\_organized_generation_workspace_20260612\.venv_fooocus\Lib\site-packages\multipart\tests\test_data\http\base64_encoding.yaml","base64_encoding.yaml",".yaml","125","0","26/12/47 09:47:46 ص"
".venv_fooocus\Lib\site-packages\multipart\tests\test_data\http\CR_in_header_value.yaml","D:\zzipp\جي بي\الكميرا\_organized_generation_workspace_20260612\.venv_fooocus\Lib\site-packages\multipart\tests\test_data\http\CR_in_header_value.yaml","CR_in_header_value.yaml",".yaml","73","0","26/12/47 09:47:46 ص"
".venv_fooocus\Lib\site-packages\multipart\tests\test_data\http\CR_in_header.yaml","D:\zzipp\جي بي\الكميرا\_organized_generation_workspace_20260612\.venv_fooocus\Lib\site-packages\multipart\tests\test_data\http\CR_in_header.yaml","CR_in_header.yaml",".yaml","73","0","26/12/47 09:47:46 ص"
".venv_fooocus\Lib\site-packages\multipart\tests\test_data\http\empty_header.yaml","D:\zzipp\جي بي\الكميرا\_organized_generation_workspace_20260612\.venv_fooocus\Lib\site-packages\multipart\tests\test_data\http\empty_header.yaml","empty_header.yaml",".yaml","73","0","26/12/47 09:47:46 ص"
".venv_fooocus\Lib\site-packages\multipart\tests\test_data\http\multiple_fields.yaml","D:\zzipp\جي بي\الكميرا\_organized_generation_workspace_20260612\.venv_fooocus\Lib\site-packages\multipart\tests\test_data\http\multiple_fields.yaml","multiple_fields.yaml",".yaml","197","0","26/12/47 09:47:46 ص"
".venv_fooocus\Lib\site-packages\multipart\tests\test_data\http\multiple_files.yaml","D:\zzipp\جي بي\الكميرا\_organized_generation_workspace_20260612\.venv_fooocus\Lib\site-packages\multipart\tests\test_data\http\multiple_files.yaml","multiple_files.yaml",".yaml","260","0","26/12/47 09:47:46 ص"
".venv_fooocus\Lib\site-packages\multipart\tests\test_data\http\quoted_printable_encoding.yaml","D:\zzipp\جي بي\الكميرا\_organized_generation_workspace_20260612\.venv_fooocus\Lib\site-packages\multipart\tests\test_data\http\quoted_printable_encoding.yaml","quoted_printable_encoding.yaml",".yaml","127","0","26/12/47 09:47:46 ص"
".venv_fooocus\Lib\site-packages\multipart\tests\test_data\http\single_field_blocks.yaml","D:\zzipp\جي بي\الكميرا\_organized_generation_workspace_20260612\.venv_fooocus\Lib\site-packages\multipart\tests\test_data\http\single_field_blocks.yaml","single_field_blocks.yaml",".yaml","147","0","26/12/47 09:47:46 ص"
".venv_fooocus\Lib\site-packages\multipart\tests\test_data\http\single_field_longer.yaml","D:\zzipp\جي بي\الكميرا\_organized_generation_workspace_20260612\.venv_fooocus\Lib\site-packages\multipart\tests\test_data\http\single_field_longer.yaml","single_field_longer.yaml",".yaml","293","0","26/12/47 09:47:46 ص"
".venv_fooocus\Lib\site-packages\multipart\tests\test_data\http\single_field_single_file.yaml","D:\zzipp\جي بي\الكميرا\_organized_generation_workspace_20260612\.venv_fooocus\Lib\site-packages\multipart\tests\test_data\http\single_field_single_file.yaml","single_field_single_file.yaml",".yaml","189","0","26/12/47 09:47:46 ص"
".venv_fooocus\Lib\site-packages\multipart\tests\test_data\http\single_field_with_leading_newlines.yaml","D:\zzipp\جي بي\الكميرا\_organized_generation_workspace_20260612\.venv_fooocus\Lib\site-packages\multipart\tests\test_data\http\single_field_with_leading_newlines.yaml","single_field_with_leading_newlines.yaml",".yaml","139","0","26/12/47 09:47:46 ص"
".venv_fooocus\Lib\site-packages\multipart\tests\test_data\http\single_field.yaml","D:\zzipp\جي بي\الكميرا\_organized_generation_workspace_20260612\.venv_fooocus\Lib\site-packages\multipart\tests\test_data\http\single_field.yaml","single_field.yaml",".yaml","139","0","26/12/47 09:47:46 ص"
".venv_fooocus\Lib\site-packages\multipart\tests\test_data\http\single_file.yaml","D:\zzipp\جي بي\الكميرا\_organized_generation_workspace_20260612\.venv_fooocus\Lib\site-packages\multipart\tests\test_data\http\single_file.yaml","single_file.yaml",".yaml","170","0","26/12/47 09:47:46 ص"
".venv_fooocus\Lib\site-packages\multipart\tests\test_data\http\utf8_filename.yaml","D:\zzipp\جي بي\الكميرا\_organized_generation_workspace_20260612\.venv_fooocus\Lib\site-packages\multipart\tests\test_data\http\utf8_filename.yaml","utf8_filename.yaml",".yaml","177","0","26/12/47 09:47:46 ص"
".venv_fooocus\Lib\site-packages\python_multipart-0.0.6.dist-info\licenses\LICENSE.txt","D:\zzipp\جي بي\الكميرا\_organized_generation_workspace_20260612\.venv_fooocus\Lib\site-packages\python_multipart-0.0.6.dist-info\licenses\LICENSE.txt","LICENSE.txt",".txt","556","0.001","26/12/47 09:47:46 ص"
".venv_fooocus\Lib\site-packages\torchgen\packaged\ATen\native\native_functions.yaml","D:\zzipp\جي بي\الكميرا\_organized_generation_workspace_20260612\.venv_fooocus\Lib\site-packages\torchgen\packaged\ATen\native\native_functions.yaml","native_functions.yaml",".yaml","578453","0.552","26/12/47 10:49:20 ص"
".venv_fooocus\Lib\site-packages\torchgen\packaged\ATen\native\tags.yaml","D:\zzipp\جي بي\الكميرا\_organized_generation_workspace_20260612\.venv_fooocus\Lib\site-packages\torchgen\packaged\ATen\native\tags.yaml","tags.yaml",".yaml","2752","0.003","26/12/47 10:49:20 ص"
".venv_fooocus\Lib\site-packages\torchgen\packaged\ATen\templates\RegisterDispatchDefinitions.ini","D:\zzipp\جي بي\الكميرا\_organized_generation_workspace_20260612\.venv_fooocus\Lib\site-packages\torchgen\packaged\ATen\templates\RegisterDispatchDefinitions.ini","RegisterDispatchDefinitions.ini",".ini","500","0","26/12/47 10:49:20 ص"
".venv_fooocus\Lib\site-packages\torchgen\packaged\autograd\deprecated.yaml","D:\zzipp\جي بي\الكميرا\_organized_generation_workspace_20260612\.venv_fooocus\Lib\site-packages\torchgen\packaged\autograd\deprecated.yaml","deprecated.yaml",".yaml","6384","0.006","26/12/47 10:49:20 ص"
".venv_fooocus\Lib\site-packages\torchgen\packaged\autograd\derivatives.yaml","D:\zzipp\جي بي\الكميرا\_organized_generation_workspace_20260612\.venv_fooocus\Lib\site-packages\torchgen\packaged\autograd\derivatives.yaml","derivatives.yaml",".yaml","173424","0.165","26/12/47 10:49:20 ص"
".venv_fooocus\Lib\site-packages\torch-2.1.0+cu121.dist-info\entry_points.txt","D:\zzipp\جي بي\الكميرا\_organized_generation_workspace_20260612\.venv_fooocus\Lib\site-packages\torch-2.1.0+cu121.dist-info\entry_points.txt","entry_points.txt",".txt","204","0","26/12/47 10:49:20 ص"
".venv_fooocus\Lib\site-packages\torch-2.1.0+cu121.dist-info\top_level.txt","D:\zzipp\جي بي\الكميرا\_organized_generation_workspace_20260612\.venv_fooocus\Lib\site-packages\torch-2.1.0+cu121.dist-info\top_level.txt","top_level.txt",".txt","33","0","26/12/47 10:49:20 ص"
".venv_fooocus\Lib\site-packages\torchvision-0.16.0+cu121.dist-info\top_level.txt","D:\zzipp\جي بي\الكميرا\_organized_generation_workspace_20260612\.venv_fooocus\Lib\site-packages\torchvision-0.16.0+cu121.dist-info\top_level.txt","top_level.txt",".txt","12","0","26/12/47 10:51:16 ص"
".venv_fooocus\Lib\site-packages\urllib3-2.2.3.dist-info\licenses\LICENSE.txt","D:\zzipp\جي بي\الكميرا\_organized_generation_workspace_20260612\.venv_fooocus\Lib\site-packages\urllib3-2.2.3.dist-info\licenses\LICENSE.txt","LICENSE.txt",".txt","1093","0.001","26/12/47 10:52:22 ص"
".venv_fooocus\Lib\site-packages\sniffio-1.3.1.dist-info\top_level.txt","D:\zzipp\جي بي\الكميرا\_organized_generation_workspace_20260612\.venv_fooocus\Lib\site-packages\sniffio-1.3.1.dist-info\top_level.txt","top_level.txt",".txt","8","0","26/12/47 10:54:00 ص"
".venv_fooocus\Lib\site-packages\pillow-10.4.0.dist-info\top_level.txt","D:\zzipp\جي بي\الكميرا\_organized_generation_workspace_20260612\.venv_fooocus\Lib\site-packages\pillow-10.4.0.dist-info\top_level.txt","top_level.txt",".txt","4","0","26/12/47 10:54:02 ص"
".venv_fooocus\Lib\site-packages\numpy\core\include\numpy\random\LICENSE.txt","D:\zzipp\جي بي\الكميرا\_organized_generation_workspace_20260612\.venv_fooocus\Lib\site-packages\numpy\core\include\numpy\random\LICENSE.txt","LICENSE.txt",".txt","1039","0.001","26/12/47 10:55:38 ص"
".venv_fooocus\Lib\site-packages\numpy\core\lib\npy-pkg-config\mlib.ini","D:\zzipp\جي بي\الكميرا\_organized_generation_workspace_20260612\.venv_fooocus\Lib\site-packages\numpy\core\lib\npy-pkg-config\mlib.ini","mlib.ini",".ini","156","0","26/12/47 10:55:38 ص"
".venv_fooocus\Lib\site-packages\numpy\core\lib\npy-pkg-config\npymath.ini","D:\zzipp\جي بي\الكميرا\_organized_generation_workspace_20260612\.venv_fooocus\Lib\site-packages\numpy\core\lib\npy-pkg-config\npymath.ini","npymath.ini",".ini","380","0","26/12/47 10:55:38 ص"
".venv_fooocus\Lib\site-packages\numpy\core\tests\data\umath-validation-set-arccos.csv","D:\zzipp\جي بي\الكميرا\_organized_generation_workspace_20260612\.venv_fooocus\Lib\site-packages\numpy\core\tests\data\umath-validation-set-arccos.csv","umath-validation-set-arccos.csv",".csv","62794","0.06","26/12/47 10:55:38 ص"
".venv_fooocus\Lib\site-packages\numpy\core\tests\data\umath-validation-set-arccosh.csv","D:\zzipp\جي بي\الكميرا\_organized_generation_workspace_20260612\.venv_fooocus\Lib\site-packages\numpy\core\tests\data\umath-validation-set-arccosh.csv","umath-validation-set-arccosh.csv",".csv","62794","0.06","26/12/47 10:55:38 ص"
".venv_fooocus\Lib\site-packages\numpy\core\tests\data\umath-validation-set-arcsin.csv","D:\zzipp\جي بي\الكميرا\_organized_generation_workspace_20260612\.venv_fooocus\Lib\site-packages\numpy\core\tests\data\umath-validation-set-arcsin.csv","umath-validation-set-arcsin.csv",".csv","62768","0.06","26/12/47 10:55:38 ص"
".venv_fooocus\Lib\site-packages\numpy\core\tests\data\umath-validation-set-arcsinh.csv","D:\zzipp\جي بي\الكميرا\_organized_generation_workspace_20260612\.venv_fooocus\Lib\site-packages\numpy\core\tests\data\umath-validation-set-arcsinh.csv","umath-validation-set-arcsinh.csv",".csv","61718","0.059","26/12/47 10:55:38 ص"
".venv_fooocus\Lib\site-packages\numpy\core\tests\data\umath-validation-set-arctan.csv","D:\zzipp\جي بي\الكميرا\_organized_generation_workspace_20260612\.venv_fooocus\Lib\site-packages\numpy\core\tests\data\umath-validation-set-arctan.csv","umath-validation-set-arctan.csv",".csv","61734","0.059","26/12/47 10:55:38 ص"
".venv_fooocus\Lib\site-packages\numpy\core\tests\data\umath-validation-set-arctanh.csv","D:\zzipp\جي بي\الكميرا\_organized_generation_workspace_20260612\.venv_fooocus\Lib\site-packages\numpy\core\tests\data\umath-validation-set-arctanh.csv","umath-validation-set-arctanh.csv",".csv","62768","0.06","26/12/47 10:55:38 ص"
".venv_fooocus\Lib\site-packages\numpy\core\tests\data\umath-validation-set-cbrt.csv","D:\zzipp\جي بي\الكميرا\_organized_generation_workspace_20260612\.venv_fooocus\Lib\site-packages\numpy\core\tests\data\umath-validation-set-cbrt.csv","umath-validation-set-cbrt.csv",".csv","62275","0.059","26/12/47 10:55:38 ص"
".venv_fooocus\Lib\site-packages\numpy\core\tests\data\umath-validation-set-cos.csv","D:\zzipp\جي بي\الكميرا\_organized_generation_workspace_20260612\.venv_fooocus\Lib\site-packages\numpy\core\tests\data\umath-validation-set-cos.csv","umath-validation-set-cos.csv",".csv","60497","0.058","26/12/47 10:55:38 ص"
".venv_fooocus\Lib\site-packages\numpy\core\tests\data\umath-validation-set-cosh.csv","D:\zzipp\جي بي\الكميرا\_organized_generation_workspace_20260612\.venv_fooocus\Lib\site-packages\numpy\core\tests\data\umath-validation-set-cosh.csv","umath-validation-set-cosh.csv",".csv","62298","0.059","26/12/47 10:55:38 ص"
".venv_fooocus\Lib\site-packages\numpy\core\tests\data\umath-validation-set-exp.csv","D:\zzipp\جي بي\الكميرا\_organized_generation_workspace_20260612\.venv_fooocus\Lib\site-packages\numpy\core\tests\data\umath-validation-set-exp.csv","umath-validation-set-exp.csv",".csv","17903","0.017","26/12/47 10:55:38 ص"
".venv_fooocus\Lib\site-packages\numpy\core\tests\data\umath-validation-set-exp2.csv","D:\zzipp\جي بي\الكميرا\_organized_generation_workspace_20260612\.venv_fooocus\Lib\site-packages\numpy\core\tests\data\umath-validation-set-exp2.csv","umath-validation-set-exp2.csv",".csv","60053","0.057","26/12/47 10:55:38 ص"
".venv_fooocus\Lib\site-packages\numpy\core\tests\data\umath-validation-set-expm1.csv","D:\zzipp\جي بي\الكميرا\_organized_generation_workspace_20260612\.venv_fooocus\Lib\site-packages\numpy\core\tests\data\umath-validation-set-expm1.csv","umath-validation-set-expm1.csv",".csv","61728","0.059","26/12/47 10:55:38 ص"
".venv_fooocus\Lib\site-packages\numpy\core\tests\data\umath-validation-set-log.csv","D:\zzipp\جي بي\الكميرا\_organized_generation_workspace_20260612\.venv_fooocus\Lib\site-packages\numpy\core\tests\data\umath-validation-set-log.csv","umath-validation-set-log.csv",".csv","11963","0.011","26/12/47 10:55:38 ص"
".venv_fooocus\Lib\site-packages\numpy\core\tests\data\umath-validation-set-log10.csv","D:\zzipp\جي بي\الكميرا\_organized_generation_workspace_20260612\.venv_fooocus\Lib\site-packages\numpy\core\tests\data\umath-validation-set-log10.csv","umath-validation-set-log10.csv",".csv","70551","0.067","26/12/47 10:55:38 ص"
".venv_fooocus\Lib\site-packages\numpy\core\tests\data\umath-validation-set-log1p.csv","D:\zzipp\جي بي\الكميرا\_organized_generation_workspace_20260612\.venv_fooocus\Lib\site-packages\numpy\core\tests\data\umath-validation-set-log1p.csv","umath-validation-set-log1p.csv",".csv","61732","0.059","26/12/47 10:55:38 ص"
".venv_fooocus\Lib\site-packages\numpy\core\tests\data\umath-validation-set-log2.csv","D:\zzipp\جي بي\الكميرا\_organized_generation_workspace_20260612\.venv_fooocus\Lib\site-packages\numpy\core\tests\data\umath-validation-set-log2.csv","umath-validation-set-log2.csv",".csv","70546","0.067","26/12/47 10:55:38 ص"
".venv_fooocus\Lib\site-packages\numpy\core\tests\data\umath-validation-set-README.txt","D:\zzipp\جي بي\الكميرا\_organized_generation_workspace_20260612\.venv_fooocus\Lib\site-packages\numpy\core\tests\data\umath-validation-set-README.txt","umath-validation-set-README.txt",".txt","982","0.001","26/12/47 10:55:38 ص"
".venv_fooocus\Lib\site-packages\numpy\core\tests\data\umath-validation-set-sin.csv","D:\zzipp\جي بي\الكميرا\_organized_generation_workspace_20260612\.venv_fooocus\Lib\site-packages\numpy\core\tests\data\umath-validation-set-sin.csv","umath-validation-set-sin.csv",".csv","59981","0.057","26/12/47 10:55:38 ص"
".venv_fooocus\Lib\site-packages\numpy\core\tests\data\umath-validation-set-sinh.csv","D:\zzipp\جي بي\الكميرا\_organized_generation_workspace_20260612\.venv_fooocus\Lib\site-packages\numpy\core\tests\data\umath-validation-set-sinh.csv","umath-validation-set-sinh.csv",".csv","61722","0.059","26/12/47 10:55:38 ص"
".venv_fooocus\Lib\site-packages\numpy\core\tests\data\umath-validation-set-tan.csv","D:\zzipp\جي بي\الكميرا\_organized_generation_workspace_20260612\.venv_fooocus\Lib\site-packages\numpy\core\tests\data\umath-validation-set-tan.csv","umath-validation-set-tan.csv",".csv","61728","0.059","26/12/47 10:55:38 ص"
".venv_fooocus\Lib\site-packages\numpy\core\tests\data\umath-validation-set-tanh.csv","D:\zzipp\جي بي\الكميرا\_organized_generation_workspace_20260612\.venv_fooocus\Lib\site-packages\numpy\core\tests\data\umath-validation-set-tanh.csv","umath-validation-set-tanh.csv",".csv","61728","0.059","26/12/47 10:55:38 ص"
".venv_fooocus\Lib\site-packages\numpy\f2py\setup.cfg","D:\zzipp\جي بي\الكميرا\_organized_generation_workspace_20260612\.venv_fooocus\Lib\site-packages\numpy\f2py\setup.cfg","setup.cfg",".cfg","50","0","26/12/47 10:55:42 ص"
".venv_fooocus\Lib\site-packages\numpy\ma\API_CHANGES.txt","D:\zzipp\جي بي\الكميرا\_organized_generation_workspace_20260612\.venv_fooocus\Lib\site-packages\numpy\ma\API_CHANGES.txt","API_CHANGES.txt",".txt","3540","0.003","26/12/47 10:55:46 ص"
".venv_fooocus\Lib\site-packages\numpy\random\tests\data\mt19937-testset-1.csv","D:\zzipp\جي بي\الكميرا\_organized_generation_workspace_20260612\.venv_fooocus\Lib\site-packages\numpy\random\tests\data\mt19937-testset-1.csv","mt19937-testset-1.csv",".csv","16845","0.016","26/12/47 10:55:50 ص"
".venv_fooocus\Lib\site-packages\numpy\random\tests\data\mt19937-testset-2.csv","D:\zzipp\جي بي\الكميرا\_organized_generation_workspace_20260612\.venv_fooocus\Lib\site-packages\numpy\random\tests\data\mt19937-testset-2.csv","mt19937-testset-2.csv",".csv","16826","0.016","26/12/47 10:55:50 ص"
".venv_fooocus\Lib\site-packages\numpy\random\tests\data\pcg64-testset-1.csv","D:\zzipp\جي بي\الكميرا\_organized_generation_workspace_20260612\.venv_fooocus\Lib\site-packages\numpy\random\tests\data\pcg64-testset-1.csv","pcg64-testset-1.csv",".csv","24840","0.024","26/12/47 10:55:50 ص"
".venv_fooocus\Lib\site-packages\numpy\random\tests\data\pcg64-testset-2.csv","D:\zzipp\جي بي\الكميرا\_organized_generation_workspace_20260612\.venv_fooocus\Lib\site-packages\numpy\random\tests\data\pcg64-testset-2.csv","pcg64-testset-2.csv",".csv","24846","0.024","26/12/47 10:55:50 ص"
".venv_fooocus\Lib\site-packages\numpy\random\tests\data\pcg64dxsm-testset-1.csv","D:\zzipp\جي بي\الكميرا\_organized_generation_workspace_20260612\.venv_fooocus\Lib\site-packages\numpy\random\tests\data\pcg64dxsm-testset-1.csv","pcg64dxsm-testset-1.csv",".csv","24834","0.024","26/12/47 10:55:50 ص"
".venv_fooocus\Lib\site-packages\numpy\random\tests\data\pcg64dxsm-testset-2.csv","D:\zzipp\جي بي\الكميرا\_organized_generation_workspace_20260612\.venv_fooocus\Lib\site-packages\numpy\random\tests\data\pcg64dxsm-testset-2.csv","pcg64dxsm-testset-2.csv",".csv","24840","0.024","26/12/47 10:55:50 ص"
".venv_fooocus\Lib\site-packages\numpy\random\tests\data\philox-testset-1.csv","D:\zzipp\جي بي\الكميرا\_organized_generation_workspace_20260612\.venv_fooocus\Lib\site-packages\numpy\random\tests\data\philox-testset-1.csv","philox-testset-1.csv",".csv","24853","0.024","26/12/47 10:55:50 ص"
".venv_fooocus\Lib\site-packages\numpy\random\tests\data\philox-testset-2.csv","D:\zzipp\جي بي\الكميرا\_organized_generation_workspace_20260612\.venv_fooocus\Lib\site-packages\numpy\random\tests\data\philox-testset-2.csv","philox-testset-2.csv",".csv","24839","0.024","26/12/47 10:55:50 ص"
".venv_fooocus\Lib\site-packages\numpy\random\tests\data\sfc64-testset-1.csv","D:\zzipp\جي بي\الكميرا\_organized_generation_workspace_20260612\.venv_fooocus\Lib\site-packages\numpy\random\tests\data\sfc64-testset-1.csv","sfc64-testset-1.csv",".csv","24841","0.024","26/12/47 10:55:50 ص"
".venv_fooocus\Lib\site-packages\numpy\random\tests\data\sfc64-testset-2.csv","D:\zzipp\جي بي\الكميرا\_organized_generation_workspace_20260612\.venv_fooocus\Lib\site-packages\numpy\random\tests\data\sfc64-testset-2.csv","sfc64-testset-2.csv",".csv","24834","0.024","26/12/47 10:55:50 ص"
".venv_fooocus\Lib\site-packages\numpy\typing\tests\data\mypy.ini","D:\zzipp\جي بي\الكميرا\_organized_generation_workspace_20260612\.venv_fooocus\Lib\site-packages\numpy\typing\tests\data\mypy.ini","mypy.ini",".ini","113","0","26/12/47 10:55:52 ص"
".venv_fooocus\Lib\site-packages\numpy-1.26.4.dist-info\entry_points.txt","D:\zzipp\جي بي\الكميرا\_organized_generation_workspace_20260612\.venv_fooocus\Lib\site-packages\numpy-1.26.4.dist-info\entry_points.txt","entry_points.txt",".txt","144","0","26/12/47 10:55:54 ص"
".venv_fooocus\Lib\site-packages\numpy-1.26.4.dist-info\LICENSE.txt","D:\zzipp\جي بي\الكميرا\_organized_generation_workspace_20260612\.venv_fooocus\Lib\site-packages\numpy-1.26.4.dist-info\LICENSE.txt","LICENSE.txt",".txt","48688","0.046","26/12/47 10:55:54 ص"
".venv_fooocus\Lib\site-packages\h11-0.16.0.dist-info\top_level.txt","D:\zzipp\جي بي\الكميرا\_organized_generation_workspace_20260612\.venv_fooocus\Lib\site-packages\h11-0.16.0.dist-info\top_level.txt","top_level.txt",".txt","4","0","26/12/47 10:57:02 ص"
".venv_fooocus\Lib\site-packages\h11-0.16.0.dist-info\licenses\LICENSE.txt","D:\zzipp\جي بي\الكميرا\_organized_generation_workspace_20260612\.venv_fooocus\Lib\site-packages\h11-0.16.0.dist-info\licenses\LICENSE.txt","LICENSE.txt",".txt","1124","0.001","26/12/47 10:57:02 ص"
".venv_fooocus\Lib\site-packages\colorama-0.4.6.dist-info\licenses\LICENSE.txt","D:\zzipp\جي بي\الكميرا\_organized_generation_workspace_20260612\.venv_fooocus\Lib\site-packages\colorama-0.4.6.dist-info\licenses\LICENSE.txt","LICENSE.txt",".txt","1491","0.001","26/12/47 10:57:04 ص"
".venv_fooocus\Lib\site-packages\charset_normalizer-3.4.7.dist-info\entry_points.txt","D:\zzipp\جي بي\الكميرا\_organized_generation_workspace_20260612\.venv_fooocus\Lib\site-packages\charset_normalizer-3.4.7.dist-info\entry_points.txt","entry_points.txt",".txt","65","0","26/12/47 10:57:40 ص"
".venv_fooocus\Lib\site-packages\charset_normalizer-3.4.7.dist-info\top_level.txt","D:\zzipp\جي بي\الكميرا\_organized_generation_workspace_20260612\.venv_fooocus\Lib\site-packages\charset_normalizer-3.4.7.dist-info\top_level.txt","top_level.txt",".txt","47","0","26/12/47 10:57:40 ص"
".venv_fooocus\Lib\site-packages\certifi-2024.7.4.dist-info\top_level.txt","D:\zzipp\جي بي\الكميرا\_organized_generation_workspace_20260612\.venv_fooocus\Lib\site-packages\certifi-2024.7.4.dist-info\top_level.txt","top_level.txt",".txt","8","0","26/12/47 10:57:40 ص"
".venv_fooocus\Lib\site-packages\requests-2.32.3.dist-info\top_level.txt","D:\zzipp\جي بي\الكميرا\_organized_generation_workspace_20260612\.venv_fooocus\Lib\site-packages\requests-2.32.3.dist-info\top_level.txt","top_level.txt",".txt","9","0","26/12/47 10:57:42 ص"
".venv_fooocus\Lib\site-packages\pydantic-1.10.15.dist-info\entry_points.txt","D:\zzipp\جي بي\الكميرا\_organized_generation_workspace_20260612\.venv_fooocus\Lib\site-packages\pydantic-1.10.15.dist-info\entry_points.txt","entry_points.txt",".txt","45","0","26/12/47 10:57:44 ص"
".venv_fooocus\Lib\site-packages\pydantic-1.10.15.dist-info\top_level.txt","D:\zzipp\جي بي\الكميرا\_organized_generation_workspace_20260612\.venv_fooocus\Lib\site-packages\pydantic-1.10.15.dist-info\top_level.txt","top_level.txt",".txt","9","0","26/12/47 10:57:44 ص"
".venv_fooocus\Lib\site-packages\click-8.4.1.dist-info\licenses\LICENSE.txt","D:\zzipp\جي بي\الكميرا\_organized_generation_workspace_20260612\.venv_fooocus\Lib\site-packages\click-8.4.1.dist-info\licenses\LICENSE.txt","LICENSE.txt",".txt","1475","0.001","26/12/47 10:57:48 ص"
".venv_fooocus\Lib\site-packages\uvicorn-0.23.2.dist-info\entry_points.txt","D:\zzipp\جي بي\الكميرا\_organized_generation_workspace_20260612\.venv_fooocus\Lib\site-packages\uvicorn-0.23.2.dist-info\entry_points.txt","entry_points.txt",".txt","46","0","26/12/47 10:57:50 ص"
".venv_fooocus\Lib\site-packages\anyio-3.7.1.dist-info\entry_points.txt","D:\zzipp\جي بي\الكميرا\_organized_generation_workspace_20260612\.venv_fooocus\Lib\site-packages\anyio-3.7.1.dist-info\entry_points.txt","entry_points.txt",".txt","39","0","26/12/47 10:57:52 ص"
".venv_fooocus\Lib\site-packages\anyio-3.7.1.dist-info\top_level.txt","D:\zzipp\جي بي\الكميرا\_organized_generation_workspace_20260612\.venv_fooocus\Lib\site-packages\anyio-3.7.1.dist-info\top_level.txt","top_level.txt",".txt","6","0","26/12/47 10:57:52 ص"
".venv_fooocus\Lib\site-packages\mpmath-1.3.0.dist-info\top_level.txt","D:\zzipp\جي بي\الكميرا\_organized_generation_workspace_20260612\.venv_fooocus\Lib\site-packages\mpmath-1.3.0.dist-info\top_level.txt","top_level.txt",".txt","7","0","26/12/47 10:59:00 ص"
".venv_fooocus\Lib\site-packages\sympy\parsing\autolev\test-examples\README.txt","D:\zzipp\جي بي\الكميرا\_organized_generation_workspace_20260612\.venv_fooocus\Lib\site-packages\sympy\parsing\autolev\test-examples\README.txt","README.txt",".txt","528","0.001","26/12/47 11:00:18 ص"
".venv_fooocus\Lib\site-packages\sympy\parsing\latex\LICENSE.txt","D:\zzipp\جي بي\الكميرا\_organized_generation_workspace_20260612\.venv_fooocus\Lib\site-packages\sympy\parsing\latex\LICENSE.txt","LICENSE.txt",".txt","1075","0.001","26/12/47 11:00:18 ص"
".venv_fooocus\Lib\site-packages\sympy-1.14.0.dist-info\entry_points.txt","D:\zzipp\جي بي\الكميرا\_organized_generation_workspace_20260612\.venv_fooocus\Lib\site-packages\sympy-1.14.0.dist-info\entry_points.txt","entry_points.txt",".txt","39","0","26/12/47 11:00:32 ص"
".venv_fooocus\Lib\site-packages\sympy-1.14.0.dist-info\top_level.txt","D:\zzipp\جي بي\الكميرا\_organized_generation_workspace_20260612\.venv_fooocus\Lib\site-packages\sympy-1.14.0.dist-info\top_level.txt","top_level.txt",".txt","13","0","26/12/47 11:00:32 ص"
".venv_fooocus\Lib\site-packages\networkx-3.4.2.dist-info\entry_points.txt","D:\zzipp\جي بي\الكميرا\_organized_generation_workspace_20260612\.venv_fooocus\Lib\site-packages\networkx-3.4.2.dist-info\entry_points.txt","entry_points.txt",".txt","94","0","26/12/47 11:01:44 ص"
".venv_fooocus\Lib\site-packages\networkx-3.4.2.dist-info\LICENSE.txt","D:\zzipp\جي بي\الكميرا\_organized_generation_workspace_20260612\.venv_fooocus\Lib\site-packages\networkx-3.4.2.dist-info\LICENSE.txt","LICENSE.txt",".txt","1763","0.002","26/12/47 11:01:44 ص"
".venv_fooocus\Lib\site-packages\networkx-3.4.2.dist-info\top_level.txt","D:\zzipp\جي بي\الكميرا\_organized_generation_workspace_20260612\.venv_fooocus\Lib\site-packages\networkx-3.4.2.dist-info\top_level.txt","top_level.txt",".txt","9","0","26/12/47 11:01:44 ص"
".venv_fooocus\Lib\site-packages\torchaudio-2.1.0+cu121.dist-info\top_level.txt","D:\zzipp\جي بي\الكميرا\_organized_generation_workspace_20260612\.venv_fooocus\Lib\site-packages\torchaudio-2.1.0+cu121.dist-info\top_level.txt","top_level.txt",".txt","11","0","26/12/47 11:06:24 ص"
".venv_fooocus\Lib\site-packages\MarkupSafe-2.1.5.dist-info\top_level.txt","D:\zzipp\جي بي\الكميرا\_organized_generation_workspace_20260612\.venv_fooocus\Lib\site-packages\MarkupSafe-2.1.5.dist-info\top_level.txt","top_level.txt",".txt","11","0","26/12/47 11:06:28 ص"
".venv_fooocus\Lib\site-packages\Jinja2-3.1.2.dist-info\entry_points.txt","D:\zzipp\جي بي\الكميرا\_organized_generation_workspace_20260612\.venv_fooocus\Lib\site-packages\Jinja2-3.1.2.dist-info\entry_points.txt","entry_points.txt",".txt","59","0","26/12/47 11:06:28 ص"
".venv_fooocus\Lib\site-packages\Jinja2-3.1.2.dist-info\top_level.txt","D:\zzipp\جي بي\الكميرا\_organized_generation_workspace_20260612\.venv_fooocus\Lib\site-packages\Jinja2-3.1.2.dist-info\top_level.txt","top_level.txt",".txt","7","0","26/12/47 11:06:28 ص"
".venv_sdwebui\dev.txt","D:\zzipp\جي بي\الكميرا\_organized_generation_workspace_20260612\.venv_sdwebui\dev.txt","dev.txt",".txt","216","0","26/12/47 02:12:10 م"
".venv_sdwebui\pyvenv.cfg","D:\zzipp\جي بي\الكميرا\_organized_generation_workspace_20260612\.venv_sdwebui\pyvenv.cfg","pyvenv.cfg",".cfg","119","0","26/12/47 12:51:46 م"
".venv_sdwebui\x.txt","D:\zzipp\جي بي\الكميرا\_organized_generation_workspace_20260612\.venv_sdwebui\x.txt","x.txt",".txt","53","0","26/12/47 02:12:10 م"
".venv_sdwebui\Lib\site-packages\pip\_vendor\vendor.txt","D:\zzipp\جي بي\الكميرا\_organized_generation_workspace_20260612\.venv_sdwebui\Lib\site-packages\pip\_vendor\vendor.txt","vendor.txt",".txt","316","0","26/12/47 12:52:38 م"
".venv_sdwebui\Lib\site-packages\pip\_vendor\cachecontrol\LICENSE.txt","D:\zzipp\جي بي\الكميرا\_organized_generation_workspace_20260612\.venv_sdwebui\Lib\site-packages\pip\_vendor\cachecontrol\LICENSE.txt","LICENSE.txt",".txt","558","0.001","26/12/47 12:52:38 م"
".venv_sdwebui\Lib\site-packages\pip\_vendor\distlib\LICENSE.txt","D:\zzipp\جي بي\الكميرا\_organized_generation_workspace_20260612\.venv_sdwebui\Lib\site-packages\pip\_vendor\distlib\LICENSE.txt","LICENSE.txt",".txt","14531","0.014","26/12/47 12:52:38 م"
".venv_sdwebui\Lib\site-packages\pip\_vendor\urllib3\LICENSE.txt","D:\zzipp\جي بي\الكميرا\_organized_generation_workspace_20260612\.venv_sdwebui\Lib\site-packages\pip\_vendor\urllib3\LICENSE.txt","LICENSE.txt",".txt","1093","0.001","26/12/47 12:52:42 م"
".venv_sdwebui\Lib\site-packages\pip-26.1.2.dist-info\entry_points.txt","D:\zzipp\جي بي\الكميرا\_organized_generation_workspace_20260612\.venv_sdwebui\Lib\site-packages\pip-26.1.2.dist-info\entry_points.txt","entry_points.txt",".txt","84","0","26/12/47 12:52:44 م"
".venv_sdwebui\Lib\site-packages\pip-26.1.2.dist-info\licenses\AUTHORS.txt","D:\zzipp\جي بي\الكميرا\_organized_generation_workspace_20260612\.venv_sdwebui\Lib\site-packages\pip-26.1.2.dist-info\licenses\AUTHORS.txt","AUTHORS.txt",".txt","11869","0.011","26/12/47 12:52:44 م"
".venv_sdwebui\Lib\site-packages\pip-26.1.2.dist-info\licenses\LICENSE.txt","D:\zzipp\جي بي\الكميرا\_organized_generation_workspace_20260612\.venv_sdwebui\Lib\site-packages\pip-26.1.2.dist-info\licenses\LICENSE.txt","LICENSE.txt",".txt","1093","0.001","26/12/47 12:52:44 م"
".venv_sdwebui\Lib\site-packages\pip-26.1.2.dist-info\licenses\src\pip\_vendor\cachecontrol\LICENSE.txt","D:\zzipp\جي بي\الكميرا\_organized_generation_workspace_20260612\.venv_sdwebui\Lib\site-packages\pip-26.1.2.dist-info\licenses\src\pip\_vendor\cachecontrol\LICENSE.txt","LICENSE.txt",".txt","558","0.001","26/12/47 12:52:44 م"
".venv_sdwebui\Lib\site-packages\pip-26.1.2.dist-info\licenses\src\pip\_vendor\distlib\LICENSE.txt","D:\zzipp\جي بي\الكميرا\_organized_generation_workspace_20260612\.venv_sdwebui\Lib\site-packages\pip-26.1.2.dist-info\licenses\src\pip\_vendor\distlib\LICENSE.txt","LICENSE.txt",".txt","14531","0.014","26/12/47 12:52:44 م"
".venv_sdwebui\Lib\site-packages\pip-26.1.2.dist-info\licenses\src\pip\_vendor\urllib3\LICENSE.txt","D:\zzipp\جي بي\الكميرا\_organized_generation_workspace_20260612\.venv_sdwebui\Lib\site-packages\pip-26.1.2.dist-info\licenses\src\pip\_vendor\urllib3\LICENSE.txt","LICENSE.txt",".txt","1093","0.001","26/12/47 12:52:44 م"
".venv_sdwebui\Lib\site-packages\mpmath-1.3.0.dist-info\top_level.txt","D:\zzipp\جي بي\الكميرا\_organized_generation_workspace_20260612\.venv_sdwebui\Lib\site-packages\mpmath-1.3.0.dist-info\top_level.txt","top_level.txt",".txt","7","0","26/12/47 12:53:54 م"
".venv_sdwebui\Lib\site-packages\urllib3-2.7.0.dist-info\licenses\LICENSE.txt","D:\zzipp\جي بي\الكميرا\_organized_generation_workspace_20260612\.venv_sdwebui\Lib\site-packages\urllib3-2.7.0.dist-info\licenses\LICENSE.txt","LICENSE.txt",".txt","1093","0.001","26/12/47 12:54:00 م"
".venv_sdwebui\Lib\site-packages\sympy\parsing\autolev\test-examples\README.txt","D:\zzipp\جي بي\الكميرا\_organized_generation_workspace_20260612\.venv_sdwebui\Lib\site-packages\sympy\parsing\autolev\test-examples\README.txt","README.txt",".txt","528","0.001","26/12/47 12:54:12 م"
".venv_sdwebui\Lib\site-packages\sympy\parsing\latex\LICENSE.txt","D:\zzipp\جي بي\الكميرا\_organized_generation_workspace_20260612\.venv_sdwebui\Lib\site-packages\sympy\parsing\latex\LICENSE.txt","LICENSE.txt",".txt","1075","0.001","26/12/47 12:54:12 م"
".venv_sdwebui\Lib\site-packages\sympy-1.14.0.dist-info\entry_points.txt","D:\zzipp\جي بي\الكميرا\_organized_generation_workspace_20260612\.venv_sdwebui\Lib\site-packages\sympy-1.14.0.dist-info\entry_points.txt","entry_points.txt",".txt","39","0","26/12/47 12:54:28 م"
".venv_sdwebui\Lib\site-packages\sympy-1.14.0.dist-info\top_level.txt","D:\zzipp\جي بي\الكميرا\_organized_generation_workspace_20260612\.venv_sdwebui\Lib\site-packages\sympy-1.14.0.dist-info\top_level.txt","top_level.txt",".txt","13","0","26/12/47 12:54:28 م"
".venv_sdwebui\Lib\site-packages\networkx-3.4.2.dist-info\entry_points.txt","D:\zzipp\جي بي\الكميرا\_organized_generation_workspace_20260612\.venv_sdwebui\Lib\site-packages\networkx-3.4.2.dist-info\entry_points.txt","entry_points.txt",".txt","94","0","26/12/47 12:56:58 م"
".venv_sdwebui\Lib\site-packages\networkx-3.4.2.dist-info\LICENSE.txt","D:\zzipp\جي بي\الكميرا\_organized_generation_workspace_20260612\.venv_sdwebui\Lib\site-packages\networkx-3.4.2.dist-info\LICENSE.txt","LICENSE.txt",".txt","1763","0.002","26/12/47 12:56:58 م"
".venv_sdwebui\Lib\site-packages\networkx-3.4.2.dist-info\top_level.txt","D:\zzipp\جي بي\الكميرا\_organized_generation_workspace_20260612\.venv_sdwebui\Lib\site-packages\networkx-3.4.2.dist-info\top_level.txt","top_level.txt",".txt","9","0","26/12/47 12:56:58 م"
".venv_sdwebui\Lib\site-packages\idna-3.18.dist-info\entry_points.txt","D:\zzipp\جي بي\الكميرا\_organized_generation_workspace_20260612\.venv_sdwebui\Lib\site-packages\idna-3.18.dist-info\entry_points.txt","entry_points.txt",".txt","38","0","26/12/47 12:57:30 م"
".venv_sdwebui\Lib\site-packages\charset_normalizer-3.4.7.dist-info\entry_points.txt","D:\zzipp\جي بي\الكميرا\_organized_generation_workspace_20260612\.venv_sdwebui\Lib\site-packages\charset_normalizer-3.4.7.dist-info\entry_points.txt","entry_points.txt",".txt","65","0","26/12/47 12:57:38 م"
".venv_sdwebui\Lib\site-packages\charset_normalizer-3.4.7.dist-info\top_level.txt","D:\zzipp\جي بي\الكميرا\_organized_generation_workspace_20260612\.venv_sdwebui\Lib\site-packages\charset_normalizer-3.4.7.dist-info\top_level.txt","top_level.txt",".txt","47","0","26/12/47 12:57:38 م"
".venv_sdwebui\Lib\site-packages\certifi-2026.5.20.dist-info\top_level.txt","D:\zzipp\جي بي\الكميرا\_organized_generation_workspace_20260612\.venv_sdwebui\Lib\site-packages\certifi-2026.5.20.dist-info\top_level.txt","top_level.txt",".txt","8","0","26/12/47 12:57:40 م"
".venv_sdwebui\Lib\site-packages\requests-2.34.2.dist-info\top_level.txt","D:\zzipp\جي بي\الكميرا\_organized_generation_workspace_20260612\.venv_sdwebui\Lib\site-packages\requests-2.34.2.dist-info\top_level.txt","top_level.txt",".txt","9","0","26/12/47 12:57:40 م"
".venv_sdwebui\Lib\site-packages\jinja2-3.1.6.dist-info\entry_points.txt","D:\zzipp\جي بي\الكميرا\_organized_generation_workspace_20260612\.venv_sdwebui\Lib\site-packages\jinja2-3.1.6.dist-info\entry_points.txt","entry_points.txt",".txt","58","0","26/12/47 12:57:42 م"
".venv_sdwebui\Lib\site-packages\jinja2-3.1.6.dist-info\licenses\LICENSE.txt","D:\zzipp\جي بي\الكميرا\_organized_generation_workspace_20260612\.venv_sdwebui\Lib\site-packages\jinja2-3.1.6.dist-info\licenses\LICENSE.txt","LICENSE.txt",".txt","1475","0.001","26/12/47 12:57:42 م"
".venv_sdwebui\Lib\site-packages\torchgen\packaged\ATen\native\native_functions.yaml","D:\zzipp\جي بي\الكميرا\_organized_generation_workspace_20260612\.venv_sdwebui\Lib\site-packages\torchgen\packaged\ATen\native\native_functions.yaml","native_functions.yaml",".yaml","578453","0.552","26/12/47 01:04:04 م"
".venv_sdwebui\Lib\site-packages\torchgen\packaged\ATen\native\tags.yaml","D:\zzipp\جي بي\الكميرا\_organized_generation_workspace_20260612\.venv_sdwebui\Lib\site-packages\torchgen\packaged\ATen\native\tags.yaml","tags.yaml",".yaml","2752","0.003","26/12/47 01:04:04 م"
".venv_sdwebui\Lib\site-packages\torchgen\packaged\ATen\templates\RegisterDispatchDefinitions.ini","D:\zzipp\جي بي\الكميرا\_organized_generation_workspace_20260612\.venv_sdwebui\Lib\site-packages\torchgen\packaged\ATen\templates\RegisterDispatchDefinitions.ini","RegisterDispatchDefinitions.ini",".ini","500","0","26/12/47 01:04:06 م"
".venv_sdwebui\Lib\site-packages\torchgen\packaged\autograd\deprecated.yaml","D:\zzipp\جي بي\الكميرا\_organized_generation_workspace_20260612\.venv_sdwebui\Lib\site-packages\torchgen\packaged\autograd\deprecated.yaml","deprecated.yaml",".yaml","6384","0.006","26/12/47 01:04:06 م"
".venv_sdwebui\Lib\site-packages\torchgen\packaged\autograd\derivatives.yaml","D:\zzipp\جي بي\الكميرا\_organized_generation_workspace_20260612\.venv_sdwebui\Lib\site-packages\torchgen\packaged\autograd\derivatives.yaml","derivatives.yaml",".yaml","173424","0.165","26/12/47 01:04:06 م"
".venv_sdwebui\Lib\site-packages\torch-2.1.0+cu121.dist-info\entry_points.txt","D:\zzipp\جي بي\الكميرا\_organized_generation_workspace_20260612\.venv_sdwebui\Lib\site-packages\torch-2.1.0+cu121.dist-info\entry_points.txt","entry_points.txt",".txt","204","0","26/12/47 01:04:06 م"
".venv_sdwebui\Lib\site-packages\torch-2.1.0+cu121.dist-info\top_level.txt","D:\zzipp\جي بي\الكميرا\_organized_generation_workspace_20260612\.venv_sdwebui\Lib\site-packages\torch-2.1.0+cu121.dist-info\top_level.txt","top_level.txt",".txt","33","0","26/12/47 01:04:06 م"
".venv_sdwebui\Lib\site-packages\torchvision-0.16.0+cu121.dist-info\top_level.txt","D:\zzipp\جي بي\الكميرا\_organized_generation_workspace_20260612\.venv_sdwebui\Lib\site-packages\torchvision-0.16.0+cu121.dist-info\top_level.txt","top_level.txt",".txt","12","0","26/12/47 01:05:40 م"
".venv_sdwebui\Lib\site-packages\setuptools-69.5.1.dist-info\entry_points.txt","D:\zzipp\جي بي\الكميرا\_organized_generation_workspace_20260612\.venv_sdwebui\Lib\site-packages\setuptools-69.5.1.dist-info\entry_points.txt","entry_points.txt",".txt","2676","0.003","26/12/47 01:06:40 م"
".venv_sdwebui\Lib\site-packages\setuptools-69.5.1.dist-info\top_level.txt","D:\zzipp\جي بي\الكميرا\_organized_generation_workspace_20260612\.venv_sdwebui\Lib\site-packages\setuptools-69.5.1.dist-info\top_level.txt","top_level.txt",".txt","41","0","26/12/47 01:06:40 م"
".venv_sdwebui\Lib\site-packages\wheel-0.47.0.dist-info\entry_points.txt","D:\zzipp\جي بي\الكميرا\_organized_generation_workspace_20260612\.venv_sdwebui\Lib\site-packages\wheel-0.47.0.dist-info\entry_points.txt","entry_points.txt",".txt","110","0","26/12/47 01:07:00 م"
".venv_sdwebui\Lib\site-packages\wheel-0.47.0.dist-info\licenses\LICENSE.txt","D:\zzipp\جي بي\الكميرا\_organized_generation_workspace_20260612\.venv_sdwebui\Lib\site-packages\wheel-0.47.0.dist-info\licenses\LICENSE.txt","LICENSE.txt",".txt","1107","0.001","26/12/47 01:07:00 م"
".venv_sdwebui\Lib\site-packages\regex-2026.5.9.dist-info\top_level.txt","D:\zzipp\جي بي\الكميرا\_organized_generation_workspace_20260612\.venv_sdwebui\Lib\site-packages\regex-2026.5.9.dist-info\top_level.txt","top_level.txt",".txt","6","0","26/12/47 01:07:12 م"
".venv_sdwebui\Lib\site-packages\regex-2026.5.9.dist-info\licenses\LICENSE.txt","D:\zzipp\جي بي\الكميرا\_organized_generation_workspace_20260612\.venv_sdwebui\Lib\site-packages\regex-2026.5.9.dist-info\licenses\LICENSE.txt","LICENSE.txt",".txt","11792","0.011","26/12/47 01:07:12 م"
".venv_sdwebui\Lib\site-packages\colorama-0.4.6.dist-info\licenses\LICENSE.txt","D:\zzipp\جي بي\الكميرا\_organized_generation_workspace_20260612\.venv_sdwebui\Lib\site-packages\colorama-0.4.6.dist-info\licenses\LICENSE.txt","LICENSE.txt",".txt","1491","0.001","26/12/47 01:07:12 م"
".venv_sdwebui\Lib\site-packages\tqdm-4.68.2.dist-info\entry_points.txt","D:\zzipp\جي بي\الكميرا\_organized_generation_workspace_20260612\.venv_sdwebui\Lib\site-packages\tqdm-4.68.2.dist-info\entry_points.txt","entry_points.txt",".txt","39","0","26/12/47 01:07:14 م"
".venv_sdwebui\Lib\site-packages\tqdm-4.68.2.dist-info\top_level.txt","D:\zzipp\جي بي\الكميرا\_organized_generation_workspace_20260612\.venv_sdwebui\Lib\site-packages\tqdm-4.68.2.dist-info\top_level.txt","top_level.txt",".txt","5","0","26/12/47 01:07:14 م"
".venv_sdwebui\Lib\site-packages\ftfy-6.3.1.dist-info\entry_points.txt","D:\zzipp\جي بي\الكميرا\_organized_generation_workspace_20260612\.venv_sdwebui\Lib\site-packages\ftfy-6.3.1.dist-info\entry_points.txt","entry_points.txt",".txt","39","0","26/12/47 01:07:16 م"
".venv_sdwebui\Lib\site-packages\ftfy-6.3.1.dist-info\licenses\LICENSE.txt","D:\zzipp\جي بي\الكميرا\_organized_generation_workspace_20260612\.venv_sdwebui\Lib\site-packages\ftfy-6.3.1.dist-info\licenses\LICENSE.txt","LICENSE.txt",".txt","552","0.001","26/12/47 01:07:16 م"
".venv_sdwebui\Lib\site-packages\clip-1.0.dist-info\direct_url.json","D:\zzipp\جي بي\الكميرا\_organized_generation_workspace_20260612\.venv_sdwebui\Lib\site-packages\clip-1.0.dist-info\direct_url.json","direct_url.json",".json","285","0","26/12/47 01:07:18 م"
".venv_sdwebui\Lib\site-packages\clip-1.0.dist-info\top_level.txt","D:\zzipp\جي بي\الكميرا\_organized_generation_workspace_20260612\.venv_sdwebui\Lib\site-packages\clip-1.0.dist-info\top_level.txt","top_level.txt",".txt","5","0","26/12/47 01:07:16 م"
".venv_sdwebui\Lib\site-packages\shellingham-1.5.4.dist-info\top_level.txt","D:\zzipp\جي بي\الكميرا\_organized_generation_workspace_20260612\.venv_sdwebui\Lib\site-packages\shellingham-1.5.4.dist-info\top_level.txt","top_level.txt",".txt","12","0","26/12/47 01:08:04 م"
".venv_sdwebui\Lib\site-packages\sentencepiece-0.2.1.dist-info\top_level.txt","D:\zzipp\جي بي\الكميرا\_organized_generation_workspace_20260612\.venv_sdwebui\Lib\site-packages\sentencepiece-0.2.1.dist-info\top_level.txt","top_level.txt",".txt","130","0","26/12/47 01:08:04 م"
".venv_sdwebui\Lib\site-packages\pyyaml-6.0.3.dist-info\top_level.txt","D:\zzipp\جي بي\الكميرا\_organized_generation_workspace_20260612\.venv_sdwebui\Lib\site-packages\pyyaml-6.0.3.dist-info\top_level.txt","top_level.txt",".txt","11","0","26/12/47 01:08:06 م"
".venv_sdwebui\Lib\site-packages\pygments-2.20.0.dist-info\entry_points.txt","D:\zzipp\جي بي\الكميرا\_organized_generation_workspace_20260612\.venv_sdwebui\Lib\site-packages\pygments-2.20.0.dist-info\entry_points.txt","entry_points.txt",".txt","53","0","26/12/47 01:08:12 م"
".venv_sdwebui\Lib\site-packages\protobuf-3.20.0.dist-info\namespace_packages.txt","D:\zzipp\جي بي\الكميرا\_organized_generation_workspace_20260612\.venv_sdwebui\Lib\site-packages\protobuf-3.20.0.dist-info\namespace_packages.txt","namespace_packages.txt",".txt","7","0","26/12/47 01:08:24 م"
".venv_sdwebui\Lib\site-packages\protobuf-3.20.0.dist-info\top_level.txt","D:\zzipp\جي بي\الكميرا\_organized_generation_workspace_20260612\.venv_sdwebui\Lib\site-packages\protobuf-3.20.0.dist-info\top_level.txt","top_level.txt",".txt","7","0","26/12/47 01:08:24 م"
".venv_sdwebui\Lib\site-packages\hf_xet-1.5.1.dist-info\sboms\hf_xet.cyclonedx.json","D:\zzipp\جي بي\الكميرا\_organized_generation_workspace_20260612\.venv_sdwebui\Lib\site-packages\hf_xet-1.5.1.dist-info\sboms\hf_xet.cyclonedx.json","hf_xet.cyclonedx.json",".json","316317","0.302","26/12/47 01:08:28 م"
".venv_sdwebui\Lib\site-packages\click-8.4.1.dist-info\licenses\LICENSE.txt","D:\zzipp\جي بي\الكميرا\_organized_generation_workspace_20260612\.venv_sdwebui\Lib\site-packages\click-8.4.1.dist-info\licenses\LICENSE.txt","LICENSE.txt",".txt","1475","0.001","26/12/47 01:08:32 م"
".venv_sdwebui\Lib\site-packages\annotated_doc-0.0.4.dist-info\entry_points.txt","D:\zzipp\جي بي\الكميرا\_organized_generation_workspace_20260612\.venv_sdwebui\Lib\site-packages\annotated_doc-0.0.4.dist-info\entry_points.txt","entry_points.txt",".txt","34","0","26/12/47 01:08:32 م"
".venv_sdwebui\Lib\site-packages\markdown_it\port.yaml","D:\zzipp\جي بي\الكميرا\_organized_generation_workspace_20260612\.venv_sdwebui\Lib\site-packages\markdown_it\port.yaml","port.yaml",".yaml","2447","0.002","26/12/47 01:08:34 م"
".venv_sdwebui\Lib\site-packages\markdown_it_py-4.2.0.dist-info\entry_points.txt","D:\zzipp\جي بي\الكميرا\_organized_generation_workspace_20260612\.venv_sdwebui\Lib\site-packages\markdown_it_py-4.2.0.dist-info\entry_points.txt","entry_points.txt",".txt","58","0","26/12/47 01:08:34 م"
".venv_sdwebui\Lib\site-packages\typer-0.25.1.dist-info\entry_points.txt","D:\zzipp\جي بي\الكميرا\_organized_generation_workspace_20260612\.venv_sdwebui\Lib\site-packages\typer-0.25.1.dist-info\entry_points.txt","entry_points.txt",".txt","57","0","26/12/47 01:08:54 م"
".venv_sdwebui\Lib\site-packages\trampoline-0.1.2.dist-info\top_level.txt","D:\zzipp\جي بي\الكميرا\_organized_generation_workspace_20260612\.venv_sdwebui\Lib\site-packages\trampoline-0.1.2.dist-info\top_level.txt","top_level.txt",".txt","11","0","26/12/47 02:02:14 م"
".venv_sdwebui\Lib\site-packages\tokenizers-0.13.3.dist-info\top_level.txt","D:\zzipp\جي بي\الكميرا\_organized_generation_workspace_20260612\.venv_sdwebui\Lib\site-packages\tokenizers-0.13.3.dist-info\top_level.txt","top_level.txt",".txt","11","0","26/12/47 02:02:14 م"
".venv_sdwebui\Lib\site-packages\resize_right-0.0.2.dist-info\top_level.txt","D:\zzipp\جي بي\الكميرا\_organized_generation_workspace_20260612\.venv_sdwebui\Lib\site-packages\resize_right-0.0.2.dist-info\top_level.txt","top_level.txt",".txt","13","0","26/12/47 02:02:16 م"
".venv_sdwebui\Lib\site-packages\pytz-2026.2.dist-info\LICENSE.txt","D:\zzipp\جي بي\الكميرا\_organized_generation_workspace_20260612\.venv_sdwebui\Lib\site-packages\pytz-2026.2.dist-info\LICENSE.txt","LICENSE.txt",".txt","1088","0.001","26/12/47 02:02:24 م"
".venv_sdwebui\Lib\site-packages\pytz-2026.2.dist-info\top_level.txt","D:\zzipp\جي بي\الكميرا\_organized_generation_workspace_20260612\.venv_sdwebui\Lib\site-packages\pytz-2026.2.dist-info\top_level.txt","top_level.txt",".txt","5","0","26/12/47 02:02:24 م"
".venv_sdwebui\Lib\site-packages\pydub-0.25.1.dist-info\top_level.txt","D:\zzipp\جي بي\الكميرا\_organized_generation_workspace_20260612\.venv_sdwebui\Lib\site-packages\pydub-0.25.1.dist-info\top_level.txt","top_level.txt",".txt","6","0","26/12/47 02:02:24 م"
".venv_sdwebui\Lib\site-packages\pillow_avif_plugin-1.4.3.dist-info\top_level.txt","D:\zzipp\جي بي\الكميرا\_organized_generation_workspace_20260612\.venv_sdwebui\Lib\site-packages\pillow_avif_plugin-1.4.3.dist-info\top_level.txt","top_level.txt",".txt","12","0","26/12/47 02:02:26 م"
".venv_sdwebui\Lib\site-packages\lark-1.1.2.dist-info\entry_points.txt","D:\zzipp\جي بي\الكميرا\_organized_generation_workspace_20260612\.venv_sdwebui\Lib\site-packages\lark-1.1.2.dist-info\entry_points.txt","entry_points.txt",".txt","62","0","26/12/47 02:02:28 م"
".venv_sdwebui\Lib\site-packages\lark-1.1.2.dist-info\top_level.txt","D:\zzipp\جي بي\الكميرا\_organized_generation_workspace_20260612\.venv_sdwebui\Lib\site-packages\lark-1.1.2.dist-info\top_level.txt","top_level.txt",".txt","5","0","26/12/47 02:02:28 م"
".venv_sdwebui\Lib\site-packages\einops-0.4.1.dist-info\top_level.txt","D:\zzipp\جي بي\الكميرا\_organized_generation_workspace_20260612\.venv_sdwebui\Lib\site-packages\einops-0.4.1.dist-info\top_level.txt","top_level.txt",".txt","7","0","26/12/47 02:02:28 م"
".venv_sdwebui\Lib\site-packages\antlr4_python3_runtime-4.9.3.dist-info\top_level.txt","D:\zzipp\جي بي\الكميرا\_organized_generation_workspace_20260612\.venv_sdwebui\Lib\site-packages\antlr4_python3_runtime-4.9.3.dist-info\top_level.txt","top_level.txt",".txt","7","0","26/12/47 02:02:30 م"
".venv_sdwebui\Lib\site-packages\aenum-3.1.17.dist-info\top_level.txt","D:\zzipp\جي بي\الكميرا\_organized_generation_workspace_20260612\.venv_sdwebui\Lib\site-packages\aenum-3.1.17.dist-info\top_level.txt","top_level.txt",".txt","6","0","26/12/47 02:02:32 م"
".venv_sdwebui\Lib\site-packages\websockets-11.0.3.dist-info\top_level.txt","D:\zzipp\جي بي\الكميرا\_organized_generation_workspace_20260612\.venv_sdwebui\Lib\site-packages\websockets-11.0.3.dist-info\top_level.txt","top_level.txt",".txt","11","0","26/12/47 02:02:34 م"
".venv_sdwebui\Lib\site-packages\tzdata-2026.2.dist-info\top_level.txt","D:\zzipp\جي بي\الكميرا\_organized_generation_workspace_20260612\.venv_sdwebui\Lib\site-packages\tzdata-2026.2.dist-info\top_level.txt","top_level.txt",".txt","7","0","26/12/47 02:02:44 م"
".venv_sdwebui\Lib\site-packages\sniffio-1.3.1.dist-info\top_level.txt","D:\zzipp\جي بي\الكميرا\_organized_generation_workspace_20260612\.venv_sdwebui\Lib\site-packages\sniffio-1.3.1.dist-info\top_level.txt","top_level.txt",".txt","8","0","26/12/47 02:02:46 م"
".venv_sdwebui\Lib\site-packages\smmap-5.0.3.dist-info\top_level.txt","D:\zzipp\جي بي\الكميرا\_organized_generation_workspace_20260612\.venv_sdwebui\Lib\site-packages\smmap-5.0.3.dist-info\top_level.txt","top_level.txt",".txt","6","0","26/12/47 02:02:46 م"
".venv_sdwebui\Lib\site-packages\six-1.17.0.dist-info\top_level.txt","D:\zzipp\جي بي\الكميرا\_organized_generation_workspace_20260612\.venv_sdwebui\Lib\site-packages\six-1.17.0.dist-info\top_level.txt","top_level.txt",".txt","4","0","26/12/47 02:02:46 م"
".venv_sdwebui\Lib\site-packages\semantic_version-2.10.0.dist-info\top_level.txt","D:\zzipp\جي بي\الكميرا\_organized_generation_workspace_20260612\.venv_sdwebui\Lib\site-packages\semantic_version-2.10.0.dist-info\top_level.txt","top_level.txt",".txt","17","0","26/12/47 02:02:46 م"
".venv_sdwebui\Lib\site-packages\python_multipart-0.0.32.dist-info\licenses\LICENSE.txt","D:\zzipp\جي بي\الكميرا\_organized_generation_workspace_20260612\.venv_sdwebui\Lib\site-packages\python_multipart-0.0.32.dist-info\licenses\LICENSE.txt","LICENSE.txt",".txt","11358","0.011","26/12/47 02:02:48 م"
".venv_sdwebui\Lib\site-packages\pydantic-1.10.26.dist-info\entry_points.txt","D:\zzipp\جي بي\الكميرا\_organized_generation_workspace_20260612\.venv_sdwebui\Lib\site-packages\pydantic-1.10.26.dist-info\entry_points.txt","entry_points.txt",".txt","52","0","26/12/47 02:02:52 م"
".venv_sdwebui\Lib\site-packages\pydantic-1.10.26.dist-info\top_level.txt","D:\zzipp\جي بي\الكميرا\_organized_generation_workspace_20260612\.venv_sdwebui\Lib\site-packages\pydantic-1.10.26.dist-info\top_level.txt","top_level.txt",".txt","9","0","26/12/47 02:02:52 م"
".venv_sdwebui\Lib\site-packages\psutil-5.9.5.dist-info\top_level.txt","D:\zzipp\جي بي\الكميرا\_organized_generation_workspace_20260612\.venv_sdwebui\Lib\site-packages\psutil-5.9.5.dist-info\top_level.txt","top_level.txt",".txt","7","0","26/12/47 02:02:54 م"
".venv_sdwebui\Lib\site-packages\propcache-0.5.2.dist-info\top_level.txt","D:\zzipp\جي بي\الكميرا\_organized_generation_workspace_20260612\.venv_sdwebui\Lib\site-packages\propcache-0.5.2.dist-info\top_level.txt","top_level.txt",".txt","10","0","26/12/47 02:02:56 م"
".venv_sdwebui\Lib\site-packages\Pillow-9.5.0.dist-info\top_level.txt","D:\zzipp\جي بي\الكميرا\_organized_generation_workspace_20260612\.venv_sdwebui\Lib\site-packages\Pillow-9.5.0.dist-info\top_level.txt","top_level.txt",".txt","4","0","26/12/47 02:02:58 م"
".venv_sdwebui\Lib\site-packages\piexif-1.1.3.dist-info\LICENSE.txt","D:\zzipp\جي بي\الكميرا\_organized_generation_workspace_20260612\.venv_sdwebui\Lib\site-packages\piexif-1.1.3.dist-info\LICENSE.txt","LICENSE.txt",".txt","1101","0.001","26/12/47 02:03:02 م"
".venv_sdwebui\Lib\site-packages\piexif-1.1.3.dist-info\top_level.txt","D:\zzipp\جي بي\الكميرا\_organized_generation_workspace_20260612\.venv_sdwebui\Lib\site-packages\piexif-1.1.3.dist-info\top_level.txt","top_level.txt",".txt","7","0","26/12/47 02:03:02 م"
".venv_sdwebui\Lib\site-packages\orjson-3.11.9.dist-info\sboms\orjson.cyclonedx.json","D:\zzipp\جي بي\الكميرا\_organized_generation_workspace_20260612\.venv_sdwebui\Lib\site-packages\orjson-3.11.9.dist-info\sboms\orjson.cyclonedx.json","orjson.cyclonedx.json",".json","33099","0.032","26/12/47 02:03:04 م"
".venv_sdwebui\Lib\site-packages\omegaconf-2.2.3.dist-info\top_level.txt","D:\zzipp\جي بي\الكميرا\_organized_generation_workspace_20260612\.venv_sdwebui\Lib\site-packages\omegaconf-2.2.3.dist-info\top_level.txt","top_level.txt",".txt","25","0","26/12/47 02:03:04 م"
".venv_sdwebui\Lib\site-packages\numpy\core\include\numpy\random\LICENSE.txt","D:\zzipp\جي بي\الكميرا\_organized_generation_workspace_20260612\.venv_sdwebui\Lib\site-packages\numpy\core\include\numpy\random\LICENSE.txt","LICENSE.txt",".txt","1039","0.001","26/12/47 02:03:12 م"
".venv_sdwebui\Lib\site-packages\numpy\core\lib\npy-pkg-config\mlib.ini","D:\zzipp\جي بي\الكميرا\_organized_generation_workspace_20260612\.venv_sdwebui\Lib\site-packages\numpy\core\lib\npy-pkg-config\mlib.ini","mlib.ini",".ini","156","0","26/12/47 02:03:12 م"
".venv_sdwebui\Lib\site-packages\numpy\core\lib\npy-pkg-config\npymath.ini","D:\zzipp\جي بي\الكميرا\_organized_generation_workspace_20260612\.venv_sdwebui\Lib\site-packages\numpy\core\lib\npy-pkg-config\npymath.ini","npymath.ini",".ini","380","0","26/12/47 02:03:12 م"
".venv_sdwebui\Lib\site-packages\numpy\core\tests\data\umath-validation-set-arccos.csv","D:\zzipp\جي بي\الكميرا\_organized_generation_workspace_20260612\.venv_sdwebui\Lib\site-packages\numpy\core\tests\data\umath-validation-set-arccos.csv","umath-validation-set-arccos.csv",".csv","62794","0.06","26/12/47 02:03:12 م"
".venv_sdwebui\Lib\site-packages\numpy\core\tests\data\umath-validation-set-arccosh.csv","D:\zzipp\جي بي\الكميرا\_organized_generation_workspace_20260612\.venv_sdwebui\Lib\site-packages\numpy\core\tests\data\umath-validation-set-arccosh.csv","umath-validation-set-arccosh.csv",".csv","62794","0.06","26/12/47 02:03:12 م"
".venv_sdwebui\Lib\site-packages\numpy\core\tests\data\umath-validation-set-arcsin.csv","D:\zzipp\جي بي\الكميرا\_organized_generation_workspace_20260612\.venv_sdwebui\Lib\site-packages\numpy\core\tests\data\umath-validation-set-arcsin.csv","umath-validation-set-arcsin.csv",".csv","62768","0.06","26/12/47 02:03:12 م"
".venv_sdwebui\Lib\site-packages\numpy\core\tests\data\umath-validation-set-arcsinh.csv","D:\zzipp\جي بي\الكميرا\_organized_generation_workspace_20260612\.venv_sdwebui\Lib\site-packages\numpy\core\tests\data\umath-validation-set-arcsinh.csv","umath-validation-set-arcsinh.csv",".csv","61718","0.059","26/12/47 02:03:12 م"
".venv_sdwebui\Lib\site-packages\numpy\core\tests\data\umath-validation-set-arctan.csv","D:\zzipp\جي بي\الكميرا\_organized_generation_workspace_20260612\.venv_sdwebui\Lib\site-packages\numpy\core\tests\data\umath-validation-set-arctan.csv","umath-validation-set-arctan.csv",".csv","61734","0.059","26/12/47 02:03:12 م"
".venv_sdwebui\Lib\site-packages\numpy\core\tests\data\umath-validation-set-arctanh.csv","D:\zzipp\جي بي\الكميرا\_organized_generation_workspace_20260612\.venv_sdwebui\Lib\site-packages\numpy\core\tests\data\umath-validation-set-arctanh.csv","umath-validation-set-arctanh.csv",".csv","62768","0.06","26/12/47 02:03:12 م"
".venv_sdwebui\Lib\site-packages\numpy\core\tests\data\umath-validation-set-cbrt.csv","D:\zzipp\جي بي\الكميرا\_organized_generation_workspace_20260612\.venv_sdwebui\Lib\site-packages\numpy\core\tests\data\umath-validation-set-cbrt.csv","umath-validation-set-cbrt.csv",".csv","62275","0.059","26/12/47 02:03:12 م"
".venv_sdwebui\Lib\site-packages\numpy\core\tests\data\umath-validation-set-cos.csv","D:\zzipp\جي بي\الكميرا\_organized_generation_workspace_20260612\.venv_sdwebui\Lib\site-packages\numpy\core\tests\data\umath-validation-set-cos.csv","umath-validation-set-cos.csv",".csv","60497","0.058","26/12/47 02:03:12 م"
".venv_sdwebui\Lib\site-packages\numpy\core\tests\data\umath-validation-set-cosh.csv","D:\zzipp\جي بي\الكميرا\_organized_generation_workspace_20260612\.venv_sdwebui\Lib\site-packages\numpy\core\tests\data\umath-validation-set-cosh.csv","umath-validation-set-cosh.csv",".csv","62298","0.059","26/12/47 02:03:12 م"
".venv_sdwebui\Lib\site-packages\numpy\core\tests\data\umath-validation-set-exp.csv","D:\zzipp\جي بي\الكميرا\_organized_generation_workspace_20260612\.venv_sdwebui\Lib\site-packages\numpy\core\tests\data\umath-validation-set-exp.csv","umath-validation-set-exp.csv",".csv","17903","0.017","26/12/47 02:03:12 م"
".venv_sdwebui\Lib\site-packages\numpy\core\tests\data\umath-validation-set-exp2.csv","D:\zzipp\جي بي\الكميرا\_organized_generation_workspace_20260612\.venv_sdwebui\Lib\site-packages\numpy\core\tests\data\umath-validation-set-exp2.csv","umath-validation-set-exp2.csv",".csv","60053","0.057","26/12/47 02:03:12 م"
".venv_sdwebui\Lib\site-packages\numpy\core\tests\data\umath-validation-set-expm1.csv","D:\zzipp\جي بي\الكميرا\_organized_generation_workspace_20260612\.venv_sdwebui\Lib\site-packages\numpy\core\tests\data\umath-validation-set-expm1.csv","umath-validation-set-expm1.csv",".csv","61728","0.059","26/12/47 02:03:12 م"
".venv_sdwebui\Lib\site-packages\numpy\core\tests\data\umath-validation-set-log.csv","D:\zzipp\جي بي\الكميرا\_organized_generation_workspace_20260612\.venv_sdwebui\Lib\site-packages\numpy\core\tests\data\umath-validation-set-log.csv","umath-validation-set-log.csv",".csv","11963","0.011","26/12/47 02:03:12 م"
".venv_sdwebui\Lib\site-packages\numpy\core\tests\data\umath-validation-set-log10.csv","D:\zzipp\جي بي\الكميرا\_organized_generation_workspace_20260612\.venv_sdwebui\Lib\site-packages\numpy\core\tests\data\umath-validation-set-log10.csv","umath-validation-set-log10.csv",".csv","70551","0.067","26/12/47 02:03:12 م"
".venv_sdwebui\Lib\site-packages\numpy\core\tests\data\umath-validation-set-log1p.csv","D:\zzipp\جي بي\الكميرا\_organized_generation_workspace_20260612\.venv_sdwebui\Lib\site-packages\numpy\core\tests\data\umath-validation-set-log1p.csv","umath-validation-set-log1p.csv",".csv","61732","0.059","26/12/47 02:03:12 م"
".venv_sdwebui\Lib\site-packages\numpy\core\tests\data\umath-validation-set-log2.csv","D:\zzipp\جي بي\الكميرا\_organized_generation_workspace_20260612\.venv_sdwebui\Lib\site-packages\numpy\core\tests\data\umath-validation-set-log2.csv","umath-validation-set-log2.csv",".csv","70546","0.067","26/12/47 02:03:12 م"
".venv_sdwebui\Lib\site-packages\numpy\core\tests\data\umath-validation-set-README.txt","D:\zzipp\جي بي\الكميرا\_organized_generation_workspace_20260612\.venv_sdwebui\Lib\site-packages\numpy\core\tests\data\umath-validation-set-README.txt","umath-validation-set-README.txt",".txt","982","0.001","26/12/47 02:03:12 م"
".venv_sdwebui\Lib\site-packages\numpy\core\tests\data\umath-validation-set-sin.csv","D:\zzipp\جي بي\الكميرا\_organized_generation_workspace_20260612\.venv_sdwebui\Lib\site-packages\numpy\core\tests\data\umath-validation-set-sin.csv","umath-validation-set-sin.csv",".csv","59981","0.057","26/12/47 02:03:12 م"
".venv_sdwebui\Lib\site-packages\numpy\core\tests\data\umath-validation-set-sinh.csv","D:\zzipp\جي بي\الكميرا\_organized_generation_workspace_20260612\.venv_sdwebui\Lib\site-packages\numpy\core\tests\data\umath-validation-set-sinh.csv","umath-validation-set-sinh.csv",".csv","61722","0.059","26/12/47 02:03:12 م"
".venv_sdwebui\Lib\site-packages\numpy\core\tests\data\umath-validation-set-tan.csv","D:\zzipp\جي بي\الكميرا\_organized_generation_workspace_20260612\.venv_sdwebui\Lib\site-packages\numpy\core\tests\data\umath-validation-set-tan.csv","umath-validation-set-tan.csv",".csv","61728","0.059","26/12/47 02:03:12 م"
".venv_sdwebui\Lib\site-packages\numpy\core\tests\data\umath-validation-set-tanh.csv","D:\zzipp\جي بي\الكميرا\_organized_generation_workspace_20260612\.venv_sdwebui\Lib\site-packages\numpy\core\tests\data\umath-validation-set-tanh.csv","umath-validation-set-tanh.csv",".csv","61728","0.059","26/12/47 02:03:12 م"
".venv_sdwebui\Lib\site-packages\numpy\f2py\setup.cfg","D:\zzipp\جي بي\الكميرا\_organized_generation_workspace_20260612\.venv_sdwebui\Lib\site-packages\numpy\f2py\setup.cfg","setup.cfg",".cfg","50","0","26/12/47 02:03:14 م"
".venv_sdwebui\Lib\site-packages\numpy\ma\API_CHANGES.txt","D:\zzipp\جي بي\الكميرا\_organized_generation_workspace_20260612\.venv_sdwebui\Lib\site-packages\numpy\ma\API_CHANGES.txt","API_CHANGES.txt",".txt","3540","0.003","26/12/47 02:03:18 م"
".venv_sdwebui\Lib\site-packages\numpy\random\tests\data\mt19937-testset-1.csv","D:\zzipp\جي بي\الكميرا\_organized_generation_workspace_20260612\.venv_sdwebui\Lib\site-packages\numpy\random\tests\data\mt19937-testset-1.csv","mt19937-testset-1.csv",".csv","16845","0.016","26/12/47 02:03:20 م"
".venv_sdwebui\Lib\site-packages\numpy\random\tests\data\mt19937-testset-2.csv","D:\zzipp\جي بي\الكميرا\_organized_generation_workspace_20260612\.venv_sdwebui\Lib\site-packages\numpy\random\tests\data\mt19937-testset-2.csv","mt19937-testset-2.csv",".csv","16826","0.016","26/12/47 02:03:20 م"
".venv_sdwebui\Lib\site-packages\numpy\random\tests\data\pcg64-testset-1.csv","D:\zzipp\جي بي\الكميرا\_organized_generation_workspace_20260612\.venv_sdwebui\Lib\site-packages\numpy\random\tests\data\pcg64-testset-1.csv","pcg64-testset-1.csv",".csv","24840","0.024","26/12/47 02:03:20 م"
".venv_sdwebui\Lib\site-packages\numpy\random\tests\data\pcg64-testset-2.csv","D:\zzipp\جي بي\الكميرا\_organized_generation_workspace_20260612\.venv_sdwebui\Lib\site-packages\numpy\random\tests\data\pcg64-testset-2.csv","pcg64-testset-2.csv",".csv","24846","0.024","26/12/47 02:03:20 م"
".venv_sdwebui\Lib\site-packages\numpy\random\tests\data\pcg64dxsm-testset-1.csv","D:\zzipp\جي بي\الكميرا\_organized_generation_workspace_20260612\.venv_sdwebui\Lib\site-packages\numpy\random\tests\data\pcg64dxsm-testset-1.csv","pcg64dxsm-testset-1.csv",".csv","24834","0.024","26/12/47 02:03:20 م"
".venv_sdwebui\Lib\site-packages\numpy\random\tests\data\pcg64dxsm-testset-2.csv","D:\zzipp\جي بي\الكميرا\_organized_generation_workspace_20260612\.venv_sdwebui\Lib\site-packages\numpy\random\tests\data\pcg64dxsm-testset-2.csv","pcg64dxsm-testset-2.csv",".csv","24840","0.024","26/12/47 02:03:20 م"
".venv_sdwebui\Lib\site-packages\numpy\random\tests\data\philox-testset-1.csv","D:\zzipp\جي بي\الكميرا\_organized_generation_workspace_20260612\.venv_sdwebui\Lib\site-packages\numpy\random\tests\data\philox-testset-1.csv","philox-testset-1.csv",".csv","24853","0.024","26/12/47 02:03:20 م"
".venv_sdwebui\Lib\site-packages\numpy\random\tests\data\philox-testset-2.csv","D:\zzipp\جي بي\الكميرا\_organized_generation_workspace_20260612\.venv_sdwebui\Lib\site-packages\numpy\random\tests\data\philox-testset-2.csv","philox-testset-2.csv",".csv","24839","0.024","26/12/47 02:03:20 م"
".venv_sdwebui\Lib\site-packages\numpy\random\tests\data\sfc64-testset-1.csv","D:\zzipp\جي بي\الكميرا\_organized_generation_workspace_20260612\.venv_sdwebui\Lib\site-packages\numpy\random\tests\data\sfc64-testset-1.csv","sfc64-testset-1.csv",".csv","24841","0.024","26/12/47 02:03:20 م"
".venv_sdwebui\Lib\site-packages\numpy\random\tests\data\sfc64-testset-2.csv","D:\zzipp\جي بي\الكميرا\_organized_generation_workspace_20260612\.venv_sdwebui\Lib\site-packages\numpy\random\tests\data\sfc64-testset-2.csv","sfc64-testset-2.csv",".csv","24834","0.024","26/12/47 02:03:20 م"
".venv_sdwebui\Lib\site-packages\numpy\typing\tests\data\mypy.ini","D:\zzipp\جي بي\الكميرا\_organized_generation_workspace_20260612\.venv_sdwebui\Lib\site-packages\numpy\typing\tests\data\mypy.ini","mypy.ini",".ini","113","0","26/12/47 02:03:22 م"
".venv_sdwebui\Lib\site-packages\numpy-1.26.2.dist-info\entry_points.txt","D:\zzipp\جي بي\الكميرا\_organized_generation_workspace_20260612\.venv_sdwebui\Lib\site-packages\numpy-1.26.2.dist-info\entry_points.txt","entry_points.txt",".txt","144","0","26/12/47 02:03:24 م"
".venv_sdwebui\Lib\site-packages\numpy-1.26.2.dist-info\LICENSE.txt","D:\zzipp\جي بي\الكميرا\_organized_generation_workspace_20260612\.venv_sdwebui\Lib\site-packages\numpy-1.26.2.dist-info\LICENSE.txt","LICENSE.txt",".txt","48823","0.047","26/12/47 02:03:24 م"
".venv_sdwebui\Lib\site-packages\multidict-6.7.1.dist-info\top_level.txt","D:\zzipp\جي بي\الكميرا\_organized_generation_workspace_20260612\.venv_sdwebui\Lib\site-packages\multidict-6.7.1.dist-info\top_level.txt","top_level.txt",".txt","10","0","26/12/47 02:04:08 م"
".venv_sdwebui\Lib\site-packages\MarkupSafe-2.1.5.dist-info\top_level.txt","D:\zzipp\جي بي\الكميرا\_organized_generation_workspace_20260612\.venv_sdwebui\Lib\site-packages\MarkupSafe-2.1.5.dist-info\top_level.txt","top_level.txt",".txt","11","0","26/12/47 02:04:08 م"
".venv_sdwebui\Lib\site-packages\llvmlite-0.47.0.dist-info\top_level.txt","D:\zzipp\جي بي\الكميرا\_organized_generation_workspace_20260612\.venv_sdwebui\Lib\site-packages\llvmlite-0.47.0.dist-info\top_level.txt","top_level.txt",".txt","9","0","26/12/47 02:04:12 م"
".venv_sdwebui\Lib\site-packages\lightning_utilities-0.15.3.dist-info\top_level.txt","D:\zzipp\جي بي\الكميرا\_organized_generation_workspace_20260612\.venv_sdwebui\Lib\site-packages\lightning_utilities-0.15.3.dist-info\top_level.txt","top_level.txt",".txt","20","0","26/12/47 02:04:12 م"
".venv_sdwebui\Lib\site-packages\lazy_loader-0.5.dist-info\top_level.txt","D:\zzipp\جي بي\الكميرا\_organized_generation_workspace_20260612\.venv_sdwebui\Lib\site-packages\lazy_loader-0.5.dist-info\top_level.txt","top_level.txt",".txt","12","0","26/12/47 02:04:14 م"
".venv_sdwebui\Lib\site-packages\kiwisolver-1.5.0.dist-info\top_level.txt","D:\zzipp\جي بي\الكميرا\_organized_generation_workspace_20260612\.venv_sdwebui\Lib\site-packages\kiwisolver-1.5.0.dist-info\top_level.txt","top_level.txt",".txt","11","0","26/12/47 02:04:14 م"
".venv_sdwebui\Lib\site-packages\inflection-0.5.1.dist-info\top_level.txt","D:\zzipp\جي بي\الكميرا\_organized_generation_workspace_20260612\.venv_sdwebui\Lib\site-packages\inflection-0.5.1.dist-info\top_level.txt","top_level.txt",".txt","11","0","26/12/47 02:04:14 م"
".venv_sdwebui\Lib\site-packages\importlib_resources-6.5.2.dist-info\top_level.txt","D:\zzipp\جي بي\الكميرا\_organized_generation_workspace_20260612\.venv_sdwebui\Lib\site-packages\importlib_resources-6.5.2.dist-info\top_level.txt","top_level.txt",".txt","20","0","26/12/47 02:04:16 م"
".venv_sdwebui\Lib\site-packages\h11-0.12.0.dist-info\LICENSE.txt","D:\zzipp\جي بي\الكميرا\_organized_generation_workspace_20260612\.venv_sdwebui\Lib\site-packages\h11-0.12.0.dist-info\LICENSE.txt","LICENSE.txt",".txt","1124","0.001","26/12/47 02:04:18 م"
".venv_sdwebui\Lib\site-packages\h11-0.12.0.dist-info\top_level.txt","D:\zzipp\جي بي\الكميرا\_organized_generation_workspace_20260612\.venv_sdwebui\Lib\site-packages\h11-0.12.0.dist-info\top_level.txt","top_level.txt",".txt","4","0","26/12/47 02:04:18 م"
".venv_sdwebui\Lib\site-packages\frozenlist-1.8.0.dist-info\top_level.txt","D:\zzipp\جي بي\الكميرا\_organized_generation_workspace_20260612\.venv_sdwebui\Lib\site-packages\frozenlist-1.8.0.dist-info\top_level.txt","top_level.txt",".txt","11","0","26/12/47 02:04:18 م"
".venv_sdwebui\Lib\site-packages\fontTools\ttLib\tables\table_API_readme.txt","D:\zzipp\جي بي\الكميرا\_organized_generation_workspace_20260612\.venv_sdwebui\Lib\site-packages\fontTools\ttLib\tables\table_API_readme.txt","table_API_readme.txt",".txt","2839","0.003","26/12/47 02:04:22 م"
".venv_sdwebui\Lib\site-packages\fonttools-4.63.0.dist-info\entry_points.txt","D:\zzipp\جي بي\الكميرا\_organized_generation_workspace_20260612\.venv_sdwebui\Lib\site-packages\fonttools-4.63.0.dist-info\entry_points.txt","entry_points.txt",".txt","147","0","26/12/47 02:04:24 م"
".venv_sdwebui\Lib\site-packages\fonttools-4.63.0.dist-info\top_level.txt","D:\zzipp\جي بي\الكميرا\_organized_generation_workspace_20260612\.venv_sdwebui\Lib\site-packages\fonttools-4.63.0.dist-info\top_level.txt","top_level.txt",".txt","10","0","26/12/47 02:04:24 م"
".venv_sdwebui\Lib\site-packages\diskcache-5.6.3.dist-info\top_level.txt","D:\zzipp\جي بي\الكميرا\_organized_generation_workspace_20260612\.venv_sdwebui\Lib\site-packages\diskcache-5.6.3.dist-info\top_level.txt","top_level.txt",".txt","10","0","26/12/47 02:04:38 م"
".venv_sdwebui\Lib\site-packages\deprecation-2.1.0.dist-info\top_level.txt","D:\zzipp\جي بي\الكميرا\_organized_generation_workspace_20260612\.venv_sdwebui\Lib\site-packages\deprecation-2.1.0.dist-info\top_level.txt","top_level.txt",".txt","12","0","26/12/47 02:04:40 م"
".venv_sdwebui\Lib\site-packages\cycler-0.12.1.dist-info\top_level.txt","D:\zzipp\جي بي\الكميرا\_organized_generation_workspace_20260612\.venv_sdwebui\Lib\site-packages\cycler-0.12.1.dist-info\top_level.txt","top_level.txt",".txt","7","0","26/12/47 02:04:40 م"
".venv_sdwebui\Lib\site-packages\async_timeout-5.0.1.dist-info\top_level.txt","D:\zzipp\جي بي\الكميرا\_organized_generation_workspace_20260612\.venv_sdwebui\Lib\site-packages\async_timeout-5.0.1.dist-info\top_level.txt","top_level.txt",".txt","14","0","26/12/47 02:04:42 م"
".venv_sdwebui\Lib\site-packages\yarl-1.24.2.dist-info\top_level.txt","D:\zzipp\جي بي\الكميرا\_organized_generation_workspace_20260612\.venv_sdwebui\Lib\site-packages\yarl-1.24.2.dist-info\top_level.txt","top_level.txt",".txt","5","0","26/12/47 02:04:44 م"
".venv_sdwebui\Lib\site-packages\uvicorn-0.49.0.dist-info\entry_points.txt","D:\zzipp\جي بي\الكميرا\_organized_generation_workspace_20260612\.venv_sdwebui\Lib\site-packages\uvicorn-0.49.0.dist-info\entry_points.txt","entry_points.txt",".txt","46","0","26/12/47 02:04:44 م"
".venv_sdwebui\Lib\site-packages\tifffile-2025.5.10.dist-info\entry_points.txt","D:\zzipp\جي بي\الكميرا\_organized_generation_workspace_20260612\.venv_sdwebui\Lib\site-packages\tifffile-2025.5.10.dist-info\entry_points.txt","entry_points.txt",".txt","155","0","26/12/47 02:04:48 م"
".venv_sdwebui\Lib\site-packages\tifffile-2025.5.10.dist-info\top_level.txt","D:\zzipp\جي بي\الكميرا\_organized_generation_workspace_20260612\.venv_sdwebui\Lib\site-packages\tifffile-2025.5.10.dist-info\top_level.txt","top_level.txt",".txt","9","0","26/12/47 02:04:48 م"
".venv_sdwebui\Lib\site-packages\scipy\io\matlab\tests\data\japanese_utf8.txt","D:\zzipp\جي بي\الكميرا\_organized_generation_workspace_20260612\.venv_sdwebui\Lib\site-packages\scipy\io\matlab\tests\data\japanese_utf8.txt","japanese_utf8.txt",".txt","270","0","26/12/47 02:04:54 م"
".venv_sdwebui\Lib\site-packages\scipy\ndimage\tests\data\label_inputs.txt","D:\zzipp\جي بي\الكميرا\_organized_generation_workspace_20260612\.venv_sdwebui\Lib\site-packages\scipy\ndimage\tests\data\label_inputs.txt","label_inputs.txt",".txt","315","0","26/12/47 02:04:58 م"
".venv_sdwebui\Lib\site-packages\scipy\ndimage\tests\data\label_results.txt","D:\zzipp\جي بي\الكميرا\_organized_generation_workspace_20260612\.venv_sdwebui\Lib\site-packages\scipy\ndimage\tests\data\label_results.txt","label_results.txt",".txt","4603","0.004","26/12/47 02:04:58 م"
".venv_sdwebui\Lib\site-packages\scipy\ndimage\tests\data\label_strels.txt","D:\zzipp\جي بي\الكميرا\_organized_generation_workspace_20260612\.venv_sdwebui\Lib\site-packages\scipy\ndimage\tests\data\label_strels.txt","label_strels.txt",".txt","294","0","26/12/47 02:04:58 م"
".venv_sdwebui\Lib\site-packages\scipy\spatial\qhull_src\COPYING.txt","D:\zzipp\جي بي\الكميرا\_organized_generation_workspace_20260612\.venv_sdwebui\Lib\site-packages\scipy\spatial\qhull_src\COPYING.txt","COPYING.txt",".txt","1673","0.002","26/12/47 02:05:04 م"
".venv_sdwebui\Lib\site-packages\scipy\spatial\tests\data\cdist-X1.txt","D:\zzipp\جي بي\الكميرا\_organized_generation_workspace_20260612\.venv_sdwebui\Lib\site-packages\scipy\spatial\tests\data\cdist-X1.txt","cdist-X1.txt",".txt","5760","0.005","26/12/47 02:05:04 م"
".venv_sdwebui\Lib\site-packages\scipy\spatial\tests\data\cdist-X2.txt","D:\zzipp\جي بي\الكميرا\_organized_generation_workspace_20260612\.venv_sdwebui\Lib\site-packages\scipy\spatial\tests\data\cdist-X2.txt","cdist-X2.txt",".txt","11520","0.011","26/12/47 02:05:04 م"
".venv_sdwebui\Lib\site-packages\scipy\spatial\tests\data\iris.txt","D:\zzipp\جي بي\الكميرا\_organized_generation_workspace_20260612\.venv_sdwebui\Lib\site-packages\scipy\spatial\tests\data\iris.txt","iris.txt",".txt","15150","0.014","26/12/47 02:05:04 م"
".venv_sdwebui\Lib\site-packages\scipy\spatial\tests\data\pdist-boolean-inp.txt","D:\zzipp\جي بي\الكميرا\_organized_generation_workspace_20260612\.venv_sdwebui\Lib\site-packages\scipy\spatial\tests\data\pdist-boolean-inp.txt","pdist-boolean-inp.txt",".txt","50020","0.048","26/12/47 02:05:04 م"
".venv_sdwebui\Lib\site-packages\scipy\spatial\tests\data\pdist-chebyshev-ml-iris.txt","D:\zzipp\جي بي\الكميرا\_organized_generation_workspace_20260612\.venv_sdwebui\Lib\site-packages\scipy\spatial\tests\data\pdist-chebyshev-ml-iris.txt","pdist-chebyshev-ml-iris.txt",".txt","178802","0.171","26/12/47 02:05:04 م"
".venv_sdwebui\Lib\site-packages\scipy\spatial\tests\data\pdist-chebyshev-ml.txt","D:\zzipp\جي بي\الكميرا\_organized_generation_workspace_20260612\.venv_sdwebui\Lib\site-packages\scipy\spatial\tests\data\pdist-chebyshev-ml.txt","pdist-chebyshev-ml.txt",".txt","3042","0.003","26/12/47 02:05:04 م"
".venv_sdwebui\Lib\site-packages\scipy\spatial\tests\data\pdist-cityblock-ml-iris.txt","D:\zzipp\جي بي\الكميرا\_organized_generation_workspace_20260612\.venv_sdwebui\Lib\site-packages\scipy\spatial\tests\data\pdist-cityblock-ml-iris.txt","pdist-cityblock-ml-iris.txt",".txt","178802","0.171","26/12/47 02:05:04 م"
".venv_sdwebui\Lib\site-packages\scipy\spatial\tests\data\pdist-cityblock-ml.txt","D:\zzipp\جي بي\الكميرا\_organized_generation_workspace_20260612\.venv_sdwebui\Lib\site-packages\scipy\spatial\tests\data\pdist-cityblock-ml.txt","pdist-cityblock-ml.txt",".txt","3042","0.003","26/12/47 02:05:04 م"
".venv_sdwebui\Lib\site-packages\scipy\spatial\tests\data\pdist-correlation-ml-iris.txt","D:\zzipp\جي بي\الكميرا\_organized_generation_workspace_20260612\.venv_sdwebui\Lib\site-packages\scipy\spatial\tests\data\pdist-correlation-ml-iris.txt","pdist-correlation-ml-iris.txt",".txt","178802","0.171","26/12/47 02:05:04 م"
".venv_sdwebui\Lib\site-packages\scipy\spatial\tests\data\pdist-correlation-ml.txt","D:\zzipp\جي بي\الكميرا\_organized_generation_workspace_20260612\.venv_sdwebui\Lib\site-packages\scipy\spatial\tests\data\pdist-correlation-ml.txt","pdist-correlation-ml.txt",".txt","3042","0.003","26/12/47 02:05:04 م"
".venv_sdwebui\Lib\site-packages\scipy\spatial\tests\data\pdist-cosine-ml-iris.txt","D:\zzipp\جي بي\الكميرا\_organized_generation_workspace_20260612\.venv_sdwebui\Lib\site-packages\scipy\spatial\tests\data\pdist-cosine-ml-iris.txt","pdist-cosine-ml-iris.txt",".txt","178802","0.171","26/12/47 02:05:04 م"
".venv_sdwebui\Lib\site-packages\scipy\spatial\tests\data\pdist-cosine-ml.txt","D:\zzipp\جي بي\الكميرا\_organized_generation_workspace_20260612\.venv_sdwebui\Lib\site-packages\scipy\spatial\tests\data\pdist-cosine-ml.txt","pdist-cosine-ml.txt",".txt","3042","0.003","26/12/47 02:05:04 م"
".venv_sdwebui\Lib\site-packages\scipy\spatial\tests\data\pdist-double-inp.txt","D:\zzipp\جي بي\الكميرا\_organized_generation_workspace_20260612\.venv_sdwebui\Lib\site-packages\scipy\spatial\tests\data\pdist-double-inp.txt","pdist-double-inp.txt",".txt","50020","0.048","26/12/47 02:05:04 م"
".venv_sdwebui\Lib\site-packages\scipy\spatial\tests\data\pdist-euclidean-ml-iris.txt","D:\zzipp\جي بي\الكميرا\_organized_generation_workspace_20260612\.venv_sdwebui\Lib\site-packages\scipy\spatial\tests\data\pdist-euclidean-ml-iris.txt","pdist-euclidean-ml-iris.txt",".txt","178802","0.171","26/12/47 02:05:04 م"
".venv_sdwebui\Lib\site-packages\scipy\spatial\tests\data\pdist-euclidean-ml.txt","D:\zzipp\جي بي\الكميرا\_organized_generation_workspace_20260612\.venv_sdwebui\Lib\site-packages\scipy\spatial\tests\data\pdist-euclidean-ml.txt","pdist-euclidean-ml.txt",".txt","3042","0.003","26/12/47 02:05:04 م"
".venv_sdwebui\Lib\site-packages\scipy\spatial\tests\data\pdist-hamming-ml.txt","D:\zzipp\جي بي\الكميرا\_organized_generation_workspace_20260612\.venv_sdwebui\Lib\site-packages\scipy\spatial\tests\data\pdist-hamming-ml.txt","pdist-hamming-ml.txt",".txt","3042","0.003","26/12/47 02:05:04 م"
".venv_sdwebui\Lib\site-packages\scipy\spatial\tests\data\pdist-jaccard-ml.txt","D:\zzipp\جي بي\الكميرا\_organized_generation_workspace_20260612\.venv_sdwebui\Lib\site-packages\scipy\spatial\tests\data\pdist-jaccard-ml.txt","pdist-jaccard-ml.txt",".txt","3042","0.003","26/12/47 02:05:04 م"
".venv_sdwebui\Lib\site-packages\scipy\spatial\tests\data\pdist-jensenshannon-ml-iris.txt","D:\zzipp\جي بي\الكميرا\_organized_generation_workspace_20260612\.venv_sdwebui\Lib\site-packages\scipy\spatial\tests\data\pdist-jensenshannon-ml-iris.txt","pdist-jensenshannon-ml-iris.txt",".txt","172739","0.165","26/12/47 02:05:04 م"
".venv_sdwebui\Lib\site-packages\scipy\spatial\tests\data\pdist-jensenshannon-ml.txt","D:\zzipp\جي بي\الكميرا\_organized_generation_workspace_20260612\.venv_sdwebui\Lib\site-packages\scipy\spatial\tests\data\pdist-jensenshannon-ml.txt","pdist-jensenshannon-ml.txt",".txt","2819","0.003","26/12/47 02:05:04 م"
".venv_sdwebui\Lib\site-packages\scipy\spatial\tests\data\pdist-minkowski-3.2-ml-iris.txt","D:\zzipp\جي بي\الكميرا\_organized_generation_workspace_20260612\.venv_sdwebui\Lib\site-packages\scipy\spatial\tests\data\pdist-minkowski-3.2-ml-iris.txt","pdist-minkowski-3.2-ml-iris.txt",".txt","178802","0.171","26/12/47 02:05:04 م"
".venv_sdwebui\Lib\site-packages\scipy\spatial\tests\data\pdist-minkowski-3.2-ml.txt","D:\zzipp\جي بي\الكميرا\_organized_generation_workspace_20260612\.venv_sdwebui\Lib\site-packages\scipy\spatial\tests\data\pdist-minkowski-3.2-ml.txt","pdist-minkowski-3.2-ml.txt",".txt","3042","0.003","26/12/47 02:05:04 م"
".venv_sdwebui\Lib\site-packages\scipy\spatial\tests\data\pdist-minkowski-5.8-ml-iris.txt","D:\zzipp\جي بي\الكميرا\_organized_generation_workspace_20260612\.venv_sdwebui\Lib\site-packages\scipy\spatial\tests\data\pdist-minkowski-5.8-ml-iris.txt","pdist-minkowski-5.8-ml-iris.txt",".txt","178802","0.171","26/12/47 02:05:04 م"
".venv_sdwebui\Lib\site-packages\scipy\spatial\tests\data\pdist-seuclidean-ml-iris.txt","D:\zzipp\جي بي\الكميرا\_organized_generation_workspace_20260612\.venv_sdwebui\Lib\site-packages\scipy\spatial\tests\data\pdist-seuclidean-ml-iris.txt","pdist-seuclidean-ml-iris.txt",".txt","178802","0.171","26/12/47 02:05:04 م"
".venv_sdwebui\Lib\site-packages\scipy\spatial\tests\data\pdist-seuclidean-ml.txt","D:\zzipp\جي بي\الكميرا\_organized_generation_workspace_20260612\.venv_sdwebui\Lib\site-packages\scipy\spatial\tests\data\pdist-seuclidean-ml.txt","pdist-seuclidean-ml.txt",".txt","3042","0.003","26/12/47 02:05:04 م"
".venv_sdwebui\Lib\site-packages\scipy\spatial\tests\data\pdist-spearman-ml.txt","D:\zzipp\جي بي\الكميرا\_organized_generation_workspace_20260612\.venv_sdwebui\Lib\site-packages\scipy\spatial\tests\data\pdist-spearman-ml.txt","pdist-spearman-ml.txt",".txt","3042","0.003","26/12/47 02:05:04 م"
".venv_sdwebui\Lib\site-packages\scipy\spatial\tests\data\random-bool-data.txt","D:\zzipp\جي بي\الكميرا\_organized_generation_workspace_20260612\.venv_sdwebui\Lib\site-packages\scipy\spatial\tests\data\random-bool-data.txt","random-bool-data.txt",".txt","6100","0.006","26/12/47 02:05:04 م"
".venv_sdwebui\Lib\site-packages\scipy\spatial\tests\data\random-double-data.txt","D:\zzipp\جي بي\الكميرا\_organized_generation_workspace_20260612\.venv_sdwebui\Lib\site-packages\scipy\spatial\tests\data\random-double-data.txt","random-double-data.txt",".txt","75100","0.072","26/12/47 02:05:04 م"
".venv_sdwebui\Lib\site-packages\scipy\spatial\tests\data\random-int-data.txt","D:\zzipp\جي بي\الكميرا\_organized_generation_workspace_20260612\.venv_sdwebui\Lib\site-packages\scipy\spatial\tests\data\random-int-data.txt","random-int-data.txt",".txt","10366","0.01","26/12/47 02:05:04 م"
".venv_sdwebui\Lib\site-packages\scipy\spatial\tests\data\random-uint-data.txt","D:\zzipp\جي بي\الكميرا\_organized_generation_workspace_20260612\.venv_sdwebui\Lib\site-packages\scipy\spatial\tests\data\random-uint-data.txt","random-uint-data.txt",".txt","8811","0.008","26/12/47 02:05:04 م"
".venv_sdwebui\Lib\site-packages\scipy\spatial\tests\data\selfdual-4d-polytope.txt","D:\zzipp\جي بي\الكميرا\_organized_generation_workspace_20260612\.venv_sdwebui\Lib\site-packages\scipy\spatial\tests\data\selfdual-4d-polytope.txt","selfdual-4d-polytope.txt",".txt","507","0","26/12/47 02:05:04 م"
".venv_sdwebui\Lib\site-packages\scipy\stats\tests\data\studentized_range_mpmath_ref.json","D:\zzipp\جي بي\الكميرا\_organized_generation_workspace_20260612\.venv_sdwebui\Lib\site-packages\scipy\stats\tests\data\studentized_range_mpmath_ref.json","studentized_range_mpmath_ref.json",".json","30737","0.029","26/12/47 02:05:10 م"
".venv_sdwebui\Lib\site-packages\scipy-1.15.3.dist-info\LICENSE.txt","D:\zzipp\جي بي\الكميرا\_organized_generation_workspace_20260612\.venv_sdwebui\Lib\site-packages\scipy-1.15.3.dist-info\LICENSE.txt","LICENSE.txt",".txt","46763","0.045","26/12/47 02:05:12 م"
".venv_sdwebui\Lib\site-packages\python_dateutil-2.9.0.post0.dist-info\top_level.txt","D:\zzipp\جي بي\الكميرا\_organized_generation_workspace_20260612\.venv_sdwebui\Lib\site-packages\python_dateutil-2.9.0.post0.dist-info\top_level.txt","top_level.txt",".txt","9","0","26/12/47 02:05:54 م"
".venv_sdwebui\Lib\site-packages\cv2\LICENSE-3RD-PARTY.txt","D:\zzipp\جي بي\الكميرا\_organized_generation_workspace_20260612\.venv_sdwebui\Lib\site-packages\cv2\LICENSE-3RD-PARTY.txt","LICENSE-3RD-PARTY.txt",".txt","155450","0.148","26/12/47 02:05:56 م"
".venv_sdwebui\Lib\site-packages\cv2\LICENSE.txt","D:\zzipp\جي بي\الكميرا\_organized_generation_workspace_20260612\.venv_sdwebui\Lib\site-packages\cv2\LICENSE.txt","LICENSE.txt",".txt","1090","0.001","26/12/47 02:05:56 م"
".venv_sdwebui\Lib\site-packages\opencv_python-4.11.0.86.dist-info\LICENSE-3RD-PARTY.txt","D:\zzipp\جي بي\الكميرا\_organized_generation_workspace_20260612\.venv_sdwebui\Lib\site-packages\opencv_python-4.11.0.86.dist-info\LICENSE-3RD-PARTY.txt","LICENSE-3RD-PARTY.txt",".txt","155450","0.148","26/12/47 02:05:58 م"
".venv_sdwebui\Lib\site-packages\opencv_python-4.11.0.86.dist-info\LICENSE.txt","D:\zzipp\جي بي\الكميرا\_organized_generation_workspace_20260612\.venv_sdwebui\Lib\site-packages\opencv_python-4.11.0.86.dist-info\LICENSE.txt","LICENSE.txt",".txt","1090","0.001","26/12/47 02:05:58 م"
".venv_sdwebui\Lib\site-packages\opencv_python-4.11.0.86.dist-info\top_level.txt","D:\zzipp\جي بي\الكميرا\_organized_generation_workspace_20260612\.venv_sdwebui\Lib\site-packages\opencv_python-4.11.0.86.dist-info\top_level.txt","top_level.txt",".txt","4","0","26/12/47 02:05:58 م"
".venv_sdwebui\Lib\site-packages\numba-0.65.1.dist-info\top_level.txt","D:\zzipp\جي بي\الكميرا\_organized_generation_workspace_20260612\.venv_sdwebui\Lib\site-packages\numba-0.65.1.dist-info\top_level.txt","top_level.txt",".txt","6","0","26/12/47 02:06:10 م"
".venv_sdwebui\Lib\site-packages\imageio-2.37.3.dist-info\entry_points.txt","D:\zzipp\جي بي\الكميرا\_organized_generation_workspace_20260612\.venv_sdwebui\Lib\site-packages\imageio-2.37.3.dist-info\entry_points.txt","entry_points.txt",".txt","130","0","26/12/47 02:06:40 م"
".venv_sdwebui\Lib\site-packages\imageio-2.37.3.dist-info\top_level.txt","D:\zzipp\جي بي\الكميرا\_organized_generation_workspace_20260612\.venv_sdwebui\Lib\site-packages\imageio-2.37.3.dist-info\top_level.txt","top_level.txt",".txt","8","0","26/12/47 02:06:40 م"
".venv_sdwebui\Lib\site-packages\huggingface_hub-0.36.2.dist-info\entry_points.txt","D:\zzipp\جي بي\الكميرا\_organized_generation_workspace_20260612\.venv_sdwebui\Lib\site-packages\huggingface_hub-0.36.2.dist-info\entry_points.txt","entry_points.txt",".txt","218","0","26/12/47 02:06:46 م"
".venv_sdwebui\Lib\site-packages\huggingface_hub-0.36.2.dist-info\top_level.txt","D:\zzipp\جي بي\الكميرا\_organized_generation_workspace_20260612\.venv_sdwebui\Lib\site-packages\huggingface_hub-0.36.2.dist-info\top_level.txt","top_level.txt",".txt","16","0","26/12/47 02:06:46 م"
".venv_sdwebui\Lib\site-packages\gitdb-4.0.12.dist-info\top_level.txt","D:\zzipp\جي بي\الكميرا\_organized_generation_workspace_20260612\.venv_sdwebui\Lib\site-packages\gitdb-4.0.12.dist-info\top_level.txt","top_level.txt",".txt","6","0","26/12/47 02:06:54 م"
".venv_sdwebui\Lib\site-packages\anyio-3.7.1.dist-info\entry_points.txt","D:\zzipp\جي بي\الكميرا\_organized_generation_workspace_20260612\.venv_sdwebui\Lib\site-packages\anyio-3.7.1.dist-info\entry_points.txt","entry_points.txt",".txt","39","0","26/12/47 02:06:58 م"
".venv_sdwebui\Lib\site-packages\anyio-3.7.1.dist-info\top_level.txt","D:\zzipp\جي بي\الكميرا\_organized_generation_workspace_20260612\.venv_sdwebui\Lib\site-packages\anyio-3.7.1.dist-info\top_level.txt","top_level.txt",".txt","6","0","26/12/47 02:06:58 م"
".venv_sdwebui\Lib\site-packages\aiosignal-1.4.0.dist-info\top_level.txt","D:\zzipp\جي بي\الكميرا\_organized_generation_workspace_20260612\.venv_sdwebui\Lib\site-packages\aiosignal-1.4.0.dist-info\top_level.txt","top_level.txt",".txt","10","0","26/12/47 02:07:00 م"
".venv_sdwebui\Lib\site-packages\transformers-4.30.2.dist-info\entry_points.txt","D:\zzipp\جي بي\الكميرا\_organized_generation_workspace_20260612\.venv_sdwebui\Lib\site-packages\transformers-4.30.2.dist-info\entry_points.txt","entry_points.txt",".txt","81","0","26/12/47 02:07:26 م"
".venv_sdwebui\Lib\site-packages\transformers-4.30.2.dist-info\top_level.txt","D:\zzipp\جي بي\الكميرا\_organized_generation_workspace_20260612\.venv_sdwebui\Lib\site-packages\transformers-4.30.2.dist-info\top_level.txt","top_level.txt",".txt","13","0","26/12/47 02:07:26 م"
".venv_sdwebui\Lib\site-packages\scikit_image-0.21.0.dist-info\LICENSE.txt","D:\zzipp\جي بي\الكميرا\_organized_generation_workspace_20260612\.venv_sdwebui\Lib\site-packages\scikit_image-0.21.0.dist-info\LICENSE.txt","LICENSE.txt",".txt","6368","0.006","26/12/47 02:08:36 م"
".venv_sdwebui\Lib\site-packages\skimage\feature\orb_descriptor_positions.txt","D:\zzipp\جي بي\الكميرا\_organized_generation_workspace_20260612\.venv_sdwebui\Lib\site-packages\skimage\feature\orb_descriptor_positions.txt","orb_descriptor_positions.txt",".txt","3096","0.003","26/12/47 02:08:42 م"
".venv_sdwebui\Lib\site-packages\skimage\io\_plugins\fits_plugin.ini","D:\zzipp\جي بي\الكميرا\_organized_generation_workspace_20260612\.venv_sdwebui\Lib\site-packages\skimage\io\_plugins\fits_plugin.ini","fits_plugin.ini",".ini","91","0","26/12/47 02:08:42 م"
".venv_sdwebui\Lib\site-packages\skimage\io\_plugins\gdal_plugin.ini","D:\zzipp\جي بي\الكميرا\_organized_generation_workspace_20260612\.venv_sdwebui\Lib\site-packages\skimage\io\_plugins\gdal_plugin.ini","gdal_plugin.ini",".ini","92","0","26/12/47 02:08:42 م"
".venv_sdwebui\Lib\site-packages\skimage\io\_plugins\imageio_plugin.ini","D:\zzipp\جي بي\الكميرا\_organized_generation_workspace_20260612\.venv_sdwebui\Lib\site-packages\skimage\io\_plugins\imageio_plugin.ini","imageio_plugin.ini",".ini","91","0","26/12/47 02:08:42 م"
".venv_sdwebui\Lib\site-packages\skimage\io\_plugins\imread_plugin.ini","D:\zzipp\جي بي\الكميرا\_organized_generation_workspace_20260612\.venv_sdwebui\Lib\site-packages\skimage\io\_plugins\imread_plugin.ini","imread_plugin.ini",".ini","89","0","26/12/47 02:08:42 م"
".venv_sdwebui\Lib\site-packages\skimage\io\_plugins\matplotlib_plugin.ini","D:\zzipp\جي بي\الكميرا\_organized_generation_workspace_20260612\.venv_sdwebui\Lib\site-packages\skimage\io\_plugins\matplotlib_plugin.ini","matplotlib_plugin.ini",".ini","126","0","26/12/47 02:08:42 م"
".venv_sdwebui\Lib\site-packages\skimage\io\_plugins\pil_plugin.ini","D:\zzipp\جي بي\الكميرا\_organized_generation_workspace_20260612\.venv_sdwebui\Lib\site-packages\skimage\io\_plugins\pil_plugin.ini","pil_plugin.ini",".ini","94","0","26/12/47 02:08:42 م"
".venv_sdwebui\Lib\site-packages\skimage\io\_plugins\simpleitk_plugin.ini","D:\zzipp\جي بي\الكميرا\_organized_generation_workspace_20260612\.venv_sdwebui\Lib\site-packages\skimage\io\_plugins\simpleitk_plugin.ini","simpleitk_plugin.ini",".ini","95","0","26/12/47 02:08:42 م"
".venv_sdwebui\Lib\site-packages\skimage\io\_plugins\tifffile_plugin.ini","D:\zzipp\جي بي\الكميرا\_organized_generation_workspace_20260612\.venv_sdwebui\Lib\site-packages\skimage\io\_plugins\tifffile_plugin.ini","tifffile_plugin.ini",".ini","113","0","26/12/47 02:08:42 م"
".venv_sdwebui\Lib\site-packages\skimage\data\README.txt","D:\zzipp\جي بي\الكميرا\_organized_generation_workspace_20260612\.venv_sdwebui\Lib\site-packages\skimage\data\README.txt","README.txt",".txt","289","0","26/12/47 02:08:40 م"
".venv_sdwebui\Lib\site-packages\pandas\pyproject.toml","D:\zzipp\جي بي\الكميرا\_organized_generation_workspace_20260612\.venv_sdwebui\Lib\site-packages\pandas\pyproject.toml","pyproject.toml",".toml","24666","0.024","26/12/47 02:09:08 م"
".venv_sdwebui\Lib\site-packages\pandas-2.3.3.dist-info\entry_points.txt","D:\zzipp\جي بي\الكميرا\_organized_generation_workspace_20260612\.venv_sdwebui\Lib\site-packages\pandas-2.3.3.dist-info\entry_points.txt","entry_points.txt",".txt","69","0","26/12/47 02:09:40 م"
".venv_sdwebui\Lib\site-packages\matplotlib\mpl-data\fonts\pdfcorefonts\readme.txt","D:\zzipp\جي بي\الكميرا\_organized_generation_workspace_20260612\.venv_sdwebui\Lib\site-packages\matplotlib\mpl-data\fonts\pdfcorefonts\readme.txt","readme.txt",".txt","828","0.001","26/12/47 02:11:12 م"
".venv_sdwebui\Lib\site-packages\matplotlib\mpl-data\sample_data\data_x_x2_x3.csv","D:\zzipp\جي بي\الكميرا\_organized_generation_workspace_20260612\.venv_sdwebui\Lib\site-packages\matplotlib\mpl-data\sample_data\data_x_x2_x3.csv","data_x_x2_x3.csv",".csv","132","0","26/12/47 02:11:14 م"
".venv_sdwebui\Lib\site-packages\matplotlib\mpl-data\sample_data\msft.csv","D:\zzipp\جي بي\الكميرا\_organized_generation_workspace_20260612\.venv_sdwebui\Lib\site-packages\matplotlib\mpl-data\sample_data\msft.csv","msft.csv",".csv","3211","0.003","26/12/47 02:11:14 م"
".venv_sdwebui\Lib\site-packages\matplotlib\mpl-data\sample_data\README.txt","D:\zzipp\جي بي\الكميرا\_organized_generation_workspace_20260612\.venv_sdwebui\Lib\site-packages\matplotlib\mpl-data\sample_data\README.txt","README.txt",".txt","128","0","26/12/47 02:11:14 م"
".venv_sdwebui\Lib\site-packages\matplotlib\mpl-data\sample_data\Stocks.csv","D:\zzipp\جي بي\الكميرا\_organized_generation_workspace_20260612\.venv_sdwebui\Lib\site-packages\matplotlib\mpl-data\sample_data\Stocks.csv","Stocks.csv",".csv","67924","0.065","26/12/47 02:11:14 م"
".venv_sdwebui\Lib\site-packages\jsonschema_specifications\schemas\draft201909\metaschema.json","D:\zzipp\جي بي\الكميرا\_organized_generation_workspace_20260612\.venv_sdwebui\Lib\site-packages\jsonschema_specifications\schemas\draft201909\metaschema.json","metaschema.json",".json","1785","0.002","26/12/47 02:11:32 م"
".venv_sdwebui\Lib\site-packages\jsonschema_specifications\schemas\draft202012\metaschema.json","D:\zzipp\جي بي\الكميرا\_organized_generation_workspace_20260612\.venv_sdwebui\Lib\site-packages\jsonschema_specifications\schemas\draft202012\metaschema.json","metaschema.json",".json","2452","0.002","26/12/47 02:11:32 م"
".venv_sdwebui\Lib\site-packages\jsonschema_specifications\schemas\draft3\metaschema.json","D:\zzipp\جي بي\الكميرا\_organized_generation_workspace_20260612\.venv_sdwebui\Lib\site-packages\jsonschema_specifications\schemas\draft3\metaschema.json","metaschema.json",".json","2600","0.002","26/12/47 02:11:32 م"
".venv_sdwebui\Lib\site-packages\jsonschema_specifications\schemas\draft4\metaschema.json","D:\zzipp\جي بي\الكميرا\_organized_generation_workspace_20260612\.venv_sdwebui\Lib\site-packages\jsonschema_specifications\schemas\draft4\metaschema.json","metaschema.json",".json","4357","0.004","26/12/47 02:11:32 م"
".venv_sdwebui\Lib\site-packages\jsonschema_specifications\schemas\draft6\metaschema.json","D:\zzipp\جي بي\الكميرا\_organized_generation_workspace_20260612\.venv_sdwebui\Lib\site-packages\jsonschema_specifications\schemas\draft6\metaschema.json","metaschema.json",".json","4437","0.004","26/12/47 02:11:32 م"
".venv_sdwebui\Lib\site-packages\jsonschema_specifications\schemas\draft7\metaschema.json","D:\zzipp\جي بي\الكميرا\_organized_generation_workspace_20260612\.venv_sdwebui\Lib\site-packages\jsonschema_specifications\schemas\draft7\metaschema.json","metaschema.json",".json","4819","0.005","26/12/47 02:11:32 م"
".venv_sdwebui\Lib\site-packages\httpcore-0.15.0.dist-info\top_level.txt","D:\zzipp\جي بي\الكميرا\_organized_generation_workspace_20260612\.venv_sdwebui\Lib\site-packages\httpcore-0.15.0.dist-info\top_level.txt","top_level.txt",".txt","58","0","26/12/47 02:11:34 م"
".venv_sdwebui\Lib\site-packages\GitPython-3.1.32.dist-info\top_level.txt","D:\zzipp\جي بي\الكميرا\_organized_generation_workspace_20260612\.venv_sdwebui\Lib\site-packages\GitPython-3.1.32.dist-info\top_level.txt","top_level.txt",".txt","4","0","26/12/47 02:11:38 م"
".venv_sdwebui\Lib\site-packages\aiohttp-3.14.1.dist-info\top_level.txt","D:\zzipp\جي بي\الكميرا\_organized_generation_workspace_20260612\.venv_sdwebui\Lib\site-packages\aiohttp-3.14.1.dist-info\top_level.txt","top_level.txt",".txt","8","0","26/12/47 02:11:40 م"
".venv_sdwebui\Lib\site-packages\aiohttp-3.14.1.dist-info\licenses\LICENSE.txt","D:\zzipp\جي بي\الكميرا\_organized_generation_workspace_20260612\.venv_sdwebui\Lib\site-packages\aiohttp-3.14.1.dist-info\licenses\LICENSE.txt","LICENSE.txt",".txt","11514","0.011","26/12/47 02:11:40 م"
".venv_sdwebui\Lib\site-packages\torchsde-0.2.6.dist-info\top_level.txt","D:\zzipp\جي بي\الكميرا\_organized_generation_workspace_20260612\.venv_sdwebui\Lib\site-packages\torchsde-0.2.6.dist-info\top_level.txt","top_level.txt",".txt","9","0","26/12/47 02:11:42 م"
".venv_sdwebui\Lib\site-packages\torchmetrics-1.9.0.dist-info\top_level.txt","D:\zzipp\جي بي\الكميرا\_organized_generation_workspace_20260612\.venv_sdwebui\Lib\site-packages\torchmetrics-1.9.0.dist-info\top_level.txt","top_level.txt",".txt","13","0","26/12/47 02:11:50 م"
".venv_sdwebui\Lib\site-packages\torchdiffeq-0.2.3.dist-info\top_level.txt","D:\zzipp\جي بي\الكميرا\_organized_generation_workspace_20260612\.venv_sdwebui\Lib\site-packages\torchdiffeq-0.2.3.dist-info\top_level.txt","top_level.txt",".txt","12","0","26/12/47 02:12:02 م"
".venv_sdwebui\Lib\site-packages\tomesd-0.1.3.dist-info\top_level.txt","D:\zzipp\جي بي\الكميرا\_organized_generation_workspace_20260612\.venv_sdwebui\Lib\site-packages\tomesd-0.1.3.dist-info\top_level.txt","top_level.txt",".txt","7","0","26/12/47 02:12:02 م"
".venv_sdwebui\Lib\site-packages\kornia-0.6.7.dist-info\top_level.txt","D:\zzipp\جي بي\الكميرا\_organized_generation_workspace_20260612\.venv_sdwebui\Lib\site-packages\kornia-0.6.7.dist-info\top_level.txt","top_level.txt",".txt","12","0","26/12/47 02:12:10 م"
".venv_sdwebui\Lib\site-packages\jsonschema\benchmarks\issue232\issue.json","D:\zzipp\جي بي\الكميرا\_organized_generation_workspace_20260612\.venv_sdwebui\Lib\site-packages\jsonschema\benchmarks\issue232\issue.json","issue.json",".json","117105","0.112","26/12/47 02:12:20 م"
".venv_sdwebui\Lib\site-packages\jsonschema-4.26.0.dist-info\entry_points.txt","D:\zzipp\جي بي\الكميرا\_organized_generation_workspace_20260612\.venv_sdwebui\Lib\site-packages\jsonschema-4.26.0.dist-info\entry_points.txt","entry_points.txt",".txt","51","0","26/12/47 02:12:20 م"
".venv_sdwebui\Lib\site-packages\httpx-0.24.1.dist-info\entry_points.txt","D:\zzipp\جي بي\الكميرا\_organized_generation_workspace_20260612\.venv_sdwebui\Lib\site-packages\httpx-0.24.1.dist-info\entry_points.txt","entry_points.txt",".txt","37","0","26/12/47 02:12:22 م"
".venv_sdwebui\Lib\site-packages\filterpy-1.4.5.dist-info\top_level.txt","D:\zzipp\جي بي\الكميرا\_organized_generation_workspace_20260612\.venv_sdwebui\Lib\site-packages\filterpy-1.4.5.dist-info\top_level.txt","top_level.txt",".txt","9","0","26/12/47 02:12:24 م"
".venv_sdwebui\Lib\site-packages\accelerate-0.21.0.dist-info\entry_points.txt","D:\zzipp\جي بي\الكميرا\_organized_generation_workspace_20260612\.venv_sdwebui\Lib\site-packages\accelerate-0.21.0.dist-info\entry_points.txt","entry_points.txt",".txt","175","0","26/12/47 02:12:30 م"
".venv_sdwebui\Lib\site-packages\accelerate-0.21.0.dist-info\top_level.txt","D:\zzipp\جي بي\الكميرا\_organized_generation_workspace_20260612\.venv_sdwebui\Lib\site-packages\accelerate-0.21.0.dist-info\top_level.txt","top_level.txt",".txt","11","0","26/12/47 02:12:30 م"
".venv_sdwebui\Lib\site-packages\timm-1.0.27.dist-info\entry_points.txt","D:\zzipp\جي بي\الكميرا\_organized_generation_workspace_20260612\.venv_sdwebui\Lib\site-packages\timm-1.0.27.dist-info\entry_points.txt","entry_points.txt",".txt","34","0","26/12/47 02:12:32 م"
".venv_sdwebui\Lib\site-packages\timm\data\_info\imagenet_a_indices.txt","D:\zzipp\جي بي\الكميرا\_organized_generation_workspace_20260612\.venv_sdwebui\Lib\site-packages\timm\data\_info\imagenet_a_indices.txt","imagenet_a_indices.txt",".txt","774","0.001","26/12/47 02:12:32 م"
".venv_sdwebui\Lib\site-packages\timm\data\_info\imagenet_a_synsets.txt","D:\zzipp\جي بي\الكميرا\_organized_generation_workspace_20260612\.venv_sdwebui\Lib\site-packages\timm\data\_info\imagenet_a_synsets.txt","imagenet_a_synsets.txt",".txt","2000","0.002","26/12/47 02:12:32 م"
".venv_sdwebui\Lib\site-packages\timm\data\_info\imagenet_r_indices.txt","D:\zzipp\جي بي\الكميرا\_organized_generation_workspace_20260612\.venv_sdwebui\Lib\site-packages\timm\data\_info\imagenet_r_indices.txt","imagenet_r_indices.txt",".txt","769","0.001","26/12/47 02:12:32 م"
".venv_sdwebui\Lib\site-packages\timm\data\_info\imagenet_r_synsets.txt","D:\zzipp\جي بي\الكميرا\_organized_generation_workspace_20260612\.venv_sdwebui\Lib\site-packages\timm\data\_info\imagenet_r_synsets.txt","imagenet_r_synsets.txt",".txt","2000","0.002","26/12/47 02:12:32 م"
".venv_sdwebui\Lib\site-packages\timm\data\_info\imagenet_real_labels.json","D:\zzipp\جي بي\الكميرا\_organized_generation_workspace_20260612\.venv_sdwebui\Lib\site-packages\timm\data\_info\imagenet_real_labels.json","imagenet_real_labels.json",".json","388478","0.37","26/12/47 02:12:32 م"
".venv_sdwebui\Lib\site-packages\timm\data\_info\imagenet_synset_to_definition.txt","D:\zzipp\جي بي\الكميرا\_organized_generation_workspace_20260612\.venv_sdwebui\Lib\site-packages\timm\data\_info\imagenet_synset_to_definition.txt","imagenet_synset_to_definition.txt",".txt","1748917","1.668","26/12/47 02:12:34 م"
".venv_sdwebui\Lib\site-packages\timm\data\_info\imagenet_synset_to_lemma.txt","D:\zzipp\جي بي\الكميرا\_organized_generation_workspace_20260612\.venv_sdwebui\Lib\site-packages\timm\data\_info\imagenet_synset_to_lemma.txt","imagenet_synset_to_lemma.txt",".txt","741457","0.707","26/12/47 02:12:34 م"
".venv_sdwebui\Lib\site-packages\timm\data\_info\imagenet_synsets.txt","D:\zzipp\جي بي\الكميرا\_organized_generation_workspace_20260612\.venv_sdwebui\Lib\site-packages\timm\data\_info\imagenet_synsets.txt","imagenet_synsets.txt",".txt","10000","0.01","26/12/47 02:12:34 م"
".venv_sdwebui\Lib\site-packages\timm\data\_info\imagenet12k_synsets.txt","D:\zzipp\جي بي\الكميرا\_organized_generation_workspace_20260612\.venv_sdwebui\Lib\site-packages\timm\data\_info\imagenet12k_synsets.txt","imagenet12k_synsets.txt",".txt","118210","0.113","26/12/47 02:12:32 م"
".venv_sdwebui\Lib\site-packages\timm\data\_info\imagenet21k_goog_synsets.txt","D:\zzipp\جي بي\الكميرا\_organized_generation_workspace_20260612\.venv_sdwebui\Lib\site-packages\timm\data\_info\imagenet21k_goog_synsets.txt","imagenet21k_goog_synsets.txt",".txt","218430","0.208","26/12/47 02:12:32 م"
".venv_sdwebui\Lib\site-packages\timm\data\_info\imagenet21k_goog_to_12k_indices.txt","D:\zzipp\جي بي\الكميرا\_organized_generation_workspace_20260612\.venv_sdwebui\Lib\site-packages\timm\data\_info\imagenet21k_goog_to_12k_indices.txt","imagenet21k_goog_to_12k_indices.txt",".txt","64070","0.061","26/12/47 02:12:32 م"
".venv_sdwebui\Lib\site-packages\timm\data\_info\imagenet21k_goog_to_22k_indices.txt","D:\zzipp\جي بي\الكميرا\_organized_generation_workspace_20260612\.venv_sdwebui\Lib\site-packages\timm\data\_info\imagenet21k_goog_to_22k_indices.txt","imagenet21k_goog_to_22k_indices.txt",".txt","119937","0.114","26/12/47 02:12:32 م"
".venv_sdwebui\Lib\site-packages\timm\data\_info\imagenet21k_miil_synsets.txt","D:\zzipp\جي بي\الكميرا\_organized_generation_workspace_20260612\.venv_sdwebui\Lib\site-packages\timm\data\_info\imagenet21k_miil_synsets.txt","imagenet21k_miil_synsets.txt",".txt","112210","0.107","26/12/47 02:12:32 م"
".venv_sdwebui\Lib\site-packages\timm\data\_info\imagenet21k_miil_w21_synsets.txt","D:\zzipp\جي بي\الكميرا\_organized_generation_workspace_20260612\.venv_sdwebui\Lib\site-packages\timm\data\_info\imagenet21k_miil_w21_synsets.txt","imagenet21k_miil_w21_synsets.txt",".txt","104500","0.1","26/12/47 02:12:32 م"
".venv_sdwebui\Lib\site-packages\timm\data\_info\imagenet22k_ms_synsets.txt","D:\zzipp\جي بي\الكميرا\_organized_generation_workspace_20260612\.venv_sdwebui\Lib\site-packages\timm\data\_info\imagenet22k_ms_synsets.txt","imagenet22k_ms_synsets.txt",".txt","218420","0.208","26/12/47 02:12:32 م"
".venv_sdwebui\Lib\site-packages\timm\data\_info\imagenet22k_ms_to_12k_indices.txt","D:\zzipp\جي بي\الكميرا\_organized_generation_workspace_20260612\.venv_sdwebui\Lib\site-packages\timm\data\_info\imagenet22k_ms_to_12k_indices.txt","imagenet22k_ms_to_12k_indices.txt",".txt","63625","0.061","26/12/47 02:12:32 م"
".venv_sdwebui\Lib\site-packages\timm\data\_info\imagenet22k_ms_to_22k_indices.txt","D:\zzipp\جي بي\الكميرا\_organized_generation_workspace_20260612\.venv_sdwebui\Lib\site-packages\timm\data\_info\imagenet22k_ms_to_22k_indices.txt","imagenet22k_ms_to_22k_indices.txt",".txt","119938","0.114","26/12/47 02:12:32 م"
".venv_sdwebui\Lib\site-packages\timm\data\_info\imagenet22k_synsets.txt","D:\zzipp\جي بي\الكميرا\_organized_generation_workspace_20260612\.venv_sdwebui\Lib\site-packages\timm\data\_info\imagenet22k_synsets.txt","imagenet22k_synsets.txt",".txt","218410","0.208","26/12/47 02:12:32 م"
".venv_sdwebui\Lib\site-packages\timm\data\_info\imagenet22k_to_12k_indices.txt","D:\zzipp\جي بي\الكميرا\_organized_generation_workspace_20260612\.venv_sdwebui\Lib\site-packages\timm\data\_info\imagenet22k_to_12k_indices.txt","imagenet22k_to_12k_indices.txt",".txt","64070","0.061","26/12/47 02:12:32 م"
".venv_sdwebui\Lib\site-packages\timm\data\_info\mini_imagenet_indices.txt","D:\zzipp\جي بي\الكميرا\_organized_generation_workspace_20260612\.venv_sdwebui\Lib\site-packages\timm\data\_info\mini_imagenet_indices.txt","mini_imagenet_indices.txt",".txt","393","0","26/12/47 02:12:34 م"
".venv_sdwebui\Lib\site-packages\timm\data\_info\mini_imagenet_synsets.txt","D:\zzipp\جي بي\الكميرا\_organized_generation_workspace_20260612\.venv_sdwebui\Lib\site-packages\timm\data\_info\mini_imagenet_synsets.txt","mini_imagenet_synsets.txt",".txt","1000","0.001","26/12/47 02:12:34 م"
".venv_sdwebui\Lib\site-packages\timm\models\_pruned\ecaresnet101d_pruned.txt","D:\zzipp\جي بي\الكميرا\_organized_generation_workspace_20260612\.venv_sdwebui\Lib\site-packages\timm\models\_pruned\ecaresnet101d_pruned.txt","ecaresnet101d_pruned.txt",".txt","8734","0.008","26/12/47 02:12:36 م"
".venv_sdwebui\Lib\site-packages\timm\models\_pruned\ecaresnet50d_pruned.txt","D:\zzipp\جي بي\الكميرا\_organized_generation_workspace_20260612\.venv_sdwebui\Lib\site-packages\timm\models\_pruned\ecaresnet50d_pruned.txt","ecaresnet50d_pruned.txt",".txt","4520","0.004","26/12/47 02:12:36 م"
".venv_sdwebui\Lib\site-packages\timm\models\_pruned\efficientnet_b1_pruned.txt","D:\zzipp\جي بي\الكميرا\_organized_generation_workspace_20260612\.venv_sdwebui\Lib\site-packages\timm\models\_pruned\efficientnet_b1_pruned.txt","efficientnet_b1_pruned.txt",".txt","18596","0.018","26/12/47 02:12:36 م"
".venv_sdwebui\Lib\site-packages\timm\models\_pruned\efficientnet_b2_pruned.txt","D:\zzipp\جي بي\الكميرا\_organized_generation_workspace_20260612\.venv_sdwebui\Lib\site-packages\timm\models\_pruned\efficientnet_b2_pruned.txt","efficientnet_b2_pruned.txt",".txt","18676","0.018","26/12/47 02:12:36 م"
".venv_sdwebui\Lib\site-packages\timm\models\_pruned\efficientnet_b3_pruned.txt","D:\zzipp\جي بي\الكميرا\_organized_generation_workspace_20260612\.venv_sdwebui\Lib\site-packages\timm\models\_pruned\efficientnet_b3_pruned.txt","efficientnet_b3_pruned.txt",".txt","21133","0.02","26/12/47 02:12:36 م"
".venv_sdwebui\Lib\site-packages\spandrel-0.3.4.dist-info\top_level.txt","D:\zzipp\جي بي\الكميرا\_organized_generation_workspace_20260612\.venv_sdwebui\Lib\site-packages\spandrel-0.3.4.dist-info\top_level.txt","top_level.txt",".txt","9","0","26/12/47 02:12:50 م"
".venv_sdwebui\Lib\site-packages\pytorch_lightning-1.9.4.dist-info\top_level.txt","D:\zzipp\جي بي\الكميرا\_organized_generation_workspace_20260612\.venv_sdwebui\Lib\site-packages\pytorch_lightning-1.9.4.dist-info\top_level.txt","top_level.txt",".txt","35","0","26/12/47 02:13:02 م"
".venv_sdwebui\Lib\site-packages\jsonmerge-1.8.0.dist-info\top_level.txt","D:\zzipp\جي بي\الكميرا\_organized_generation_workspace_20260612\.venv_sdwebui\Lib\site-packages\jsonmerge-1.8.0.dist-info\top_level.txt","top_level.txt",".txt","10","0","26/12/47 02:13:12 م"
".venv_sdwebui\Lib\site-packages\gradio_client\package.json","D:\zzipp\جي بي\الكميرا\_organized_generation_workspace_20260612\.venv_sdwebui\Lib\site-packages\gradio_client\package.json","package.json",".json","114","0","26/12/47 02:13:12 م"
".venv_sdwebui\Lib\site-packages\gradio_client\types.json","D:\zzipp\جي بي\الكميرا\_organized_generation_workspace_20260612\.venv_sdwebui\Lib\site-packages\gradio_client\types.json","types.json",".json","4356","0.004","26/12/47 02:13:12 م"
".venv_sdwebui\Lib\site-packages\gradio_client\version.txt","D:\zzipp\جي بي\الكميرا\_organized_generation_workspace_20260612\.venv_sdwebui\Lib\site-packages\gradio_client\version.txt","version.txt",".txt","5","0","26/12/47 02:13:12 م"
".venv_sdwebui\Lib\site-packages\facexlib-0.3.0.dist-info\top_level.txt","D:\zzipp\جي بي\الكميرا\_organized_generation_workspace_20260612\.venv_sdwebui\Lib\site-packages\facexlib-0.3.0.dist-info\top_level.txt","top_level.txt",".txt","9","0","26/12/47 02:13:14 م"
".venv_sdwebui\Lib\site-packages\clean_fid-0.1.35.dist-info\top_level.txt","D:\zzipp\جي بي\الكميرا\_organized_generation_workspace_20260612\.venv_sdwebui\Lib\site-packages\clean_fid-0.1.35.dist-info\top_level.txt","top_level.txt",".txt","9","0","26/12/47 02:13:16 م"
".venv_sdwebui\Lib\site-packages\altair\vegalite\v5\schema\vega-lite-schema.json","D:\zzipp\جي بي\الكميرا\_organized_generation_workspace_20260612\.venv_sdwebui\Lib\site-packages\altair\vegalite\v5\schema\vega-lite-schema.json","vega-lite-schema.json",".json","1847283","1.762","26/12/47 02:13:18 م"
".venv_sdwebui\Lib\site-packages\altair\vegalite\v5\schema\vega-themes.json","D:\zzipp\جي بي\الكميرا\_organized_generation_workspace_20260612\.venv_sdwebui\Lib\site-packages\altair\vegalite\v5\schema\vega-themes.json","vega-themes.json",".json","25729","0.025","26/12/47 02:13:18 م"
".venv_sdwebui\Lib\site-packages\spandrel_extra_arches-0.1.1.dist-info\top_level.txt","D:\zzipp\جي بي\الكميرا\_organized_generation_workspace_20260612\.venv_sdwebui\Lib\site-packages\spandrel_extra_arches-0.1.1.dist-info\top_level.txt","top_level.txt",".txt","22","0","26/12/47 02:13:22 م"
".venv_sdwebui\Lib\site-packages\open_clip\model_configs\coca_base.json","D:\zzipp\جي بي\الكميرا\_organized_generation_workspace_20260612\.venv_sdwebui\Lib\site-packages\open_clip\model_configs\coca_base.json","coca_base.json",".json","669","0.001","26/12/47 02:13:24 م"
".venv_sdwebui\Lib\site-packages\open_clip\model_configs\coca_roberta-ViT-B-32.json","D:\zzipp\جي بي\الكميرا\_organized_generation_workspace_20260612\.venv_sdwebui\Lib\site-packages\open_clip\model_configs\coca_roberta-ViT-B-32.json","coca_roberta-ViT-B-32.json",".json","517","0","26/12/47 02:13:24 م"
".venv_sdwebui\Lib\site-packages\open_clip\model_configs\coca_ViT-B-32.json","D:\zzipp\جي بي\الكميرا\_organized_generation_workspace_20260612\.venv_sdwebui\Lib\site-packages\open_clip\model_configs\coca_ViT-B-32.json","coca_ViT-B-32.json",".json","659","0.001","26/12/47 02:13:24 م"
".venv_sdwebui\Lib\site-packages\open_clip\model_configs\coca_ViT-L-14.json","D:\zzipp\جي بي\الكميرا\_organized_generation_workspace_20260612\.venv_sdwebui\Lib\site-packages\open_clip\model_configs\coca_ViT-L-14.json","coca_ViT-L-14.json",".json","664","0.001","26/12/47 02:13:24 م"
".venv_sdwebui\Lib\site-packages\open_clip\model_configs\convnext_base_w_320.json","D:\zzipp\جي بي\الكميرا\_organized_generation_workspace_20260612\.venv_sdwebui\Lib\site-packages\open_clip\model_configs\convnext_base_w_320.json","convnext_base_w_320.json",".json","422","0","26/12/47 02:13:24 م"
".venv_sdwebui\Lib\site-packages\open_clip\model_configs\convnext_base_w.json","D:\zzipp\جي بي\الكميرا\_organized_generation_workspace_20260612\.venv_sdwebui\Lib\site-packages\open_clip\model_configs\convnext_base_w.json","convnext_base_w.json",".json","422","0","26/12/47 02:13:24 م"
".venv_sdwebui\Lib\site-packages\open_clip\model_configs\convnext_base.json","D:\zzipp\جي بي\الكميرا\_organized_generation_workspace_20260612\.venv_sdwebui\Lib\site-packages\open_clip\model_configs\convnext_base.json","convnext_base.json",".json","421","0","26/12/47 02:13:24 م"
".venv_sdwebui\Lib\site-packages\open_clip\model_configs\convnext_large_d_320.json","D:\zzipp\جي بي\الكميرا\_organized_generation_workspace_20260612\.venv_sdwebui\Lib\site-packages\open_clip\model_configs\convnext_large_d_320.json","convnext_large_d_320.json",".json","420","0","26/12/47 02:13:24 م"
".venv_sdwebui\Lib\site-packages\open_clip\model_configs\convnext_large_d.json","D:\zzipp\جي بي\الكميرا\_organized_generation_workspace_20260612\.venv_sdwebui\Lib\site-packages\open_clip\model_configs\convnext_large_d.json","convnext_large_d.json",".json","420","0","26/12/47 02:13:24 م"
".venv_sdwebui\Lib\site-packages\open_clip\model_configs\convnext_large.json","D:\zzipp\جي بي\الكميرا\_organized_generation_workspace_20260612\.venv_sdwebui\Lib\site-packages\open_clip\model_configs\convnext_large.json","convnext_large.json",".json","423","0","26/12/47 02:13:24 م"
".venv_sdwebui\Lib\site-packages\open_clip\model_configs\convnext_small.json","D:\zzipp\جي بي\الكميرا\_organized_generation_workspace_20260612\.venv_sdwebui\Lib\site-packages\open_clip\model_configs\convnext_small.json","convnext_small.json",".json","422","0","26/12/47 02:13:24 م"
".venv_sdwebui\Lib\site-packages\open_clip\model_configs\convnext_tiny.json","D:\zzipp\جي بي\الكميرا\_organized_generation_workspace_20260612\.venv_sdwebui\Lib\site-packages\open_clip\model_configs\convnext_tiny.json","convnext_tiny.json",".json","422","0","26/12/47 02:13:24 م"
".venv_sdwebui\Lib\site-packages\open_clip\model_configs\convnext_xlarge.json","D:\zzipp\جي بي\الكميرا\_organized_generation_workspace_20260612\.venv_sdwebui\Lib\site-packages\open_clip\model_configs\convnext_xlarge.json","convnext_xlarge.json",".json","426","0","26/12/47 02:13:24 م"
".venv_sdwebui\Lib\site-packages\open_clip\model_configs\convnext_xxlarge_320.json","D:\zzipp\جي بي\الكميرا\_organized_generation_workspace_20260612\.venv_sdwebui\Lib\site-packages\open_clip\model_configs\convnext_xxlarge_320.json","convnext_xxlarge_320.json",".json","427","0","26/12/47 02:13:26 م"
".venv_sdwebui\Lib\site-packages\open_clip\model_configs\convnext_xxlarge.json","D:\zzipp\جي بي\الكميرا\_organized_generation_workspace_20260612\.venv_sdwebui\Lib\site-packages\open_clip\model_configs\convnext_xxlarge.json","convnext_xxlarge.json",".json","427","0","26/12/47 02:13:26 م"
".venv_sdwebui\Lib\site-packages\open_clip\model_configs\EVA01-g-14-plus.json","D:\zzipp\جي بي\الكميرا\_organized_generation_workspace_20260612\.venv_sdwebui\Lib\site-packages\open_clip\model_configs\EVA01-g-14-plus.json","EVA01-g-14-plus.json",".json","401","0","26/12/47 02:13:24 م"
".venv_sdwebui\Lib\site-packages\open_clip\model_configs\EVA01-g-14.json","D:\zzipp\جي بي\الكميرا\_organized_generation_workspace_20260612\.venv_sdwebui\Lib\site-packages\open_clip\model_configs\EVA01-g-14.json","EVA01-g-14.json",".json","400","0","26/12/47 02:13:24 م"
".venv_sdwebui\Lib\site-packages\open_clip\model_configs\EVA02-B-16.json","D:\zzipp\جي بي\الكميرا\_organized_generation_workspace_20260612\.venv_sdwebui\Lib\site-packages\open_clip\model_configs\EVA02-B-16.json","EVA02-B-16.json",".json","404","0","26/12/47 02:13:24 م"
".venv_sdwebui\Lib\site-packages\open_clip\model_configs\EVA02-E-14-plus.json","D:\zzipp\جي بي\الكميرا\_organized_generation_workspace_20260612\.venv_sdwebui\Lib\site-packages\open_clip\model_configs\EVA02-E-14-plus.json","EVA02-E-14-plus.json",".json","411","0","26/12/47 02:13:24 م"
".venv_sdwebui\Lib\site-packages\open_clip\model_configs\EVA02-E-14.json","D:\zzipp\جي بي\الكميرا\_organized_generation_workspace_20260612\.venv_sdwebui\Lib\site-packages\open_clip\model_configs\EVA02-E-14.json","EVA02-E-14.json",".json","411","0","26/12/47 02:13:24 م"
".venv_sdwebui\Lib\site-packages\open_clip\model_configs\EVA02-L-14-336.json","D:\zzipp\جي بي\الكميرا\_organized_generation_workspace_20260612\.venv_sdwebui\Lib\site-packages\open_clip\model_configs\EVA02-L-14-336.json","EVA02-L-14-336.json",".json","406","0","26/12/47 02:13:24 م"
".venv_sdwebui\Lib\site-packages\open_clip\model_configs\EVA02-L-14.json","D:\zzipp\جي بي\الكميرا\_organized_generation_workspace_20260612\.venv_sdwebui\Lib\site-packages\open_clip\model_configs\EVA02-L-14.json","EVA02-L-14.json",".json","406","0","26/12/47 02:13:24 م"
".venv_sdwebui\Lib\site-packages\open_clip\model_configs\mt5-base-ViT-B-32.json","D:\zzipp\جي بي\الكميرا\_organized_generation_workspace_20260612\.venv_sdwebui\Lib\site-packages\open_clip\model_configs\mt5-base-ViT-B-32.json","mt5-base-ViT-B-32.json",".json","325","0","26/12/47 02:13:26 م"
".venv_sdwebui\Lib\site-packages\open_clip\model_configs\mt5-xl-ViT-H-14.json","D:\zzipp\جي بي\الكميرا\_organized_generation_workspace_20260612\.venv_sdwebui\Lib\site-packages\open_clip\model_configs\mt5-xl-ViT-H-14.json","mt5-xl-ViT-H-14.json",".json","349","0","26/12/47 02:13:26 م"
".venv_sdwebui\Lib\site-packages\open_clip\model_configs\RN101-quickgelu.json","D:\zzipp\جي بي\الكميرا\_organized_generation_workspace_20260612\.venv_sdwebui\Lib\site-packages\open_clip\model_configs\RN101-quickgelu.json","RN101-quickgelu.json",".json","388","0","26/12/47 02:13:24 م"
".venv_sdwebui\Lib\site-packages\open_clip\model_configs\RN101.json","D:\zzipp\جي بي\الكميرا\_organized_generation_workspace_20260612\.venv_sdwebui\Lib\site-packages\open_clip\model_configs\RN101.json","RN101.json",".json","364","0","26/12/47 02:13:24 م"
".venv_sdwebui\Lib\site-packages\open_clip\model_configs\RN50-quickgelu.json","D:\zzipp\جي بي\الكميرا\_organized_generation_workspace_20260612\.venv_sdwebui\Lib\site-packages\open_clip\model_configs\RN50-quickgelu.json","RN50-quickgelu.json",".json","389","0","26/12/47 02:13:24 م"
".venv_sdwebui\Lib\site-packages\open_clip\model_configs\RN50.json","D:\zzipp\جي بي\الكميرا\_organized_generation_workspace_20260612\.venv_sdwebui\Lib\site-packages\open_clip\model_configs\RN50.json","RN50.json",".json","364","0","26/12/47 02:13:24 م"
".venv_sdwebui\Lib\site-packages\open_clip\model_configs\RN50x16.json","D:\zzipp\جي بي\الكميرا\_organized_generation_workspace_20260612\.venv_sdwebui\Lib\site-packages\open_clip\model_configs\RN50x16.json","RN50x16.json",".json","365","0","26/12/47 02:13:24 م"
".venv_sdwebui\Lib\site-packages\open_clip\model_configs\RN50x4.json","D:\zzipp\جي بي\الكميرا\_organized_generation_workspace_20260612\.venv_sdwebui\Lib\site-packages\open_clip\model_configs\RN50x4.json","RN50x4.json",".json","365","0","26/12/47 02:13:24 م"
".venv_sdwebui\Lib\site-packages\open_clip\model_configs\RN50x64.json","D:\zzipp\جي بي\الكميرا\_organized_generation_workspace_20260612\.venv_sdwebui\Lib\site-packages\open_clip\model_configs\RN50x64.json","RN50x64.json",".json","370","0","26/12/47 02:13:24 م"
".venv_sdwebui\Lib\site-packages\open_clip\model_configs\roberta-ViT-B-32.json","D:\zzipp\جي بي\الكميرا\_organized_generation_workspace_20260612\.venv_sdwebui\Lib\site-packages\open_clip\model_configs\roberta-ViT-B-32.json","roberta-ViT-B-32.json",".json","343","0","26/12/47 02:13:26 م"
".venv_sdwebui\Lib\site-packages\open_clip\model_configs\swin_base_patch4_window7_224.json","D:\zzipp\جي بي\الكميرا\_organized_generation_workspace_20260612\.venv_sdwebui\Lib\site-packages\open_clip\model_configs\swin_base_patch4_window7_224.json","swin_base_patch4_window7_224.json",".json","380","0","26/12/47 02:13:26 م"
".venv_sdwebui\Lib\site-packages\open_clip\model_configs\vit_medium_patch16_gap_256.json","D:\zzipp\جي بي\الكميرا\_organized_generation_workspace_20260612\.venv_sdwebui\Lib\site-packages\open_clip\model_configs\vit_medium_patch16_gap_256.json","vit_medium_patch16_gap_256.json",".json","377","0","26/12/47 02:13:26 م"
".venv_sdwebui\Lib\site-packages\open_clip\model_configs\vit_relpos_medium_patch16_cls_224.json","D:\zzipp\جي بي\الكميرا\_organized_generation_workspace_20260612\.venv_sdwebui\Lib\site-packages\open_clip\model_configs\vit_relpos_medium_patch16_cls_224.json","vit_relpos_medium_patch16_cls_224.json",".json","384","0","26/12/47 02:13:26 م"
".venv_sdwebui\Lib\site-packages\open_clip\model_configs\ViT-B-16-plus-240.json","D:\zzipp\جي بي\الكميرا\_organized_generation_workspace_20260612\.venv_sdwebui\Lib\site-packages\open_clip\model_configs\ViT-B-16-plus-240.json","ViT-B-16-plus-240.json",".json","295","0","26/12/47 02:13:24 م"
".venv_sdwebui\Lib\site-packages\open_clip\model_configs\ViT-B-16-plus.json","D:\zzipp\جي بي\الكميرا\_organized_generation_workspace_20260612\.venv_sdwebui\Lib\site-packages\open_clip\model_configs\ViT-B-16-plus.json","ViT-B-16-plus.json",".json","295","0","26/12/47 02:13:24 م"
".venv_sdwebui\Lib\site-packages\open_clip\model_configs\ViT-B-16.json","D:\zzipp\جي بي\الكميرا\_organized_generation_workspace_20260612\.venv_sdwebui\Lib\site-packages\open_clip\model_configs\ViT-B-16.json","ViT-B-16.json",".json","294","0","26/12/47 02:13:24 م"
".venv_sdwebui\Lib\site-packages\open_clip\model_configs\ViT-B-32-plus-256.json","D:\zzipp\جي بي\الكميرا\_organized_generation_workspace_20260612\.venv_sdwebui\Lib\site-packages\open_clip\model_configs\ViT-B-32-plus-256.json","ViT-B-32-plus-256.json",".json","295","0","26/12/47 02:13:24 م"
".venv_sdwebui\Lib\site-packages\open_clip\model_configs\ViT-B-32-quickgelu.json","D:\zzipp\جي بي\الكميرا\_organized_generation_workspace_20260612\.venv_sdwebui\Lib\site-packages\open_clip\model_configs\ViT-B-32-quickgelu.json","ViT-B-32-quickgelu.json",".json","318","0","26/12/47 02:13:24 م"
".venv_sdwebui\Lib\site-packages\open_clip\model_configs\ViT-B-32.json","D:\zzipp\جي بي\الكميرا\_organized_generation_workspace_20260612\.venv_sdwebui\Lib\site-packages\open_clip\model_configs\ViT-B-32.json","ViT-B-32.json",".json","294","0","26/12/47 02:13:24 م"
".venv_sdwebui\Lib\site-packages\open_clip\model_configs\ViT-bigG-14.json","D:\zzipp\جي بي\الكميرا\_organized_generation_workspace_20260612\.venv_sdwebui\Lib\site-packages\open_clip\model_configs\ViT-bigG-14.json","ViT-bigG-14.json",".json","354","0","26/12/47 02:13:24 م"
".venv_sdwebui\Lib\site-packages\open_clip\model_configs\ViT-e-14.json","D:\zzipp\جي بي\الكميرا\_organized_generation_workspace_20260612\.venv_sdwebui\Lib\site-packages\open_clip\model_configs\ViT-e-14.json","ViT-e-14.json",".json","354","0","26/12/47 02:13:24 م"
".venv_sdwebui\Lib\site-packages\open_clip\model_configs\ViT-g-14.json","D:\zzipp\جي بي\الكميرا\_organized_generation_workspace_20260612\.venv_sdwebui\Lib\site-packages\open_clip\model_configs\ViT-g-14.json","ViT-g-14.json",".json","353","0","26/12/47 02:13:24 م"
".venv_sdwebui\Lib\site-packages\open_clip\model_configs\ViT-H-14.json","D:\zzipp\جي بي\الكميرا\_organized_generation_workspace_20260612\.venv_sdwebui\Lib\site-packages\open_clip\model_configs\ViT-H-14.json","ViT-H-14.json",".json","324","0","26/12/47 02:13:24 م"
".venv_sdwebui\Lib\site-packages\open_clip\model_configs\ViT-H-16.json","D:\zzipp\جي بي\الكميرا\_organized_generation_workspace_20260612\.venv_sdwebui\Lib\site-packages\open_clip\model_configs\ViT-H-16.json","ViT-H-16.json",".json","324","0","26/12/47 02:13:24 م"
".venv_sdwebui\Lib\site-packages\open_clip\model_configs\ViT-L-14-280.json","D:\zzipp\جي بي\الكميرا\_organized_generation_workspace_20260612\.venv_sdwebui\Lib\site-packages\open_clip\model_configs\ViT-L-14-280.json","ViT-L-14-280.json",".json","296","0","26/12/47 02:13:24 م"
".venv_sdwebui\Lib\site-packages\open_clip\model_configs\ViT-L-14-336.json","D:\zzipp\جي بي\الكميرا\_organized_generation_workspace_20260612\.venv_sdwebui\Lib\site-packages\open_clip\model_configs\ViT-L-14-336.json","ViT-L-14-336.json",".json","296","0","26/12/47 02:13:24 م"
".venv_sdwebui\Lib\site-packages\open_clip\model_configs\ViT-L-14.json","D:\zzipp\جي بي\الكميرا\_organized_generation_workspace_20260612\.venv_sdwebui\Lib\site-packages\open_clip\model_configs\ViT-L-14.json","ViT-L-14.json",".json","296","0","26/12/47 02:13:24 م"
".venv_sdwebui\Lib\site-packages\open_clip\model_configs\ViT-L-16-320.json","D:\zzipp\جي بي\الكميرا\_organized_generation_workspace_20260612\.venv_sdwebui\Lib\site-packages\open_clip\model_configs\ViT-L-16-320.json","ViT-L-16-320.json",".json","296","0","26/12/47 02:13:24 م"
".venv_sdwebui\Lib\site-packages\open_clip\model_configs\ViT-L-16.json","D:\zzipp\جي بي\الكميرا\_organized_generation_workspace_20260612\.venv_sdwebui\Lib\site-packages\open_clip\model_configs\ViT-L-16.json","ViT-L-16.json",".json","296","0","26/12/47 02:13:24 م"
".venv_sdwebui\Lib\site-packages\open_clip\model_configs\ViT-M-16-alt.json","D:\zzipp\جي بي\الكميرا\_organized_generation_workspace_20260612\.venv_sdwebui\Lib\site-packages\open_clip\model_configs\ViT-M-16-alt.json","ViT-M-16-alt.json",".json","325","0","26/12/47 02:13:24 م"
".venv_sdwebui\Lib\site-packages\open_clip\model_configs\ViT-M-16.json","D:\zzipp\جي بي\الكميرا\_organized_generation_workspace_20260612\.venv_sdwebui\Lib\site-packages\open_clip\model_configs\ViT-M-16.json","ViT-M-16.json",".json","294","0","26/12/47 02:13:24 م"
".venv_sdwebui\Lib\site-packages\open_clip\model_configs\ViT-M-32-alt.json","D:\zzipp\جي بي\الكميرا\_organized_generation_workspace_20260612\.venv_sdwebui\Lib\site-packages\open_clip\model_configs\ViT-M-32-alt.json","ViT-M-32-alt.json",".json","294","0","26/12/47 02:13:24 م"
".venv_sdwebui\Lib\site-packages\open_clip\model_configs\ViT-M-32.json","D:\zzipp\جي بي\الكميرا\_organized_generation_workspace_20260612\.venv_sdwebui\Lib\site-packages\open_clip\model_configs\ViT-M-32.json","ViT-M-32.json",".json","294","0","26/12/47 02:13:24 م"
".venv_sdwebui\Lib\site-packages\open_clip\model_configs\ViT-S-16-alt.json","D:\zzipp\جي بي\الكميرا\_organized_generation_workspace_20260612\.venv_sdwebui\Lib\site-packages\open_clip\model_configs\ViT-S-16-alt.json","ViT-S-16-alt.json",".json","294","0","26/12/47 02:13:24 م"
".venv_sdwebui\Lib\site-packages\open_clip\model_configs\ViT-S-16.json","D:\zzipp\جي بي\الكميرا\_organized_generation_workspace_20260612\.venv_sdwebui\Lib\site-packages\open_clip\model_configs\ViT-S-16.json","ViT-S-16.json",".json","294","0","26/12/47 02:13:24 م"
".venv_sdwebui\Lib\site-packages\open_clip\model_configs\ViT-S-32-alt.json","D:\zzipp\جي بي\الكميرا\_organized_generation_workspace_20260612\.venv_sdwebui\Lib\site-packages\open_clip\model_configs\ViT-S-32-alt.json","ViT-S-32-alt.json",".json","294","0","26/12/47 02:13:24 م"
".venv_sdwebui\Lib\site-packages\open_clip\model_configs\ViT-S-32.json","D:\zzipp\جي بي\الكميرا\_organized_generation_workspace_20260612\.venv_sdwebui\Lib\site-packages\open_clip\model_configs\ViT-S-32.json","ViT-S-32.json",".json","294","0","26/12/47 02:13:24 م"
".venv_sdwebui\Lib\site-packages\open_clip\model_configs\xlm-roberta-base-ViT-B-32.json","D:\zzipp\جي بي\الكميرا\_organized_generation_workspace_20260612\.venv_sdwebui\Lib\site-packages\open_clip\model_configs\xlm-roberta-base-ViT-B-32.json","xlm-roberta-base-ViT-B-32.json",".json","327","0","26/12/47 02:13:26 م"
".venv_sdwebui\Lib\site-packages\open_clip\model_configs\xlm-roberta-large-ViT-H-14.json","D:\zzipp\جي بي\الكميرا\_organized_generation_workspace_20260612\.venv_sdwebui\Lib\site-packages\open_clip\model_configs\xlm-roberta-large-ViT-H-14.json","xlm-roberta-large-ViT-H-14.json",".json","357","0","26/12/47 02:13:26 م"
".venv_sdwebui\Lib\site-packages\open_clip_torch-2.20.0.dist-info\top_level.txt","D:\zzipp\جي بي\الكميرا\_organized_generation_workspace_20260612\.venv_sdwebui\Lib\site-packages\open_clip_torch-2.20.0.dist-info\top_level.txt","top_level.txt",".txt","19","0","26/12/47 02:13:26 م"
".venv_sdwebui\Lib\site-packages\gradio\deploy_space_action.yaml","D:\zzipp\جي بي\الكميرا\_organized_generation_workspace_20260612\.venv_sdwebui\Lib\site-packages\gradio\deploy_space_action.yaml","deploy_space_action.yaml",".yaml","541","0.001","26/12/47 02:13:30 م"
".venv_sdwebui\Lib\site-packages\gradio\launches.json","D:\zzipp\جي بي\الكميرا\_organized_generation_workspace_20260612\.venv_sdwebui\Lib\site-packages\gradio\launches.json","launches.json",".json","15","0","26/12/47 05:58:26 م"
".venv_sdwebui\Lib\site-packages\gradio\package.json","D:\zzipp\جي بي\الكميرا\_organized_generation_workspace_20260612\.venv_sdwebui\Lib\site-packages\gradio\package.json","package.json",".json","83","0","26/12/47 02:13:30 م"
".venv_sdwebui\Lib\site-packages\gradio\version.txt","D:\zzipp\جي بي\الكميرا\_organized_generation_workspace_20260612\.venv_sdwebui\Lib\site-packages\gradio\version.txt","version.txt",".txt","6","0","26/12/47 02:13:30 م"
".venv_sdwebui\Lib\site-packages\gradio\test_data\flagged_no_log\a.txt","D:\zzipp\جي بي\الكميرا\_organized_generation_workspace_20260612\.venv_sdwebui\Lib\site-packages\gradio\test_data\flagged_no_log\a.txt","a.txt",".txt","0","0","26/12/47 02:13:46 م"
".venv_sdwebui\Lib\site-packages\gradio\test_data\flagged_no_log\b.txt","D:\zzipp\جي بي\الكميرا\_organized_generation_workspace_20260612\.venv_sdwebui\Lib\site-packages\gradio\test_data\flagged_no_log\b.txt","b.txt",".txt","0","0","26/12/47 02:13:46 م"
".venv_sdwebui\Lib\site-packages\gradio\test_data\flagged_no_log\c.txt","D:\zzipp\جي بي\الكميرا\_organized_generation_workspace_20260612\.venv_sdwebui\Lib\site-packages\gradio\test_data\flagged_no_log\c.txt","c.txt",".txt","0","0","26/12/47 02:13:46 م"
".venv_sdwebui\Lib\site-packages\gradio\test_data\flagged_with_log\log.csv","D:\zzipp\جي بي\الكميرا\_organized_generation_workspace_20260612\.venv_sdwebui\Lib\site-packages\gradio\test_data\flagged_with_log\log.csv","log.csv",".csv","25","0","26/12/47 02:13:48 م"
".venv_sdwebui\Lib\site-packages\gradio-3.41.2.dist-info\entry_points.txt","D:\zzipp\جي بي\الكميرا\_organized_generation_workspace_20260612\.venv_sdwebui\Lib\site-packages\gradio-3.41.2.dist-info\entry_points.txt","entry_points.txt",".txt","89","0","26/12/47 02:13:48 م"
"06_portable_tools\PortableGit-2.54.0-64-bit\LICENSE.txt","D:\zzipp\جي بي\الكميرا\_organized_generation_workspace_20260612\06_portable_tools\PortableGit-2.54.0-64-bit\LICENSE.txt","LICENSE.txt",".txt","18765","0.018","03/11/47 09:06:02 م"
"06_portable_tools\PortableGit-2.54.0-64-bit\etc\package-versions.txt","D:\zzipp\جي بي\الكميرا\_organized_generation_workspace_20260612\06_portable_tools\PortableGit-2.54.0-64-bit\etc\package-versions.txt","package-versions.txt",".txt","4087","0.004","03/11/47 09:06:06 م"
"06_portable_tools\PortableGit-2.54.0-64-bit\mingw64\share\doc\xz\faq.txt","D:\zzipp\جي بي\الكميرا\_organized_generation_workspace_20260612\06_portable_tools\PortableGit-2.54.0-64-bit\mingw64\share\doc\xz\faq.txt","faq.txt",".txt","10419","0.01","03/11/47 08:50:06 م"
"06_portable_tools\PortableGit-2.54.0-64-bit\mingw64\share\doc\xz\history.txt","D:\zzipp\جي بي\الكميرا\_organized_generation_workspace_20260612\06_portable_tools\PortableGit-2.54.0-64-bit\mingw64\share\doc\xz\history.txt","history.txt",".txt","7427","0.007","03/11/47 08:50:06 م"
"06_portable_tools\PortableGit-2.54.0-64-bit\mingw64\share\doc\xz\lzma-file-format.txt","D:\zzipp\جي بي\الكميرا\_organized_generation_workspace_20260612\06_portable_tools\PortableGit-2.54.0-64-bit\mingw64\share\doc\xz\lzma-file-format.txt","lzma-file-format.txt",".txt","6090","0.006","03/11/47 08:50:06 م"
"06_portable_tools\PortableGit-2.54.0-64-bit\mingw64\share\doc\xz\xz-file-format.txt","D:\zzipp\جي بي\الكميرا\_organized_generation_workspace_20260612\06_portable_tools\PortableGit-2.54.0-64-bit\mingw64\share\doc\xz\xz-file-format.txt","xz-file-format.txt",".txt","44512","0.042","03/11/47 08:50:06 م"
"06_portable_tools\PortableGit-2.54.0-64-bit\mingw64\share\doc\xz\examples\00_README.txt","D:\zzipp\جي بي\الكميرا\_organized_generation_workspace_20260612\06_portable_tools\PortableGit-2.54.0-64-bit\mingw64\share\doc\xz\examples\00_README.txt","00_README.txt",".txt","1037","0.001","03/11/47 08:50:06 م"
"06_portable_tools\PortableGit-2.54.0-64-bit\mingw64\share\doc\connect\manual.txt","D:\zzipp\جي بي\الكميرا\_organized_generation_workspace_20260612\06_portable_tools\PortableGit-2.54.0-64-bit\mingw64\share\doc\connect\manual.txt","manual.txt",".txt","20983","0.02","03/11/47 08:50:04 م"
"06_portable_tools\PortableGit-2.54.0-64-bit\mingw64\share\antiword\8859-1.txt","D:\zzipp\جي بي\الكميرا\_organized_generation_workspace_20260612\06_portable_tools\PortableGit-2.54.0-64-bit\mingw64\share\antiword\8859-1.txt","8859-1.txt",".txt","10592","0.01","03/11/47 08:50:04 م"
"06_portable_tools\PortableGit-2.54.0-64-bit\mingw64\share\antiword\8859-10.txt","D:\zzipp\جي بي\الكميرا\_organized_generation_workspace_20260612\06_portable_tools\PortableGit-2.54.0-64-bit\mingw64\share\antiword\8859-10.txt","8859-10.txt",".txt","10989","0.01","03/11/47 08:50:04 م"
"06_portable_tools\PortableGit-2.54.0-64-bit\mingw64\share\antiword\8859-11.txt","D:\zzipp\جي بي\الكميرا\_organized_generation_workspace_20260612\06_portable_tools\PortableGit-2.54.0-64-bit\mingw64\share\antiword\8859-11.txt","8859-11.txt",".txt","9732","0.009","03/11/47 08:50:04 م"
"06_portable_tools\PortableGit-2.54.0-64-bit\mingw64\share\antiword\8859-13.txt","D:\zzipp\جي بي\الكميرا\_organized_generation_workspace_20260612\06_portable_tools\PortableGit-2.54.0-64-bit\mingw64\share\antiword\8859-13.txt","8859-13.txt",".txt","10588","0.01","03/11/47 08:50:04 م"
"06_portable_tools\PortableGit-2.54.0-64-bit\mingw64\share\antiword\8859-14.txt","D:\zzipp\جي بي\الكميرا\_organized_generation_workspace_20260612\06_portable_tools\PortableGit-2.54.0-64-bit\mingw64\share\antiword\8859-14.txt","8859-14.txt",".txt","11003","0.01","03/11/47 08:50:04 م"
"06_portable_tools\PortableGit-2.54.0-64-bit\mingw64\share\antiword\8859-15.txt","D:\zzipp\جي بي\الكميرا\_organized_generation_workspace_20260612\06_portable_tools\PortableGit-2.54.0-64-bit\mingw64\share\antiword\8859-15.txt","8859-15.txt",".txt","10583","0.01","03/11/47 08:50:04 م"
"06_portable_tools\PortableGit-2.54.0-64-bit\mingw64\share\antiword\8859-16.txt","D:\zzipp\جي بي\الكميرا\_organized_generation_workspace_20260612\06_portable_tools\PortableGit-2.54.0-64-bit\mingw64\share\antiword\8859-16.txt","8859-16.txt",".txt","10868","0.01","03/11/47 08:50:04 م"
"06_portable_tools\PortableGit-2.54.0-64-bit\mingw64\share\antiword\8859-2.txt","D:\zzipp\جي بي\الكميرا\_organized_generation_workspace_20260612\06_portable_tools\PortableGit-2.54.0-64-bit\mingw64\share\antiword\8859-2.txt","8859-2.txt",".txt","10816","0.01","03/11/47 08:50:04 م"
"06_portable_tools\PortableGit-2.54.0-64-bit\mingw64\share\antiword\8859-3.txt","D:\zzipp\جي بي\الكميرا\_organized_generation_workspace_20260612\06_portable_tools\PortableGit-2.54.0-64-bit\mingw64\share\antiword\8859-3.txt","8859-3.txt",".txt","10498","0.01","03/11/47 08:50:04 م"
"06_portable_tools\PortableGit-2.54.0-64-bit\mingw64\share\antiword\8859-4.txt","D:\zzipp\جي بي\الكميرا\_organized_generation_workspace_20260612\06_portable_tools\PortableGit-2.54.0-64-bit\mingw64\share\antiword\8859-4.txt","8859-4.txt",".txt","10792","0.01","03/11/47 08:50:04 م"
"06_portable_tools\PortableGit-2.54.0-64-bit\mingw64\share\antiword\8859-5.txt","D:\zzipp\جي بي\الكميرا\_organized_generation_workspace_20260612\06_portable_tools\PortableGit-2.54.0-64-bit\mingw64\share\antiword\8859-5.txt","8859-5.txt",".txt","10427","0.01","03/11/47 08:50:04 م"
"06_portable_tools\PortableGit-2.54.0-64-bit\mingw64\share\antiword\8859-6.txt","D:\zzipp\جي بي\الكميرا\_organized_generation_workspace_20260612\06_portable_tools\PortableGit-2.54.0-64-bit\mingw64\share\antiword\8859-6.txt","8859-6.txt",".txt","8308","0.008","03/11/47 08:50:04 م"
"06_portable_tools\PortableGit-2.54.0-64-bit\mingw64\share\antiword\8859-7.txt","D:\zzipp\جي بي\الكميرا\_organized_generation_workspace_20260612\06_portable_tools\PortableGit-2.54.0-64-bit\mingw64\share\antiword\8859-7.txt","8859-7.txt",".txt","10365","0.01","03/11/47 08:50:04 م"
"06_portable_tools\PortableGit-2.54.0-64-bit\mingw64\share\antiword\8859-8.txt","D:\zzipp\جي بي\الكميرا\_organized_generation_workspace_20260612\06_portable_tools\PortableGit-2.54.0-64-bit\mingw64\share\antiword\8859-8.txt","8859-8.txt",".txt","8553","0.008","03/11/47 08:50:04 م"
"06_portable_tools\PortableGit-2.54.0-64-bit\mingw64\share\antiword\8859-9.txt","D:\zzipp\جي بي\الكميرا\_organized_generation_workspace_20260612\06_portable_tools\PortableGit-2.54.0-64-bit\mingw64\share\antiword\8859-9.txt","8859-9.txt",".txt","10628","0.01","03/11/47 08:50:04 م"
"06_portable_tools\PortableGit-2.54.0-64-bit\mingw64\share\antiword\cp1250.txt","D:\zzipp\جي بي\الكميرا\_organized_generation_workspace_20260612\06_portable_tools\PortableGit-2.54.0-64-bit\mingw64\share\antiword\cp1250.txt","cp1250.txt",".txt","9799","0.009","03/11/47 08:50:04 م"
"06_portable_tools\PortableGit-2.54.0-64-bit\mingw64\share\antiword\cp1251.txt","D:\zzipp\جي بي\الكميرا\_organized_generation_workspace_20260612\06_portable_tools\PortableGit-2.54.0-64-bit\mingw64\share\antiword\cp1251.txt","cp1251.txt",".txt","9474","0.009","03/11/47 08:50:04 م"
"06_portable_tools\PortableGit-2.54.0-64-bit\mingw64\share\antiword\cp1252.txt","D:\zzipp\جي بي\الكميرا\_organized_generation_workspace_20260612\06_portable_tools\PortableGit-2.54.0-64-bit\mingw64\share\antiword\cp1252.txt","cp1252.txt",".txt","9624","0.009","03/11/47 08:50:04 م"
"06_portable_tools\PortableGit-2.54.0-64-bit\mingw64\share\antiword\cp437.txt","D:\zzipp\جي بي\الكميرا\_organized_generation_workspace_20260612\06_portable_tools\PortableGit-2.54.0-64-bit\mingw64\share\antiword\cp437.txt","cp437.txt",".txt","9847","0.009","03/11/47 08:50:04 م"
"06_portable_tools\PortableGit-2.54.0-64-bit\mingw64\share\antiword\cp850.txt","D:\zzipp\جي بي\الكميرا\_organized_generation_workspace_20260612\06_portable_tools\PortableGit-2.54.0-64-bit\mingw64\share\antiword\cp850.txt","cp850.txt",".txt","9693","0.009","03/11/47 08:50:04 م"
"06_portable_tools\PortableGit-2.54.0-64-bit\mingw64\share\antiword\cp852.txt","D:\zzipp\جي بي\الكميرا\_organized_generation_workspace_20260612\06_portable_tools\PortableGit-2.54.0-64-bit\mingw64\share\antiword\cp852.txt","cp852.txt",".txt","9992","0.01","03/11/47 08:50:04 م"
"06_portable_tools\PortableGit-2.54.0-64-bit\mingw64\share\antiword\cp862.txt","D:\zzipp\جي بي\الكميرا\_organized_generation_workspace_20260612\06_portable_tools\PortableGit-2.54.0-64-bit\mingw64\share\antiword\cp862.txt","cp862.txt",".txt","9448","0.009","03/11/47 08:50:04 م"
"06_portable_tools\PortableGit-2.54.0-64-bit\mingw64\share\antiword\cp864.txt","D:\zzipp\جي بي\الكميرا\_organized_generation_workspace_20260612\06_portable_tools\PortableGit-2.54.0-64-bit\mingw64\share\antiword\cp864.txt","cp864.txt",".txt","9612","0.009","03/11/47 08:50:04 م"
"06_portable_tools\PortableGit-2.54.0-64-bit\mingw64\share\antiword\cp866.txt","D:\zzipp\جي بي\الكميرا\_organized_generation_workspace_20260612\06_portable_tools\PortableGit-2.54.0-64-bit\mingw64\share\antiword\cp866.txt","cp866.txt",".txt","9817","0.009","03/11/47 08:50:04 م"
"06_portable_tools\PortableGit-2.54.0-64-bit\mingw64\share\antiword\koi8-r.txt","D:\zzipp\جي بي\الكميرا\_organized_generation_workspace_20260612\06_portable_tools\PortableGit-2.54.0-64-bit\mingw64\share\antiword\koi8-r.txt","koi8-r.txt",".txt","11204","0.011","03/11/47 08:50:04 م"
"06_portable_tools\PortableGit-2.54.0-64-bit\mingw64\share\antiword\koi8-u.txt","D:\zzipp\جي بي\الكميرا\_organized_generation_workspace_20260612\06_portable_tools\PortableGit-2.54.0-64-bit\mingw64\share\antiword\koi8-u.txt","koi8-u.txt",".txt","11259","0.011","03/11/47 08:50:04 م"
"06_portable_tools\PortableGit-2.54.0-64-bit\mingw64\share\antiword\MacCyrillic.txt","D:\zzipp\جي بي\الكميرا\_organized_generation_workspace_20260612\06_portable_tools\PortableGit-2.54.0-64-bit\mingw64\share\antiword\MacCyrillic.txt","MacCyrillic.txt",".txt","13353","0.013","03/11/47 08:50:04 م"
"06_portable_tools\PortableGit-2.54.0-64-bit\mingw64\share\antiword\MacRoman.txt","D:\zzipp\جي بي\الكميرا\_organized_generation_workspace_20260612\06_portable_tools\PortableGit-2.54.0-64-bit\mingw64\share\antiword\MacRoman.txt","MacRoman.txt",".txt","14271","0.014","03/11/47 08:50:04 م"
"06_portable_tools\PortableGit-2.54.0-64-bit\mingw64\share\antiword\roman.txt","D:\zzipp\جي بي\الكميرا\_organized_generation_workspace_20260612\06_portable_tools\PortableGit-2.54.0-64-bit\mingw64\share\antiword\roman.txt","roman.txt",".txt","14030","0.013","03/11/47 08:50:04 م"
"06_portable_tools\PortableGit-2.54.0-64-bit\mingw64\share\antiword\UTF-8.txt","D:\zzipp\جي بي\الكميرا\_organized_generation_workspace_20260612\06_portable_tools\PortableGit-2.54.0-64-bit\mingw64\share\antiword\UTF-8.txt","UTF-8.txt",".txt","107","0","03/11/47 08:50:04 م"
"06_portable_tools\PortableGit-2.54.0-64-bit\mingw64\share\git\builtins.txt","D:\zzipp\جي بي\الكميرا\_organized_generation_workspace_20260612\06_portable_tools\PortableGit-2.54.0-64-bit\mingw64\share\git\builtins.txt","builtins.txt",".txt","2578","0.002","03/11/47 08:51:24 م"
"06_portable_tools\PortableGit-2.54.0-64-bit\usr\share\vim\vim92\README.txt","D:\zzipp\جي بي\الكميرا\_organized_generation_workspace_20260612\06_portable_tools\PortableGit-2.54.0-64-bit\usr\share\vim\vim92\README.txt","README.txt",".txt","5292","0.005","03/11/47 08:50:04 م"
"06_portable_tools\PortableGit-2.54.0-64-bit\usr\share\vim\vim92\pack\dist\opt\editorconfig\doc\editorconfig.txt","D:\zzipp\جي بي\الكميرا\_organized_generation_workspace_20260612\06_portable_tools\PortableGit-2.54.0-64-bit\usr\share\vim\vim92\pack\dist\opt\editorconfig\doc\editorconfig.txt","editorconfig.txt",".txt","10176","0.01","03/11/47 08:50:06 م"
"06_portable_tools\PortableGit-2.54.0-64-bit\usr\share\vim\vim92\pack\dist\opt\helpcurwin\doc\helpcurwin.txt","D:\zzipp\جي بي\الكميرا\_organized_generation_workspace_20260612\06_portable_tools\PortableGit-2.54.0-64-bit\usr\share\vim\vim92\pack\dist\opt\helpcurwin\doc\helpcurwin.txt","helpcurwin.txt",".txt","2052","0.002","03/11/47 08:50:04 م"
"06_portable_tools\PortableGit-2.54.0-64-bit\usr\share\vim\vim92\pack\dist\opt\helptoc\doc\helptoc.txt","D:\zzipp\جي بي\الكميرا\_organized_generation_workspace_20260612\06_portable_tools\PortableGit-2.54.0-64-bit\usr\share\vim\vim92\pack\dist\opt\helptoc\doc\helptoc.txt","helptoc.txt",".txt","15664","0.015","03/11/47 08:50:04 م"
"06_portable_tools\PortableGit-2.54.0-64-bit\usr\share\vim\vim92\pack\dist\opt\matchit\doc\matchit.txt","D:\zzipp\جي بي\الكميرا\_organized_generation_workspace_20260612\06_portable_tools\PortableGit-2.54.0-64-bit\usr\share\vim\vim92\pack\dist\opt\matchit\doc\matchit.txt","matchit.txt",".txt","20666","0.02","03/11/47 08:50:04 م"
"06_portable_tools\PortableGit-2.54.0-64-bit\usr\share\vim\vim92\pack\dist\opt\osc52\doc\osc52.txt","D:\zzipp\جي بي\الكميرا\_organized_generation_workspace_20260612\06_portable_tools\PortableGit-2.54.0-64-bit\usr\share\vim\vim92\pack\dist\opt\osc52\doc\osc52.txt","osc52.txt",".txt","3515","0.003","03/11/47 08:50:04 م"
"06_portable_tools\PortableGit-2.54.0-64-bit\usr\share\vim\vim92\pack\dist\opt\comment\doc\comment.txt","D:\zzipp\جي بي\الكميرا\_organized_generation_workspace_20260612\06_portable_tools\PortableGit-2.54.0-64-bit\usr\share\vim\vim92\pack\dist\opt\comment\doc\comment.txt","comment.txt",".txt","4816","0.005","03/11/47 08:50:06 م"
"06_portable_tools\PortableGit-2.54.0-64-bit\usr\share\vim\vim92\pack\dist\opt\netrw\LICENSE.txt","D:\zzipp\جي بي\الكميرا\_organized_generation_workspace_20260612\06_portable_tools\PortableGit-2.54.0-64-bit\usr\share\vim\vim92\pack\dist\opt\netrw\LICENSE.txt","LICENSE.txt",".txt","749","0.001","03/11/47 08:50:04 م"
"06_portable_tools\PortableGit-2.54.0-64-bit\usr\share\vim\vim92\pack\dist\opt\netrw\doc\netrw.txt","D:\zzipp\جي بي\الكميرا\_organized_generation_workspace_20260612\06_portable_tools\PortableGit-2.54.0-64-bit\usr\share\vim\vim92\pack\dist\opt\netrw\doc\netrw.txt","netrw.txt",".txt","147283","0.14","03/11/47 08:50:04 م"
"06_portable_tools\PortableGit-2.54.0-64-bit\usr\share\vim\vim92\macros\README.txt","D:\zzipp\جي بي\الكميرا\_organized_generation_workspace_20260612\06_portable_tools\PortableGit-2.54.0-64-bit\usr\share\vim\vim92\macros\README.txt","README.txt",".txt","1120","0.001","03/11/47 08:50:06 م"
"06_portable_tools\PortableGit-2.54.0-64-bit\usr\share\vim\vim92\macros\urm\README.txt","D:\zzipp\جي بي\الكميرا\_organized_generation_workspace_20260612\06_portable_tools\PortableGit-2.54.0-64-bit\usr\share\vim\vim92\macros\urm\README.txt","README.txt",".txt","1580","0.002","03/11/47 08:50:06 م"
"06_portable_tools\PortableGit-2.54.0-64-bit\usr\share\vim\vim92\macros\maze\README.txt","D:\zzipp\جي بي\الكميرا\_organized_generation_workspace_20260612\06_portable_tools\PortableGit-2.54.0-64-bit\usr\share\vim\vim92\macros\maze\README.txt","README.txt",".txt","1862","0.002","03/11/47 08:50:06 م"
"06_portable_tools\PortableGit-2.54.0-64-bit\usr\share\vim\vim92\tools\ccfilter_README.txt","D:\zzipp\جي بي\الكميرا\_organized_generation_workspace_20260612\06_portable_tools\PortableGit-2.54.0-64-bit\usr\share\vim\vim92\tools\ccfilter_README.txt","ccfilter_README.txt",".txt","3231","0.003","03/11/47 08:50:04 م"
"06_portable_tools\PortableGit-2.54.0-64-bit\usr\share\vim\vim92\tools\efm_filter.txt","D:\zzipp\جي بي\الكميرا\_organized_generation_workspace_20260612\06_portable_tools\PortableGit-2.54.0-64-bit\usr\share\vim\vim92\tools\efm_filter.txt","efm_filter.txt",".txt","1116","0.001","03/11/47 08:50:04 م"
"06_portable_tools\PortableGit-2.54.0-64-bit\usr\share\vim\vim92\tools\mve.txt","D:\zzipp\جي بي\الكميرا\_organized_generation_workspace_20260612\06_portable_tools\PortableGit-2.54.0-64-bit\usr\share\vim\vim92\tools\mve.txt","mve.txt",".txt","579","0.001","03/11/47 08:50:04 م"
"06_portable_tools\PortableGit-2.54.0-64-bit\usr\share\vim\vim92\tools\README.txt","D:\zzipp\جي بي\الكميرا\_organized_generation_workspace_20260612\06_portable_tools\PortableGit-2.54.0-64-bit\usr\share\vim\vim92\tools\README.txt","README.txt",".txt","1217","0.001","03/11/47 08:50:04 م"
"06_portable_tools\PortableGit-2.54.0-64-bit\usr\share\vim\vim92\tools\vimspell.txt","D:\zzipp\جي بي\الكميرا\_organized_generation_workspace_20260612\06_portable_tools\PortableGit-2.54.0-64-bit\usr\share\vim\vim92\tools\vimspell.txt","vimspell.txt",".txt","819","0.001","03/11/47 08:50:04 م"
"06_portable_tools\PortableGit-2.54.0-64-bit\usr\share\vim\vim92\doc\arabic.txt","D:\zzipp\جي بي\الكميرا\_organized_generation_workspace_20260612\06_portable_tools\PortableGit-2.54.0-64-bit\usr\share\vim\vim92\doc\arabic.txt","arabic.txt",".txt","12203","0.012","03/11/47 08:50:06 م"
"06_portable_tools\PortableGit-2.54.0-64-bit\usr\share\vim\vim92\doc\autocmd.txt","D:\zzipp\جي بي\الكميرا\_organized_generation_workspace_20260612\06_portable_tools\PortableGit-2.54.0-64-bit\usr\share\vim\vim92\doc\autocmd.txt","autocmd.txt",".txt","83300","0.079","03/11/47 08:50:06 م"
"06_portable_tools\PortableGit-2.54.0-64-bit\usr\share\vim\vim92\doc\builtin.txt","D:\zzipp\جي بي\الكميرا\_organized_generation_workspace_20260612\06_portable_tools\PortableGit-2.54.0-64-bit\usr\share\vim\vim92\doc\builtin.txt","builtin.txt",".txt","481281","0.459","03/11/47 08:50:06 م"
"06_portable_tools\PortableGit-2.54.0-64-bit\usr\share\vim\vim92\doc\change.txt","D:\zzipp\جي بي\الكميرا\_organized_generation_workspace_20260612\06_portable_tools\PortableGit-2.54.0-64-bit\usr\share\vim\vim92\doc\change.txt","change.txt",".txt","83418","0.08","03/11/47 08:50:06 م"
"06_portable_tools\PortableGit-2.54.0-64-bit\usr\share\vim\vim92\doc\channel.txt","D:\zzipp\جي بي\الكميرا\_organized_generation_workspace_20260612\06_portable_tools\PortableGit-2.54.0-64-bit\usr\share\vim\vim92\doc\channel.txt","channel.txt",".txt","63600","0.061","03/11/47 08:50:06 م"
"06_portable_tools\PortableGit-2.54.0-64-bit\usr\share\vim\vim92\doc\cmdline.txt","D:\zzipp\جي بي\الكميرا\_organized_generation_workspace_20260612\06_portable_tools\PortableGit-2.54.0-64-bit\usr\share\vim\vim92\doc\cmdline.txt","cmdline.txt",".txt","59385","0.057","03/11/47 08:50:06 م"
"06_portable_tools\PortableGit-2.54.0-64-bit\usr\share\vim\vim92\doc\debug.txt","D:\zzipp\جي بي\الكميرا\_organized_generation_workspace_20260612\06_portable_tools\PortableGit-2.54.0-64-bit\usr\share\vim\vim92\doc\debug.txt","debug.txt",".txt","6909","0.007","03/11/47 08:50:06 م"
"06_portable_tools\PortableGit-2.54.0-64-bit\usr\share\vim\vim92\doc\debugger.txt","D:\zzipp\جي بي\الكميرا\_organized_generation_workspace_20260612\06_portable_tools\PortableGit-2.54.0-64-bit\usr\share\vim\vim92\doc\debugger.txt","debugger.txt",".txt","5441","0.005","03/11/47 08:50:06 م"
"06_portable_tools\PortableGit-2.54.0-64-bit\usr\share\vim\vim92\doc\develop.txt","D:\zzipp\جي بي\الكميرا\_organized_generation_workspace_20260612\06_portable_tools\PortableGit-2.54.0-64-bit\usr\share\vim\vim92\doc\develop.txt","develop.txt",".txt","27610","0.026","03/11/47 08:50:06 م"
"06_portable_tools\PortableGit-2.54.0-64-bit\usr\share\vim\vim92\doc\diff.txt","D:\zzipp\جي بي\الكميرا\_organized_generation_workspace_20260612\06_portable_tools\PortableGit-2.54.0-64-bit\usr\share\vim\vim92\doc\diff.txt","diff.txt",".txt","24863","0.024","03/11/47 08:50:06 م"
"06_portable_tools\PortableGit-2.54.0-64-bit\usr\share\vim\vim92\doc\digraph.txt","D:\zzipp\جي بي\الكميرا\_organized_generation_workspace_20260612\06_portable_tools\PortableGit-2.54.0-64-bit\usr\share\vim\vim92\doc\digraph.txt","digraph.txt",".txt","62586","0.06","03/11/47 08:50:06 م"
"06_portable_tools\PortableGit-2.54.0-64-bit\usr\share\vim\vim92\doc\editing.txt","D:\zzipp\جي بي\الكميرا\_organized_generation_workspace_20260612\06_portable_tools\PortableGit-2.54.0-64-bit\usr\share\vim\vim92\doc\editing.txt","editing.txt",".txt","78421","0.075","03/11/47 08:50:06 م"
"06_portable_tools\PortableGit-2.54.0-64-bit\usr\share\vim\vim92\doc\eval.txt","D:\zzipp\جي بي\الكميرا\_organized_generation_workspace_20260612\06_portable_tools\PortableGit-2.54.0-64-bit\usr\share\vim\vim92\doc\eval.txt","eval.txt",".txt","193584","0.185","03/11/47 08:50:06 م"
"06_portable_tools\PortableGit-2.54.0-64-bit\usr\share\vim\vim92\doc\farsi.txt","D:\zzipp\جي بي\الكميرا\_organized_generation_workspace_20260612\06_portable_tools\PortableGit-2.54.0-64-bit\usr\share\vim\vim92\doc\farsi.txt","farsi.txt",".txt","518","0","03/11/47 08:50:06 م"
"06_portable_tools\PortableGit-2.54.0-64-bit\usr\share\vim\vim92\doc\filetype.txt","D:\zzipp\جي بي\الكميرا\_organized_generation_workspace_20260612\06_portable_tools\PortableGit-2.54.0-64-bit\usr\share\vim\vim92\doc\filetype.txt","filetype.txt",".txt","40634","0.039","03/11/47 08:50:06 م"
"06_portable_tools\PortableGit-2.54.0-64-bit\usr\share\vim\vim92\doc\fold.txt","D:\zzipp\جي بي\الكميرا\_organized_generation_workspace_20260612\06_portable_tools\PortableGit-2.54.0-64-bit\usr\share\vim\vim92\doc\fold.txt","fold.txt",".txt","26089","0.025","03/11/47 08:50:06 م"
"06_portable_tools\PortableGit-2.54.0-64-bit\usr\share\vim\vim92\doc\ft_ada.txt","D:\zzipp\جي بي\الكميرا\_organized_generation_workspace_20260612\06_portable_tools\PortableGit-2.54.0-64-bit\usr\share\vim\vim92\doc\ft_ada.txt","ft_ada.txt",".txt","18174","0.017","03/11/47 08:50:06 م"
"06_portable_tools\PortableGit-2.54.0-64-bit\usr\share\vim\vim92\doc\ft_context.txt","D:\zzipp\جي بي\الكميرا\_organized_generation_workspace_20260612\06_portable_tools\PortableGit-2.54.0-64-bit\usr\share\vim\vim92\doc\ft_context.txt","ft_context.txt",".txt","5479","0.005","03/11/47 08:50:06 م"
"06_portable_tools\PortableGit-2.54.0-64-bit\usr\share\vim\vim92\doc\ft_hare.txt","D:\zzipp\جي بي\الكميرا\_organized_generation_workspace_20260612\06_portable_tools\PortableGit-2.54.0-64-bit\usr\share\vim\vim92\doc\ft_hare.txt","ft_hare.txt",".txt","4539","0.004","03/11/47 08:50:06 م"
"06_portable_tools\PortableGit-2.54.0-64-bit\usr\share\vim\vim92\doc\ft_mp.txt","D:\zzipp\جي بي\الكميرا\_organized_generation_workspace_20260612\06_portable_tools\PortableGit-2.54.0-64-bit\usr\share\vim\vim92\doc\ft_mp.txt","ft_mp.txt",".txt","4676","0.004","03/11/47 08:50:06 م"
"06_portable_tools\PortableGit-2.54.0-64-bit\usr\share\vim\vim92\doc\ft_ps1.txt","D:\zzipp\جي بي\الكميرا\_organized_generation_workspace_20260612\06_portable_tools\PortableGit-2.54.0-64-bit\usr\share\vim\vim92\doc\ft_ps1.txt","ft_ps1.txt",".txt","2187","0.002","03/11/47 08:50:06 م"
"06_portable_tools\PortableGit-2.54.0-64-bit\usr\share\vim\vim92\doc\ft_raku.txt","D:\zzipp\جي بي\الكميرا\_organized_generation_workspace_20260612\06_portable_tools\PortableGit-2.54.0-64-bit\usr\share\vim\vim92\doc\ft_raku.txt","ft_raku.txt",".txt","4219","0.004","03/11/47 08:50:06 م"
"06_portable_tools\PortableGit-2.54.0-64-bit\usr\share\vim\vim92\doc\ft_rust.txt","D:\zzipp\جي بي\الكميرا\_organized_generation_workspace_20260612\06_portable_tools\PortableGit-2.54.0-64-bit\usr\share\vim\vim92\doc\ft_rust.txt","ft_rust.txt",".txt","16806","0.016","03/11/47 08:50:06 م"
"06_portable_tools\PortableGit-2.54.0-64-bit\usr\share\vim\vim92\doc\ft_sql.txt","D:\zzipp\جي بي\الكميرا\_organized_generation_workspace_20260612\06_portable_tools\PortableGit-2.54.0-64-bit\usr\share\vim\vim92\doc\ft_sql.txt","ft_sql.txt",".txt","30665","0.029","03/11/47 08:50:06 م"
"06_portable_tools\PortableGit-2.54.0-64-bit\usr\share\vim\vim92\doc\gui_w32.txt","D:\zzipp\جي بي\الكميرا\_organized_generation_workspace_20260612\06_portable_tools\PortableGit-2.54.0-64-bit\usr\share\vim\vim92\doc\gui_w32.txt","gui_w32.txt",".txt","21961","0.021","03/11/47 08:50:06 م"
"06_portable_tools\PortableGit-2.54.0-64-bit\usr\share\vim\vim92\doc\gui_x11.txt","D:\zzipp\جي بي\الكميرا\_organized_generation_workspace_20260612\06_portable_tools\PortableGit-2.54.0-64-bit\usr\share\vim\vim92\doc\gui_x11.txt","gui_x11.txt",".txt","30911","0.029","03/11/47 08:50:06 م"
"06_portable_tools\PortableGit-2.54.0-64-bit\usr\share\vim\vim92\doc\gui.txt","D:\zzipp\جي بي\الكميرا\_organized_generation_workspace_20260612\06_portable_tools\PortableGit-2.54.0-64-bit\usr\share\vim\vim92\doc\gui.txt","gui.txt",".txt","54432","0.052","03/11/47 08:50:06 م"
"06_portable_tools\PortableGit-2.54.0-64-bit\usr\share\vim\vim92\doc\hangulin.txt","D:\zzipp\جي بي\الكميرا\_organized_generation_workspace_20260612\06_portable_tools\PortableGit-2.54.0-64-bit\usr\share\vim\vim92\doc\hangulin.txt","hangulin.txt",".txt","597","0.001","03/11/47 08:50:06 م"
"06_portable_tools\PortableGit-2.54.0-64-bit\usr\share\vim\vim92\doc\hebrew.txt","D:\zzipp\جي بي\الكميرا\_organized_generation_workspace_20260612\06_portable_tools\PortableGit-2.54.0-64-bit\usr\share\vim\vim92\doc\hebrew.txt","hebrew.txt",".txt","5660","0.005","03/11/47 08:50:06 م"
"06_portable_tools\PortableGit-2.54.0-64-bit\usr\share\vim\vim92\doc\help.txt","D:\zzipp\جي بي\الكميرا\_organized_generation_workspace_20260612\06_portable_tools\PortableGit-2.54.0-64-bit\usr\share\vim\vim92\doc\help.txt","help.txt",".txt","9700","0.009","03/11/47 08:50:06 م"
"06_portable_tools\PortableGit-2.54.0-64-bit\usr\share\vim\vim92\doc\helphelp.txt","D:\zzipp\جي بي\الكميرا\_organized_generation_workspace_20260612\06_portable_tools\PortableGit-2.54.0-64-bit\usr\share\vim\vim92\doc\helphelp.txt","helphelp.txt",".txt","20610","0.02","03/11/47 08:50:06 م"
"06_portable_tools\PortableGit-2.54.0-64-bit\usr\share\vim\vim92\doc\howto.txt","D:\zzipp\جي بي\الكميرا\_organized_generation_workspace_20260612\06_portable_tools\PortableGit-2.54.0-64-bit\usr\share\vim\vim92\doc\howto.txt","howto.txt",".txt","2892","0.003","03/11/47 08:50:06 م"
"06_portable_tools\PortableGit-2.54.0-64-bit\usr\share\vim\vim92\doc\if_cscop.txt","D:\zzipp\جي بي\الكميرا\_organized_generation_workspace_20260612\06_portable_tools\PortableGit-2.54.0-64-bit\usr\share\vim\vim92\doc\if_cscop.txt","if_cscop.txt",".txt","19336","0.018","03/11/47 08:50:06 م"
"06_portable_tools\PortableGit-2.54.0-64-bit\usr\share\vim\vim92\doc\if_lua.txt","D:\zzipp\جي بي\الكميرا\_organized_generation_workspace_20260612\06_portable_tools\PortableGit-2.54.0-64-bit\usr\share\vim\vim92\doc\if_lua.txt","if_lua.txt",".txt","18581","0.018","03/11/47 08:50:06 م"
"06_portable_tools\PortableGit-2.54.0-64-bit\usr\share\vim\vim92\doc\if_mzsch.txt","D:\zzipp\جي بي\الكميرا\_organized_generation_workspace_20260612\06_portable_tools\PortableGit-2.54.0-64-bit\usr\share\vim\vim92\doc\if_mzsch.txt","if_mzsch.txt",".txt","11966","0.011","03/11/47 08:50:06 م"
"06_portable_tools\PortableGit-2.54.0-64-bit\usr\share\vim\vim92\doc\if_ole.txt","D:\zzipp\جي بي\الكميرا\_organized_generation_workspace_20260612\06_portable_tools\PortableGit-2.54.0-64-bit\usr\share\vim\vim92\doc\if_ole.txt","if_ole.txt",".txt","7092","0.007","03/11/47 08:50:06 م"
"06_portable_tools\PortableGit-2.54.0-64-bit\usr\share\vim\vim92\doc\if_perl.txt","D:\zzipp\جي بي\الكميرا\_organized_generation_workspace_20260612\06_portable_tools\PortableGit-2.54.0-64-bit\usr\share\vim\vim92\doc\if_perl.txt","if_perl.txt",".txt","11265","0.011","03/11/47 08:50:06 م"
"06_portable_tools\PortableGit-2.54.0-64-bit\usr\share\vim\vim92\doc\if_pyth.txt","D:\zzipp\جي بي\الكميرا\_organized_generation_workspace_20260612\06_portable_tools\PortableGit-2.54.0-64-bit\usr\share\vim\vim92\doc\if_pyth.txt","if_pyth.txt",".txt","42355","0.04","03/11/47 08:50:06 م"
"06_portable_tools\PortableGit-2.54.0-64-bit\usr\share\vim\vim92\doc\if_ruby.txt","D:\zzipp\جي بي\الكميرا\_organized_generation_workspace_20260612\06_portable_tools\PortableGit-2.54.0-64-bit\usr\share\vim\vim92\doc\if_ruby.txt","if_ruby.txt",".txt","8517","0.008","03/11/47 08:50:06 م"
"06_portable_tools\PortableGit-2.54.0-64-bit\usr\share\vim\vim92\doc\if_sniff.txt","D:\zzipp\جي بي\الكميرا\_organized_generation_workspace_20260612\06_portable_tools\PortableGit-2.54.0-64-bit\usr\share\vim\vim92\doc\if_sniff.txt","if_sniff.txt",".txt","249","0","03/11/47 08:50:06 م"
"06_portable_tools\PortableGit-2.54.0-64-bit\usr\share\vim\vim92\doc\if_tcl.txt","D:\zzipp\جي بي\الكميرا\_organized_generation_workspace_20260612\06_portable_tools\PortableGit-2.54.0-64-bit\usr\share\vim\vim92\doc\if_tcl.txt","if_tcl.txt",".txt","22975","0.022","03/11/47 08:50:06 م"
"06_portable_tools\PortableGit-2.54.0-64-bit\usr\share\vim\vim92\doc\indent.txt","D:\zzipp\جي بي\الكميرا\_organized_generation_workspace_20260612\06_portable_tools\PortableGit-2.54.0-64-bit\usr\share\vim\vim92\doc\indent.txt","indent.txt",".txt","44900","0.043","03/11/47 08:50:06 م"
"06_portable_tools\PortableGit-2.54.0-64-bit\usr\share\vim\vim92\doc\index.txt","D:\zzipp\جي بي\الكميرا\_organized_generation_workspace_20260612\06_portable_tools\PortableGit-2.54.0-64-bit\usr\share\vim\vim92\doc\index.txt","index.txt",".txt","83355","0.079","03/11/47 08:50:06 م"
"06_portable_tools\PortableGit-2.54.0-64-bit\usr\share\vim\vim92\doc\insert.txt","D:\zzipp\جي بي\الكميرا\_organized_generation_workspace_20260612\06_portable_tools\PortableGit-2.54.0-64-bit\usr\share\vim\vim92\doc\insert.txt","insert.txt",".txt","92287","0.088","03/11/47 08:50:06 م"
"06_portable_tools\PortableGit-2.54.0-64-bit\usr\share\vim\vim92\doc\intro.txt","D:\zzipp\جي بي\الكميرا\_organized_generation_workspace_20260612\06_portable_tools\PortableGit-2.54.0-64-bit\usr\share\vim\vim92\doc\intro.txt","intro.txt",".txt","40165","0.038","03/11/47 08:50:06 م"
"06_portable_tools\PortableGit-2.54.0-64-bit\usr\share\vim\vim92\doc\map.txt","D:\zzipp\جي بي\الكميرا\_organized_generation_workspace_20260612\06_portable_tools\PortableGit-2.54.0-64-bit\usr\share\vim\vim92\doc\map.txt","map.txt",".txt","82319","0.079","03/11/47 08:50:06 م"
"06_portable_tools\PortableGit-2.54.0-64-bit\usr\share\vim\vim92\doc\mbyte.txt","D:\zzipp\جي بي\الكميرا\_organized_generation_workspace_20260612\06_portable_tools\PortableGit-2.54.0-64-bit\usr\share\vim\vim92\doc\mbyte.txt","mbyte.txt",".txt","60193","0.057","03/11/47 08:50:06 م"
"06_portable_tools\PortableGit-2.54.0-64-bit\usr\share\vim\vim92\doc\message.txt","D:\zzipp\جي بي\الكميرا\_organized_generation_workspace_20260612\06_portable_tools\PortableGit-2.54.0-64-bit\usr\share\vim\vim92\doc\message.txt","message.txt",".txt","33036","0.032","03/11/47 08:50:06 م"
"06_portable_tools\PortableGit-2.54.0-64-bit\usr\share\vim\vim92\doc\mlang.txt","D:\zzipp\جي بي\الكميرا\_organized_generation_workspace_20260612\06_portable_tools\PortableGit-2.54.0-64-bit\usr\share\vim\vim92\doc\mlang.txt","mlang.txt",".txt","8229","0.008","03/11/47 08:50:06 م"
"06_portable_tools\PortableGit-2.54.0-64-bit\usr\share\vim\vim92\doc\motion.txt","D:\zzipp\جي بي\الكميرا\_organized_generation_workspace_20260612\06_portable_tools\PortableGit-2.54.0-64-bit\usr\share\vim\vim92\doc\motion.txt","motion.txt",".txt","55087","0.053","03/11/47 08:50:06 م"
"06_portable_tools\PortableGit-2.54.0-64-bit\usr\share\vim\vim92\doc\netbeans.txt","D:\zzipp\جي بي\الكميرا\_organized_generation_workspace_20260612\06_portable_tools\PortableGit-2.54.0-64-bit\usr\share\vim\vim92\doc\netbeans.txt","netbeans.txt",".txt","38092","0.036","03/11/47 08:50:06 م"
"06_portable_tools\PortableGit-2.54.0-64-bit\usr\share\vim\vim92\doc\options.txt","D:\zzipp\جي بي\الكميرا\_organized_generation_workspace_20260612\06_portable_tools\PortableGit-2.54.0-64-bit\usr\share\vim\vim92\doc\options.txt","options.txt",".txt","464615","0.443","03/11/47 08:50:06 م"
"06_portable_tools\PortableGit-2.54.0-64-bit\usr\share\vim\vim92\doc\os_390.txt","D:\zzipp\جي بي\الكميرا\_organized_generation_workspace_20260612\06_portable_tools\PortableGit-2.54.0-64-bit\usr\share\vim\vim92\doc\os_390.txt","os_390.txt",".txt","4735","0.005","03/11/47 08:50:06 م"
"06_portable_tools\PortableGit-2.54.0-64-bit\usr\share\vim\vim92\doc\os_amiga.txt","D:\zzipp\جي بي\الكميرا\_organized_generation_workspace_20260612\06_portable_tools\PortableGit-2.54.0-64-bit\usr\share\vim\vim92\doc\os_amiga.txt","os_amiga.txt",".txt","5763","0.005","03/11/47 08:50:06 م"
"06_portable_tools\PortableGit-2.54.0-64-bit\usr\share\vim\vim92\doc\os_beos.txt","D:\zzipp\جي بي\الكميرا\_organized_generation_workspace_20260612\06_portable_tools\PortableGit-2.54.0-64-bit\usr\share\vim\vim92\doc\os_beos.txt","os_beos.txt",".txt","292","0","03/11/47 08:50:06 م"
"06_portable_tools\PortableGit-2.54.0-64-bit\usr\share\vim\vim92\doc\os_dos.txt","D:\zzipp\جي بي\الكميرا\_organized_generation_workspace_20260612\06_portable_tools\PortableGit-2.54.0-64-bit\usr\share\vim\vim92\doc\os_dos.txt","os_dos.txt",".txt","15699","0.015","03/11/47 08:50:06 م"
"06_portable_tools\PortableGit-2.54.0-64-bit\usr\share\vim\vim92\doc\os_haiku.txt","D:\zzipp\جي بي\الكميرا\_organized_generation_workspace_20260612\06_portable_tools\PortableGit-2.54.0-64-bit\usr\share\vim\vim92\doc\os_haiku.txt","os_haiku.txt",".txt","8842","0.008","03/11/47 08:50:06 م"
"06_portable_tools\PortableGit-2.54.0-64-bit\usr\share\vim\vim92\doc\os_mac.txt","D:\zzipp\جي بي\الكميرا\_organized_generation_workspace_20260612\06_portable_tools\PortableGit-2.54.0-64-bit\usr\share\vim\vim92\doc\os_mac.txt","os_mac.txt",".txt","7001","0.007","03/11/47 08:50:04 م"
"06_portable_tools\PortableGit-2.54.0-64-bit\usr\share\vim\vim92\doc\os_mint.txt","D:\zzipp\جي بي\الكميرا\_organized_generation_workspace_20260612\06_portable_tools\PortableGit-2.54.0-64-bit\usr\share\vim\vim92\doc\os_mint.txt","os_mint.txt",".txt","389","0","03/11/47 08:50:04 م"
"06_portable_tools\PortableGit-2.54.0-64-bit\usr\share\vim\vim92\doc\os_msdos.txt","D:\zzipp\جي بي\الكميرا\_organized_generation_workspace_20260612\06_portable_tools\PortableGit-2.54.0-64-bit\usr\share\vim\vim92\doc\os_msdos.txt","os_msdos.txt",".txt","521","0","03/11/47 08:50:04 م"
"06_portable_tools\PortableGit-2.54.0-64-bit\usr\share\vim\vim92\doc\os_os2.txt","D:\zzipp\جي بي\الكميرا\_organized_generation_workspace_20260612\06_portable_tools\PortableGit-2.54.0-64-bit\usr\share\vim\vim92\doc\os_os2.txt","os_os2.txt",".txt","295","0","03/11/47 08:50:04 م"
"06_portable_tools\PortableGit-2.54.0-64-bit\usr\share\vim\vim92\doc\os_qnx.txt","D:\zzipp\جي بي\الكميرا\_organized_generation_workspace_20260612\06_portable_tools\PortableGit-2.54.0-64-bit\usr\share\vim\vim92\doc\os_qnx.txt","os_qnx.txt",".txt","4052","0.004","03/11/47 08:50:04 م"
"06_portable_tools\PortableGit-2.54.0-64-bit\usr\share\vim\vim92\doc\os_risc.txt","D:\zzipp\جي بي\الكميرا\_organized_generation_workspace_20260612\06_portable_tools\PortableGit-2.54.0-64-bit\usr\share\vim\vim92\doc\os_risc.txt","os_risc.txt",".txt","325","0","03/11/47 08:50:04 م"
"06_portable_tools\PortableGit-2.54.0-64-bit\usr\share\vim\vim92\doc\os_unix.txt","D:\zzipp\جي بي\الكميرا\_organized_generation_workspace_20260612\06_portable_tools\PortableGit-2.54.0-64-bit\usr\share\vim\vim92\doc\os_unix.txt","os_unix.txt",".txt","2604","0.002","03/11/47 08:50:04 م"
"06_portable_tools\PortableGit-2.54.0-64-bit\usr\share\vim\vim92\doc\os_vms.txt","D:\zzipp\جي بي\الكميرا\_organized_generation_workspace_20260612\06_portable_tools\PortableGit-2.54.0-64-bit\usr\share\vim\vim92\doc\os_vms.txt","os_vms.txt",".txt","33876","0.032","03/11/47 08:50:04 م"
"06_portable_tools\PortableGit-2.54.0-64-bit\usr\share\vim\vim92\doc\os_win32.txt","D:\zzipp\جي بي\الكميرا\_organized_generation_workspace_20260612\06_portable_tools\PortableGit-2.54.0-64-bit\usr\share\vim\vim92\doc\os_win32.txt","os_win32.txt",".txt","15541","0.015","03/11/47 08:50:04 م"
"06_portable_tools\PortableGit-2.54.0-64-bit\usr\share\vim\vim92\doc\pattern.txt","D:\zzipp\جي بي\الكميرا\_organized_generation_workspace_20260612\06_portable_tools\PortableGit-2.54.0-64-bit\usr\share\vim\vim92\doc\pattern.txt","pattern.txt",".txt","65634","0.063","03/11/47 08:50:04 م"
"06_portable_tools\PortableGit-2.54.0-64-bit\usr\share\vim\vim92\doc\pi_getscript.txt","D:\zzipp\جي بي\الكميرا\_organized_generation_workspace_20260612\06_portable_tools\PortableGit-2.54.0-64-bit\usr\share\vim\vim92\doc\pi_getscript.txt","pi_getscript.txt",".txt","22559","0.022","03/11/47 08:50:04 م"
"06_portable_tools\PortableGit-2.54.0-64-bit\usr\share\vim\vim92\doc\pi_gzip.txt","D:\zzipp\جي بي\الكميرا\_organized_generation_workspace_20260612\06_portable_tools\PortableGit-2.54.0-64-bit\usr\share\vim\vim92\doc\pi_gzip.txt","pi_gzip.txt",".txt","1570","0.001","03/11/47 08:50:04 م"
"06_portable_tools\PortableGit-2.54.0-64-bit\usr\share\vim\vim92\doc\pi_logipat.txt","D:\zzipp\جي بي\الكميرا\_organized_generation_workspace_20260612\06_portable_tools\PortableGit-2.54.0-64-bit\usr\share\vim\vim92\doc\pi_logipat.txt","pi_logipat.txt",".txt","4196","0.004","03/11/47 08:50:04 م"
"06_portable_tools\PortableGit-2.54.0-64-bit\usr\share\vim\vim92\doc\pi_netrw.txt","D:\zzipp\جي بي\الكميرا\_organized_generation_workspace_20260612\06_portable_tools\PortableGit-2.54.0-64-bit\usr\share\vim\vim92\doc\pi_netrw.txt","pi_netrw.txt",".txt","147298","0.14","03/11/47 08:50:04 م"
"06_portable_tools\PortableGit-2.54.0-64-bit\usr\share\vim\vim92\doc\pi_paren.txt","D:\zzipp\جي بي\الكميرا\_organized_generation_workspace_20260612\06_portable_tools\PortableGit-2.54.0-64-bit\usr\share\vim\vim92\doc\pi_paren.txt","pi_paren.txt",".txt","2812","0.003","03/11/47 08:50:04 م"
"06_portable_tools\PortableGit-2.54.0-64-bit\usr\share\vim\vim92\doc\pi_spec.txt","D:\zzipp\جي بي\الكميرا\_organized_generation_workspace_20260612\06_portable_tools\PortableGit-2.54.0-64-bit\usr\share\vim\vim92\doc\pi_spec.txt","pi_spec.txt",".txt","4127","0.004","03/11/47 08:50:04 م"
"06_portable_tools\PortableGit-2.54.0-64-bit\usr\share\vim\vim92\doc\pi_tar.txt","D:\zzipp\جي بي\الكميرا\_organized_generation_workspace_20260612\06_portable_tools\PortableGit-2.54.0-64-bit\usr\share\vim\vim92\doc\pi_tar.txt","pi_tar.txt",".txt","7560","0.007","03/11/47 08:50:04 م"
"06_portable_tools\PortableGit-2.54.0-64-bit\usr\share\vim\vim92\doc\pi_tutor.txt","D:\zzipp\جي بي\الكميرا\_organized_generation_workspace_20260612\06_portable_tools\PortableGit-2.54.0-64-bit\usr\share\vim\vim92\doc\pi_tutor.txt","pi_tutor.txt",".txt","2050","0.002","03/11/47 08:50:04 م"
"06_portable_tools\PortableGit-2.54.0-64-bit\usr\share\vim\vim92\doc\pi_vimball.txt","D:\zzipp\جي بي\الكميرا\_organized_generation_workspace_20260612\06_portable_tools\PortableGit-2.54.0-64-bit\usr\share\vim\vim92\doc\pi_vimball.txt","pi_vimball.txt",".txt","11289","0.011","03/11/47 08:50:04 م"
"06_portable_tools\PortableGit-2.54.0-64-bit\usr\share\vim\vim92\doc\pi_zip.txt","D:\zzipp\جي بي\الكميرا\_organized_generation_workspace_20260612\06_portable_tools\PortableGit-2.54.0-64-bit\usr\share\vim\vim92\doc\pi_zip.txt","pi_zip.txt",".txt","9371","0.009","03/11/47 08:50:04 م"
"06_portable_tools\PortableGit-2.54.0-64-bit\usr\share\vim\vim92\doc\popup.txt","D:\zzipp\جي بي\الكميرا\_organized_generation_workspace_20260612\06_portable_tools\PortableGit-2.54.0-64-bit\usr\share\vim\vim92\doc\popup.txt","popup.txt",".txt","43530","0.042","03/11/47 08:50:04 م"
"06_portable_tools\PortableGit-2.54.0-64-bit\usr\share\vim\vim92\doc\print.txt","D:\zzipp\جي بي\الكميرا\_organized_generation_workspace_20260612\06_portable_tools\PortableGit-2.54.0-64-bit\usr\share\vim\vim92\doc\print.txt","print.txt",".txt","31274","0.03","03/11/47 08:50:04 م"
"06_portable_tools\PortableGit-2.54.0-64-bit\usr\share\vim\vim92\doc\quickfix.txt","D:\zzipp\جي بي\الكميرا\_organized_generation_workspace_20260612\06_portable_tools\PortableGit-2.54.0-64-bit\usr\share\vim\vim92\doc\quickfix.txt","quickfix.txt",".txt","101045","0.096","03/11/47 08:50:04 م"
"06_portable_tools\PortableGit-2.54.0-64-bit\usr\share\vim\vim92\doc\quickref.txt","D:\zzipp\جي بي\الكميرا\_organized_generation_workspace_20260612\06_portable_tools\PortableGit-2.54.0-64-bit\usr\share\vim\vim92\doc\quickref.txt","quickref.txt",".txt","74494","0.071","03/11/47 08:50:04 م"
"06_portable_tools\PortableGit-2.54.0-64-bit\usr\share\vim\vim92\doc\quotes.txt","D:\zzipp\جي بي\الكميرا\_organized_generation_workspace_20260612\06_portable_tools\PortableGit-2.54.0-64-bit\usr\share\vim\vim92\doc\quotes.txt","quotes.txt",".txt","12744","0.012","03/11/47 08:50:04 م"
"06_portable_tools\PortableGit-2.54.0-64-bit\usr\share\vim\vim92\doc\recover.txt","D:\zzipp\جي بي\الكميرا\_organized_generation_workspace_20260612\06_portable_tools\PortableGit-2.54.0-64-bit\usr\share\vim\vim92\doc\recover.txt","recover.txt",".txt","10725","0.01","03/11/47 08:50:04 م"
"06_portable_tools\PortableGit-2.54.0-64-bit\usr\share\vim\vim92\doc\remote.txt","D:\zzipp\جي بي\الكميرا\_organized_generation_workspace_20260612\06_portable_tools\PortableGit-2.54.0-64-bit\usr\share\vim\vim92\doc\remote.txt","remote.txt",".txt","12523","0.012","03/11/47 08:50:04 م"
"06_portable_tools\PortableGit-2.54.0-64-bit\usr\share\vim\vim92\doc\repeat.txt","D:\zzipp\جي بي\الكميرا\_organized_generation_workspace_20260612\06_portable_tools\PortableGit-2.54.0-64-bit\usr\share\vim\vim92\doc\repeat.txt","repeat.txt",".txt","59058","0.056","03/11/47 08:50:04 م"
"06_portable_tools\PortableGit-2.54.0-64-bit\usr\share\vim\vim92\doc\rileft.txt","D:\zzipp\جي بي\الكميرا\_organized_generation_workspace_20260612\06_portable_tools\PortableGit-2.54.0-64-bit\usr\share\vim\vim92\doc\rileft.txt","rileft.txt",".txt","5059","0.005","03/11/47 08:50:04 م"
"06_portable_tools\PortableGit-2.54.0-64-bit\usr\share\vim\vim92\doc\russian.txt","D:\zzipp\جي بي\الكميرا\_organized_generation_workspace_20260612\06_portable_tools\PortableGit-2.54.0-64-bit\usr\share\vim\vim92\doc\russian.txt","russian.txt",".txt","3016","0.003","03/11/47 08:50:04 م"
"06_portable_tools\PortableGit-2.54.0-64-bit\usr\share\vim\vim92\doc\scroll.txt","D:\zzipp\جي بي\الكميرا\_organized_generation_workspace_20260612\06_portable_tools\PortableGit-2.54.0-64-bit\usr\share\vim\vim92\doc\scroll.txt","scroll.txt",".txt","14457","0.014","03/11/47 08:50:04 م"
"06_portable_tools\PortableGit-2.54.0-64-bit\usr\share\vim\vim92\doc\sign.txt","D:\zzipp\جي بي\الكميرا\_organized_generation_workspace_20260612\06_portable_tools\PortableGit-2.54.0-64-bit\usr\share\vim\vim92\doc\sign.txt","sign.txt",".txt","27636","0.026","03/11/47 08:50:04 م"
"06_portable_tools\PortableGit-2.54.0-64-bit\usr\share\vim\vim92\doc\spell.txt","D:\zzipp\جي بي\الكميرا\_organized_generation_workspace_20260612\06_portable_tools\PortableGit-2.54.0-64-bit\usr\share\vim\vim92\doc\spell.txt","spell.txt",".txt","64399","0.061","03/11/47 08:50:04 م"
"06_portable_tools\PortableGit-2.54.0-64-bit\usr\share\vim\vim92\doc\sponsor.txt","D:\zzipp\جي بي\الكميرا\_organized_generation_workspace_20260612\06_portable_tools\PortableGit-2.54.0-64-bit\usr\share\vim\vim92\doc\sponsor.txt","sponsor.txt",".txt","2597","0.002","03/11/47 08:50:04 م"
"06_portable_tools\PortableGit-2.54.0-64-bit\usr\share\vim\vim92\doc\starting.txt","D:\zzipp\جي بي\الكميرا\_organized_generation_workspace_20260612\06_portable_tools\PortableGit-2.54.0-64-bit\usr\share\vim\vim92\doc\starting.txt","starting.txt",".txt","77799","0.074","03/11/47 08:50:04 م"
"06_portable_tools\PortableGit-2.54.0-64-bit\usr\share\vim\vim92\doc\syntax.txt","D:\zzipp\جي بي\الكميرا\_organized_generation_workspace_20260612\06_portable_tools\PortableGit-2.54.0-64-bit\usr\share\vim\vim92\doc\syntax.txt","syntax.txt",".txt","260215","0.248","03/11/47 08:50:04 م"
"06_portable_tools\PortableGit-2.54.0-64-bit\usr\share\vim\vim92\doc\tabpage.txt","D:\zzipp\جي بي\الكميرا\_organized_generation_workspace_20260612\06_portable_tools\PortableGit-2.54.0-64-bit\usr\share\vim\vim92\doc\tabpage.txt","tabpage.txt",".txt","19903","0.019","03/11/47 08:50:04 م"
"06_portable_tools\PortableGit-2.54.0-64-bit\usr\share\vim\vim92\doc\tagsrch.txt","D:\zzipp\جي بي\الكميرا\_organized_generation_workspace_20260612\06_portable_tools\PortableGit-2.54.0-64-bit\usr\share\vim\vim92\doc\tagsrch.txt","tagsrch.txt",".txt","41065","0.039","03/11/47 08:50:04 م"
"06_portable_tools\PortableGit-2.54.0-64-bit\usr\share\vim\vim92\doc\term.txt","D:\zzipp\جي بي\الكميرا\_organized_generation_workspace_20260612\06_portable_tools\PortableGit-2.54.0-64-bit\usr\share\vim\vim92\doc\term.txt","term.txt",".txt","56394","0.054","03/11/47 08:50:04 م"
"06_portable_tools\PortableGit-2.54.0-64-bit\usr\share\vim\vim92\doc\terminal.txt","D:\zzipp\جي بي\الكميرا\_organized_generation_workspace_20260612\06_portable_tools\PortableGit-2.54.0-64-bit\usr\share\vim\vim92\doc\terminal.txt","terminal.txt",".txt","74049","0.071","03/11/47 08:50:04 م"
"06_portable_tools\PortableGit-2.54.0-64-bit\usr\share\vim\vim92\doc\testing.txt","D:\zzipp\جي بي\الكميرا\_organized_generation_workspace_20260612\06_portable_tools\PortableGit-2.54.0-64-bit\usr\share\vim\vim92\doc\testing.txt","testing.txt",".txt","24496","0.023","03/11/47 08:50:04 م"
"06_portable_tools\PortableGit-2.54.0-64-bit\usr\share\vim\vim92\doc\textprop.txt","D:\zzipp\جي بي\الكميرا\_organized_generation_workspace_20260612\06_portable_tools\PortableGit-2.54.0-64-bit\usr\share\vim\vim92\doc\textprop.txt","textprop.txt",".txt","20699","0.02","03/11/47 08:50:04 م"
"06_portable_tools\PortableGit-2.54.0-64-bit\usr\share\vim\vim92\doc\tips.txt","D:\zzipp\جي بي\الكميرا\_organized_generation_workspace_20260612\06_portable_tools\PortableGit-2.54.0-64-bit\usr\share\vim\vim92\doc\tips.txt","tips.txt",".txt","21353","0.02","03/11/47 08:50:04 م"
"06_portable_tools\PortableGit-2.54.0-64-bit\usr\share\vim\vim92\doc\todo.txt","D:\zzipp\جي بي\الكميرا\_organized_generation_workspace_20260612\06_portable_tools\PortableGit-2.54.0-64-bit\usr\share\vim\vim92\doc\todo.txt","todo.txt",".txt","308332","0.294","03/11/47 08:50:04 م"
"06_portable_tools\PortableGit-2.54.0-64-bit\usr\share\vim\vim92\doc\uganda.txt","D:\zzipp\جي بي\الكميرا\_organized_generation_workspace_20260612\06_portable_tools\PortableGit-2.54.0-64-bit\usr\share\vim\vim92\doc\uganda.txt","uganda.txt",".txt","12177","0.012","03/11/47 08:50:04 م"
"06_portable_tools\PortableGit-2.54.0-64-bit\usr\share\vim\vim92\doc\undo.txt","D:\zzipp\جي بي\الكميرا\_organized_generation_workspace_20260612\06_portable_tools\PortableGit-2.54.0-64-bit\usr\share\vim\vim92\doc\undo.txt","undo.txt",".txt","17858","0.017","03/11/47 08:50:04 م"
"06_portable_tools\PortableGit-2.54.0-64-bit\usr\share\vim\vim92\doc\userfunc.txt","D:\zzipp\جي بي\الكميرا\_organized_generation_workspace_20260612\06_portable_tools\PortableGit-2.54.0-64-bit\usr\share\vim\vim92\doc\userfunc.txt","userfunc.txt",".txt","20831","0.02","03/11/47 08:50:04 م"
"06_portable_tools\PortableGit-2.54.0-64-bit\usr\share\vim\vim92\doc\usr_01.txt","D:\zzipp\جي بي\الكميرا\_organized_generation_workspace_20260612\06_portable_tools\PortableGit-2.54.0-64-bit\usr\share\vim\vim92\doc\usr_01.txt","usr_01.txt",".txt","7322","0.007","03/11/47 08:50:04 م"
"06_portable_tools\PortableGit-2.54.0-64-bit\usr\share\vim\vim92\doc\usr_02.txt","D:\zzipp\جي بي\الكميرا\_organized_generation_workspace_20260612\06_portable_tools\PortableGit-2.54.0-64-bit\usr\share\vim\vim92\doc\usr_02.txt","usr_02.txt",".txt","24452","0.023","03/11/47 08:50:04 م"
"06_portable_tools\PortableGit-2.54.0-64-bit\usr\share\vim\vim92\doc\usr_03.txt","D:\zzipp\جي بي\الكميرا\_organized_generation_workspace_20260612\06_portable_tools\PortableGit-2.54.0-64-bit\usr\share\vim\vim92\doc\usr_03.txt","usr_03.txt",".txt","23934","0.023","03/11/47 08:50:04 م"
"06_portable_tools\PortableGit-2.54.0-64-bit\usr\share\vim\vim92\doc\usr_04.txt","D:\zzipp\جي بي\الكميرا\_organized_generation_workspace_20260612\06_portable_tools\PortableGit-2.54.0-64-bit\usr\share\vim\vim92\doc\usr_04.txt","usr_04.txt",".txt","19131","0.018","03/11/47 08:50:04 م"
"06_portable_tools\PortableGit-2.54.0-64-bit\usr\share\vim\vim92\doc\usr_05.txt","D:\zzipp\جي بي\الكميرا\_organized_generation_workspace_20260612\06_portable_tools\PortableGit-2.54.0-64-bit\usr\share\vim\vim92\doc\usr_05.txt","usr_05.txt",".txt","31070","0.03","03/11/47 08:50:04 م"
"06_portable_tools\PortableGit-2.54.0-64-bit\usr\share\vim\vim92\doc\usr_06.txt","D:\zzipp\جي بي\الكميرا\_organized_generation_workspace_20260612\06_portable_tools\PortableGit-2.54.0-64-bit\usr\share\vim\vim92\doc\usr_06.txt","usr_06.txt",".txt","10641","0.01","03/11/47 08:50:04 م"
"06_portable_tools\PortableGit-2.54.0-64-bit\usr\share\vim\vim92\doc\usr_07.txt","D:\zzipp\جي بي\الكميرا\_organized_generation_workspace_20260612\06_portable_tools\PortableGit-2.54.0-64-bit\usr\share\vim\vim92\doc\usr_07.txt","usr_07.txt",".txt","15995","0.015","03/11/47 08:50:04 م"
"06_portable_tools\PortableGit-2.54.0-64-bit\usr\share\vim\vim92\doc\usr_08.txt","D:\zzipp\جي بي\الكميرا\_organized_generation_workspace_20260612\06_portable_tools\PortableGit-2.54.0-64-bit\usr\share\vim\vim92\doc\usr_08.txt","usr_08.txt",".txt","19467","0.019","03/11/47 08:50:04 م"
"06_portable_tools\PortableGit-2.54.0-64-bit\usr\share\vim\vim92\doc\usr_09.txt","D:\zzipp\جي بي\الكميرا\_organized_generation_workspace_20260612\06_portable_tools\PortableGit-2.54.0-64-bit\usr\share\vim\vim92\doc\usr_09.txt","usr_09.txt",".txt","11502","0.011","03/11/47 08:50:04 م"
"06_portable_tools\PortableGit-2.54.0-64-bit\usr\share\vim\vim92\doc\usr_10.txt","D:\zzipp\جي بي\الكميرا\_organized_generation_workspace_20260612\06_portable_tools\PortableGit-2.54.0-64-bit\usr\share\vim\vim92\doc\usr_10.txt","usr_10.txt",".txt","29618","0.028","03/11/47 08:50:04 م"
"06_portable_tools\PortableGit-2.54.0-64-bit\usr\share\vim\vim92\doc\usr_11.txt","D:\zzipp\جي بي\الكميرا\_organized_generation_workspace_20260612\06_portable_tools\PortableGit-2.54.0-64-bit\usr\share\vim\vim92\doc\usr_11.txt","usr_11.txt",".txt","13027","0.012","03/11/47 08:50:04 م"
"06_portable_tools\PortableGit-2.54.0-64-bit\usr\share\vim\vim92\doc\usr_12.txt","D:\zzipp\جي بي\الكميرا\_organized_generation_workspace_20260612\06_portable_tools\PortableGit-2.54.0-64-bit\usr\share\vim\vim92\doc\usr_12.txt","usr_12.txt",".txt","13433","0.013","03/11/47 08:50:04 م"
"06_portable_tools\PortableGit-2.54.0-64-bit\usr\share\vim\vim92\doc\usr_20.txt","D:\zzipp\جي بي\الكميرا\_organized_generation_workspace_20260612\06_portable_tools\PortableGit-2.54.0-64-bit\usr\share\vim\vim92\doc\usr_20.txt","usr_20.txt",".txt","13733","0.013","03/11/47 08:50:04 م"
"06_portable_tools\PortableGit-2.54.0-64-bit\usr\share\vim\vim92\doc\usr_21.txt","D:\zzipp\جي بي\الكميرا\_organized_generation_workspace_20260612\06_portable_tools\PortableGit-2.54.0-64-bit\usr\share\vim\vim92\doc\usr_21.txt","usr_21.txt",".txt","18976","0.018","03/11/47 08:50:04 م"
"06_portable_tools\PortableGit-2.54.0-64-bit\usr\share\vim\vim92\doc\usr_22.txt","D:\zzipp\جي بي\الكميرا\_organized_generation_workspace_20260612\06_portable_tools\PortableGit-2.54.0-64-bit\usr\share\vim\vim92\doc\usr_22.txt","usr_22.txt",".txt","14254","0.014","03/11/47 08:50:04 م"
"06_portable_tools\PortableGit-2.54.0-64-bit\usr\share\vim\vim92\doc\usr_23.txt","D:\zzipp\جي بي\الكميرا\_organized_generation_workspace_20260612\06_portable_tools\PortableGit-2.54.0-64-bit\usr\share\vim\vim92\doc\usr_23.txt","usr_23.txt",".txt","12751","0.012","03/11/47 08:50:04 م"
"06_portable_tools\PortableGit-2.54.0-64-bit\usr\share\vim\vim92\doc\usr_24.txt","D:\zzipp\جي بي\الكميرا\_organized_generation_workspace_20260612\06_portable_tools\PortableGit-2.54.0-64-bit\usr\share\vim\vim92\doc\usr_24.txt","usr_24.txt",".txt","20908","0.02","03/11/47 08:50:04 م"
"06_portable_tools\PortableGit-2.54.0-64-bit\usr\share\vim\vim92\doc\usr_25.txt","D:\zzipp\جي بي\الكميرا\_organized_generation_workspace_20260612\06_portable_tools\PortableGit-2.54.0-64-bit\usr\share\vim\vim92\doc\usr_25.txt","usr_25.txt",".txt","19423","0.019","03/11/47 08:50:04 م"
"06_portable_tools\PortableGit-2.54.0-64-bit\usr\share\vim\vim92\doc\usr_26.txt","D:\zzipp\جي بي\الكميرا\_organized_generation_workspace_20260612\06_portable_tools\PortableGit-2.54.0-64-bit\usr\share\vim\vim92\doc\usr_26.txt","usr_26.txt",".txt","8259","0.008","03/11/47 08:50:04 م"
"06_portable_tools\PortableGit-2.54.0-64-bit\usr\share\vim\vim92\doc\usr_27.txt","D:\zzipp\جي بي\الكميرا\_organized_generation_workspace_20260612\06_portable_tools\PortableGit-2.54.0-64-bit\usr\share\vim\vim92\doc\usr_27.txt","usr_27.txt",".txt","17782","0.017","03/11/47 08:50:04 م"
"06_portable_tools\PortableGit-2.54.0-64-bit\usr\share\vim\vim92\doc\usr_28.txt","D:\zzipp\جي بي\الكميرا\_organized_generation_workspace_20260612\06_portable_tools\PortableGit-2.54.0-64-bit\usr\share\vim\vim92\doc\usr_28.txt","usr_28.txt",".txt","16020","0.015","03/11/47 08:50:04 م"
"06_portable_tools\PortableGit-2.54.0-64-bit\usr\share\vim\vim92\doc\usr_29.txt","D:\zzipp\جي بي\الكميرا\_organized_generation_workspace_20260612\06_portable_tools\PortableGit-2.54.0-64-bit\usr\share\vim\vim92\doc\usr_29.txt","usr_29.txt",".txt","20255","0.019","03/11/47 08:50:04 م"
"06_portable_tools\PortableGit-2.54.0-64-bit\usr\share\vim\vim92\doc\usr_30.txt","D:\zzipp\جي بي\الكميرا\_organized_generation_workspace_20260612\06_portable_tools\PortableGit-2.54.0-64-bit\usr\share\vim\vim92\doc\usr_30.txt","usr_30.txt",".txt","26014","0.025","03/11/47 08:50:04 م"
"06_portable_tools\PortableGit-2.54.0-64-bit\usr\share\vim\vim92\doc\usr_31.txt","D:\zzipp\جي بي\الكميرا\_organized_generation_workspace_20260612\06_portable_tools\PortableGit-2.54.0-64-bit\usr\share\vim\vim92\doc\usr_31.txt","usr_31.txt",".txt","10399","0.01","03/11/47 08:50:04 م"
"06_portable_tools\PortableGit-2.54.0-64-bit\usr\share\vim\vim92\doc\usr_32.txt","D:\zzipp\جي بي\الكميرا\_organized_generation_workspace_20260612\06_portable_tools\PortableGit-2.54.0-64-bit\usr\share\vim\vim92\doc\usr_32.txt","usr_32.txt",".txt","5378","0.005","03/11/47 08:50:04 م"
"06_portable_tools\PortableGit-2.54.0-64-bit\usr\share\vim\vim92\doc\usr_40.txt","D:\zzipp\جي بي\الكميرا\_organized_generation_workspace_20260612\06_portable_tools\PortableGit-2.54.0-64-bit\usr\share\vim\vim92\doc\usr_40.txt","usr_40.txt",".txt","23555","0.022","03/11/47 08:50:04 م"
"06_portable_tools\PortableGit-2.54.0-64-bit\usr\share\vim\vim92\doc\usr_41.txt","D:\zzipp\جي بي\الكميرا\_organized_generation_workspace_20260612\06_portable_tools\PortableGit-2.54.0-64-bit\usr\share\vim\vim92\doc\usr_41.txt","usr_41.txt",".txt","69312","0.066","03/11/47 08:50:04 م"
"06_portable_tools\PortableGit-2.54.0-64-bit\usr\share\vim\vim92\doc\usr_42.txt","D:\zzipp\جي بي\الكميرا\_organized_generation_workspace_20260612\06_portable_tools\PortableGit-2.54.0-64-bit\usr\share\vim\vim92\doc\usr_42.txt","usr_42.txt",".txt","13853","0.013","03/11/47 08:50:04 م"
"06_portable_tools\PortableGit-2.54.0-64-bit\usr\share\vim\vim92\doc\usr_43.txt","D:\zzipp\جي بي\الكميرا\_organized_generation_workspace_20260612\06_portable_tools\PortableGit-2.54.0-64-bit\usr\share\vim\vim92\doc\usr_43.txt","usr_43.txt",".txt","7410","0.007","03/11/47 08:50:04 م"
"06_portable_tools\PortableGit-2.54.0-64-bit\usr\share\vim\vim92\doc\usr_44.txt","D:\zzipp\جي بي\الكميرا\_organized_generation_workspace_20260612\06_portable_tools\PortableGit-2.54.0-64-bit\usr\share\vim\vim92\doc\usr_44.txt","usr_44.txt",".txt","28948","0.028","03/11/47 08:50:04 م"
"06_portable_tools\PortableGit-2.54.0-64-bit\usr\share\vim\vim92\doc\usr_45.txt","D:\zzipp\جي بي\الكميرا\_organized_generation_workspace_20260612\06_portable_tools\PortableGit-2.54.0-64-bit\usr\share\vim\vim92\doc\usr_45.txt","usr_45.txt",".txt","17676","0.017","03/11/47 08:50:04 م"
"06_portable_tools\PortableGit-2.54.0-64-bit\usr\share\vim\vim92\doc\usr_50.txt","D:\zzipp\جي بي\الكميرا\_organized_generation_workspace_20260612\06_portable_tools\PortableGit-2.54.0-64-bit\usr\share\vim\vim92\doc\usr_50.txt","usr_50.txt",".txt","4554","0.004","03/11/47 08:50:04 م"
"06_portable_tools\PortableGit-2.54.0-64-bit\usr\share\vim\vim92\doc\usr_51.txt","D:\zzipp\جي بي\الكميرا\_organized_generation_workspace_20260612\06_portable_tools\PortableGit-2.54.0-64-bit\usr\share\vim\vim92\doc\usr_51.txt","usr_51.txt",".txt","25489","0.024","03/11/47 08:50:04 م"
"06_portable_tools\PortableGit-2.54.0-64-bit\usr\share\vim\vim92\doc\usr_52.txt","D:\zzipp\جي بي\الكميرا\_organized_generation_workspace_20260612\06_portable_tools\PortableGit-2.54.0-64-bit\usr\share\vim\vim92\doc\usr_52.txt","usr_52.txt",".txt","14839","0.014","03/11/47 08:50:04 م"
"06_portable_tools\PortableGit-2.54.0-64-bit\usr\share\vim\vim92\doc\usr_90.txt","D:\zzipp\جي بي\الكميرا\_organized_generation_workspace_20260612\06_portable_tools\PortableGit-2.54.0-64-bit\usr\share\vim\vim92\doc\usr_90.txt","usr_90.txt",".txt","15431","0.015","03/11/47 08:50:04 م"
"06_portable_tools\PortableGit-2.54.0-64-bit\usr\share\vim\vim92\doc\usr_toc.txt","D:\zzipp\جي بي\الكميرا\_organized_generation_workspace_20260612\06_portable_tools\PortableGit-2.54.0-64-bit\usr\share\vim\vim92\doc\usr_toc.txt","usr_toc.txt",".txt","9949","0.009","03/11/47 08:50:04 م"
"06_portable_tools\PortableGit-2.54.0-64-bit\usr\share\vim\vim92\doc\various.txt","D:\zzipp\جي بي\الكميرا\_organized_generation_workspace_20260612\06_portable_tools\PortableGit-2.54.0-64-bit\usr\share\vim\vim92\doc\various.txt","various.txt",".txt","34239","0.033","03/11/47 08:50:04 م"
"06_portable_tools\PortableGit-2.54.0-64-bit\usr\share\vim\vim92\doc\version4.txt","D:\zzipp\جي بي\الكميرا\_organized_generation_workspace_20260612\06_portable_tools\PortableGit-2.54.0-64-bit\usr\share\vim\vim92\doc\version4.txt","version4.txt",".txt","13891","0.013","03/11/47 08:50:04 م"
"06_portable_tools\PortableGit-2.54.0-64-bit\usr\share\vim\vim92\doc\version5.txt","D:\zzipp\جي بي\الكميرا\_organized_generation_workspace_20260612\06_portable_tools\PortableGit-2.54.0-64-bit\usr\share\vim\vim92\doc\version5.txt","version5.txt",".txt","308528","0.294","03/11/47 08:50:04 م"
"06_portable_tools\PortableGit-2.54.0-64-bit\usr\share\vim\vim92\doc\version6.txt","D:\zzipp\جي بي\الكميرا\_organized_generation_workspace_20260612\06_portable_tools\PortableGit-2.54.0-64-bit\usr\share\vim\vim92\doc\version6.txt","version6.txt",".txt","576952","0.55","03/11/47 08:50:04 م"
"06_portable_tools\PortableGit-2.54.0-64-bit\usr\share\vim\vim92\doc\version7.txt","D:\zzipp\جي بي\الكميرا\_organized_generation_workspace_20260612\06_portable_tools\PortableGit-2.54.0-64-bit\usr\share\vim\vim92\doc\version7.txt","version7.txt",".txt","674697","0.643","03/11/47 08:50:04 م"
"06_portable_tools\PortableGit-2.54.0-64-bit\usr\share\vim\vim92\doc\version8.txt","D:\zzipp\جي بي\الكميرا\_organized_generation_workspace_20260612\06_portable_tools\PortableGit-2.54.0-64-bit\usr\share\vim\vim92\doc\version8.txt","version8.txt",".txt","1599858","1.526","03/11/47 08:50:04 م"
"06_portable_tools\PortableGit-2.54.0-64-bit\usr\share\vim\vim92\doc\version9.txt","D:\zzipp\جي بي\الكميرا\_organized_generation_workspace_20260612\06_portable_tools\PortableGit-2.54.0-64-bit\usr\share\vim\vim92\doc\version9.txt","version9.txt",".txt","2031706","1.938","03/11/47 08:50:04 م"
"06_portable_tools\PortableGit-2.54.0-64-bit\usr\share\vim\vim92\doc\vi_diff.txt","D:\zzipp\جي بي\الكميرا\_organized_generation_workspace_20260612\06_portable_tools\PortableGit-2.54.0-64-bit\usr\share\vim\vim92\doc\vi_diff.txt","vi_diff.txt",".txt","58998","0.056","03/11/47 08:50:04 م"
"06_portable_tools\PortableGit-2.54.0-64-bit\usr\share\vim\vim92\doc\vietnamese.txt","D:\zzipp\جي بي\الكميرا\_organized_generation_workspace_20260612\06_portable_tools\PortableGit-2.54.0-64-bit\usr\share\vim\vim92\doc\vietnamese.txt","vietnamese.txt",".txt","3504","0.003","03/11/47 08:50:04 م"
"06_portable_tools\PortableGit-2.54.0-64-bit\usr\share\vim\vim92\doc\vim9.txt","D:\zzipp\جي بي\الكميرا\_organized_generation_workspace_20260612\06_portable_tools\PortableGit-2.54.0-64-bit\usr\share\vim\vim92\doc\vim9.txt","vim9.txt",".txt","136508","0.13","03/11/47 08:50:04 م"
"06_portable_tools\PortableGit-2.54.0-64-bit\usr\share\vim\vim92\doc\vim9class.txt","D:\zzipp\جي بي\الكميرا\_organized_generation_workspace_20260612\06_portable_tools\PortableGit-2.54.0-64-bit\usr\share\vim\vim92\doc\vim9class.txt","vim9class.txt",".txt","47821","0.046","03/11/47 08:50:04 م"
"06_portable_tools\PortableGit-2.54.0-64-bit\usr\share\vim\vim92\doc\visual.txt","D:\zzipp\جي بي\الكميرا\_organized_generation_workspace_20260612\06_portable_tools\PortableGit-2.54.0-64-bit\usr\share\vim\vim92\doc\visual.txt","visual.txt",".txt","22622","0.022","03/11/47 08:50:04 م"
"06_portable_tools\PortableGit-2.54.0-64-bit\usr\share\vim\vim92\doc\wayland.txt","D:\zzipp\جي بي\الكميرا\_organized_generation_workspace_20260612\06_portable_tools\PortableGit-2.54.0-64-bit\usr\share\vim\vim92\doc\wayland.txt","wayland.txt",".txt","5902","0.006","03/11/47 08:50:04 م"
"06_portable_tools\PortableGit-2.54.0-64-bit\usr\share\vim\vim92\doc\windows.txt","D:\zzipp\جي بي\الكميرا\_organized_generation_workspace_20260612\06_portable_tools\PortableGit-2.54.0-64-bit\usr\share\vim\vim92\doc\windows.txt","windows.txt",".txt","60321","0.058","03/11/47 08:50:04 م"
"06_portable_tools\PortableGit-2.54.0-64-bit\usr\share\vim\vim92\doc\workshop.txt","D:\zzipp\جي بي\الكميرا\_organized_generation_workspace_20260612\06_portable_tools\PortableGit-2.54.0-64-bit\usr\share\vim\vim92\doc\workshop.txt","workshop.txt",".txt","369","0","03/11/47 08:50:04 م"
"06_portable_tools\PortableGit-2.54.0-64-bit\usr\share\vim\vim92\tutor\README.el.txt","D:\zzipp\جي بي\الكميرا\_organized_generation_workspace_20260612\06_portable_tools\PortableGit-2.54.0-64-bit\usr\share\vim\vim92\tutor\README.el.txt","README.el.txt",".txt","1789","0.002","03/11/47 08:50:04 م"
"06_portable_tools\PortableGit-2.54.0-64-bit\usr\share\vim\vim92\tutor\README.ru.txt","D:\zzipp\جي بي\الكميرا\_organized_generation_workspace_20260612\06_portable_tools\PortableGit-2.54.0-64-bit\usr\share\vim\vim92\tutor\README.ru.txt","README.ru.txt",".txt","2756","0.003","03/11/47 08:50:04 م"
"06_portable_tools\PortableGit-2.54.0-64-bit\usr\share\vim\vim92\tutor\README.sv.txt","D:\zzipp\جي بي\الكميرا\_organized_generation_workspace_20260612\06_portable_tools\PortableGit-2.54.0-64-bit\usr\share\vim\vim92\tutor\README.sv.txt","README.sv.txt",".txt","1485","0.001","03/11/47 08:50:04 م"
"06_portable_tools\PortableGit-2.54.0-64-bit\usr\share\vim\vim92\tutor\README.txt","D:\zzipp\جي بي\الكميرا\_organized_generation_workspace_20260612\06_portable_tools\PortableGit-2.54.0-64-bit\usr\share\vim\vim92\tutor\README.txt","README.txt",".txt","1335","0.001","03/11/47 08:50:04 م"
"06_portable_tools\PortableGit-2.54.0-64-bit\usr\share\vim\vim92\tutor\tutor.tutor.json","D:\zzipp\جي بي\الكميرا\_organized_generation_workspace_20260612\06_portable_tools\PortableGit-2.54.0-64-bit\usr\share\vim\vim92\tutor\tutor.tutor.json","tutor.tutor.json",".json","1187","0.001","03/11/47 08:50:06 م"
"06_portable_tools\PortableGit-2.54.0-64-bit\usr\share\vim\vim92\tutor\en\vim-01-beginner.tutor.json","D:\zzipp\جي بي\الكميرا\_organized_generation_workspace_20260612\06_portable_tools\PortableGit-2.54.0-64-bit\usr\share\vim\vim92\tutor\en\vim-01-beginner.tutor.json","vim-01-beginner.tutor.json",".json","1783","0.002","03/11/47 08:50:04 م"
"06_portable_tools\PortableGit-2.54.0-64-bit\usr\share\vim\vim92\tutor\en\vim-02-beginner.tutor.json","D:\zzipp\جي بي\الكميرا\_organized_generation_workspace_20260612\06_portable_tools\PortableGit-2.54.0-64-bit\usr\share\vim\vim92\tutor\en\vim-02-beginner.tutor.json","vim-02-beginner.tutor.json",".json","316","0","03/11/47 08:50:04 م"
"06_portable_tools\PortableGit-2.54.0-64-bit\usr\share\vim\vim92\tutor\it\vim-01-beginner.tutor.json","D:\zzipp\جي بي\الكميرا\_organized_generation_workspace_20260612\06_portable_tools\PortableGit-2.54.0-64-bit\usr\share\vim\vim92\tutor\it\vim-01-beginner.tutor.json","vim-01-beginner.tutor.json",".json","1831","0.002","03/11/47 08:50:06 م"
"06_portable_tools\PortableGit-2.54.0-64-bit\usr\share\vim\vim92\tutor\ru\vim-01-beginner.tutor.json","D:\zzipp\جي بي\الكميرا\_organized_generation_workspace_20260612\06_portable_tools\PortableGit-2.54.0-64-bit\usr\share\vim\vim92\tutor\ru\vim-01-beginner.tutor.json","vim-01-beginner.tutor.json",".json","2766","0.003","03/11/47 08:50:06 م"
"06_portable_tools\PortableGit-2.54.0-64-bit\usr\share\vim\vim92\tutor\ru\vim-02-beginner.tutor.json","D:\zzipp\جي بي\الكميرا\_organized_generation_workspace_20260612\06_portable_tools\PortableGit-2.54.0-64-bit\usr\share\vim\vim92\tutor\ru\vim-02-beginner.tutor.json","vim-02-beginner.tutor.json",".json","396","0","03/11/47 08:50:06 م"
"06_portable_tools\PortableGit-2.54.0-64-bit\usr\share\vim\vim92\tutor\sr\vim-01-beginner.tutor.json","D:\zzipp\جي بي\الكميرا\_organized_generation_workspace_20260612\06_portable_tools\PortableGit-2.54.0-64-bit\usr\share\vim\vim92\tutor\sr\vim-01-beginner.tutor.json","vim-01-beginner.tutor.json",".json","2345","0.002","03/11/47 08:50:06 م"
"06_portable_tools\PortableGit-2.54.0-64-bit\usr\share\vim\vim92\tutor\sr\vim-02-beginner.tutor.json","D:\zzipp\جي بي\الكميرا\_organized_generation_workspace_20260612\06_portable_tools\PortableGit-2.54.0-64-bit\usr\share\vim\vim92\tutor\sr\vim-02-beginner.tutor.json","vim-02-beginner.tutor.json",".json","320","0","03/11/47 08:50:06 م"
"06_portable_tools\PortableGit-2.54.0-64-bit\usr\share\vim\vim92\tutor\sv\vim-01-beginner.tutor.json","D:\zzipp\جي بي\الكميرا\_organized_generation_workspace_20260612\06_portable_tools\PortableGit-2.54.0-64-bit\usr\share\vim\vim92\tutor\sv\vim-01-beginner.tutor.json","vim-01-beginner.tutor.json",".json","1867","0.002","03/11/47 08:50:06 م"
"06_portable_tools\PortableGit-2.54.0-64-bit\usr\share\vim\vim92\tutor\sv\vim-02-beginner.tutor.json","D:\zzipp\جي بي\الكميرا\_organized_generation_workspace_20260612\06_portable_tools\PortableGit-2.54.0-64-bit\usr\share\vim\vim92\tutor\sv\vim-02-beginner.tutor.json","vim-02-beginner.tutor.json",".json","325","0","03/11/47 08:50:06 م"
"06_portable_tools\PortableGit-2.54.0-64-bit\usr\share\vim\vim92\keymap\README.txt","D:\zzipp\جي بي\الكميرا\_organized_generation_workspace_20260612\06_portable_tools\PortableGit-2.54.0-64-bit\usr\share\vim\vim92\keymap\README.txt","README.txt",".txt","955","0.001","03/11/47 08:50:04 م"
"06_portable_tools\PortableGit-2.54.0-64-bit\usr\share\vim\vim92\plugin\README.txt","D:\zzipp\جي بي\الكميرا\_organized_generation_workspace_20260612\06_portable_tools\PortableGit-2.54.0-64-bit\usr\share\vim\vim92\plugin\README.txt","README.txt",".txt","837","0.001","03/11/47 08:50:04 م"
"06_portable_tools\PortableGit-2.54.0-64-bit\usr\share\vim\vim92\autoload\README.txt","D:\zzipp\جي بي\الكميرا\_organized_generation_workspace_20260612\06_portable_tools\PortableGit-2.54.0-64-bit\usr\share\vim\vim92\autoload\README.txt","README.txt",".txt","773","0.001","03/11/47 08:50:04 م"
"06_portable_tools\PortableGit-2.54.0-64-bit\usr\share\vim\vim92\lang\README.txt","D:\zzipp\جي بي\الكميرا\_organized_generation_workspace_20260612\06_portable_tools\PortableGit-2.54.0-64-bit\usr\share\vim\vim92\lang\README.txt","README.txt",".txt","1839","0.002","03/11/47 08:50:04 م"
"06_portable_tools\PortableGit-2.54.0-64-bit\usr\share\vim\vim92\syntax\README.txt","D:\zzipp\جي بي\الكميرا\_organized_generation_workspace_20260612\06_portable_tools\PortableGit-2.54.0-64-bit\usr\share\vim\vim92\syntax\README.txt","README.txt",".txt","1585","0.002","03/11/47 08:50:04 م"
"06_portable_tools\PortableGit-2.54.0-64-bit\usr\share\vim\vim92\syntax\shared\README.txt","D:\zzipp\جي بي\الكميرا\_organized_generation_workspace_20260612\06_portable_tools\PortableGit-2.54.0-64-bit\usr\share\vim\vim92\syntax\shared\README.txt","README.txt",".txt","122","0","03/11/47 08:50:06 م"
"06_portable_tools\PortableGit-2.54.0-64-bit\usr\share\vim\vim92\ftplugin\README.txt","D:\zzipp\جي بي\الكميرا\_organized_generation_workspace_20260612\06_portable_tools\PortableGit-2.54.0-64-bit\usr\share\vim\vim92\ftplugin\README.txt","README.txt",".txt","869","0.001","03/11/47 08:50:04 م"
"06_portable_tools\PortableGit-2.54.0-64-bit\usr\share\vim\vim92\colors\README.txt","D:\zzipp\جي بي\الكميرا\_organized_generation_workspace_20260612\06_portable_tools\PortableGit-2.54.0-64-bit\usr\share\vim\vim92\colors\README.txt","README.txt",".txt","4692","0.004","03/11/47 08:50:04 م"
"06_portable_tools\PortableGit-2.54.0-64-bit\usr\share\vim\vim92\compiler\README.txt","D:\zzipp\جي بي\الكميرا\_organized_generation_workspace_20260612\06_portable_tools\PortableGit-2.54.0-64-bit\usr\share\vim\vim92\compiler\README.txt","README.txt",".txt","539","0.001","03/11/47 08:50:04 م"
"06_portable_tools\PortableGit-2.54.0-64-bit\usr\share\vim\vim92\indent\README.txt","D:\zzipp\جي بي\الكميرا\_organized_generation_workspace_20260612\06_portable_tools\PortableGit-2.54.0-64-bit\usr\share\vim\vim92\indent\README.txt","README.txt",".txt","1784","0.002","03/11/47 08:50:04 م"
"06_portable_tools\PortableGit-2.54.0-64-bit\usr\share\licenses\libopenssl\LICENSE.txt","D:\zzipp\جي بي\الكميرا\_organized_generation_workspace_20260612\06_portable_tools\PortableGit-2.54.0-64-bit\usr\share\licenses\libopenssl\LICENSE.txt","LICENSE.txt",".txt","10175","0.01","03/11/47 08:50:04 م"
"06_portable_tools\PortableGit-2.54.0-64-bit\usr\share\licenses\vim\license.txt","D:\zzipp\جي بي\الكميرا\_organized_generation_workspace_20260612\06_portable_tools\PortableGit-2.54.0-64-bit\usr\share\licenses\vim\license.txt","license.txt",".txt","12177","0.012","03/11/47 08:50:04 م"
"06_portable_tools\PortableGit-2.54.0-64-bit\usr\share\perl5\core_perl\unicore\Blocks.txt","D:\zzipp\جي بي\الكميرا\_organized_generation_workspace_20260612\06_portable_tools\PortableGit-2.54.0-64-bit\usr\share\perl5\core_perl\unicore\Blocks.txt","Blocks.txt",".txt","11397","0.011","03/11/47 08:50:04 م"
"06_portable_tools\PortableGit-2.54.0-64-bit\usr\share\perl5\core_perl\unicore\NamedSequences.txt","D:\zzipp\جي بي\الكميرا\_organized_generation_workspace_20260612\06_portable_tools\PortableGit-2.54.0-64-bit\usr\share\perl5\core_perl\unicore\NamedSequences.txt","NamedSequences.txt",".txt","20876","0.02","03/11/47 08:50:04 م"
"06_portable_tools\PortableGit-2.54.0-64-bit\usr\share\perl5\core_perl\unicore\SpecialCasing.txt","D:\zzipp\جي بي\الكميرا\_organized_generation_workspace_20260612\06_portable_tools\PortableGit-2.54.0-64-bit\usr\share\perl5\core_perl\unicore\SpecialCasing.txt","SpecialCasing.txt",".txt","16809","0.016","03/11/47 08:50:04 م"
"06_portable_tools\PortableGit-2.54.0-64-bit\usr\share\gnupg\help.be.txt","D:\zzipp\جي بي\الكميرا\_organized_generation_workspace_20260612\06_portable_tools\PortableGit-2.54.0-64-bit\usr\share\gnupg\help.be.txt","help.be.txt",".txt","9741","0.009","03/11/47 08:50:06 م"
"06_portable_tools\PortableGit-2.54.0-64-bit\usr\share\gnupg\help.ca.txt","D:\zzipp\جي بي\الكميرا\_organized_generation_workspace_20260612\06_portable_tools\PortableGit-2.54.0-64-bit\usr\share\gnupg\help.ca.txt","help.ca.txt",".txt","9741","0.009","03/11/47 08:50:06 م"
"06_portable_tools\PortableGit-2.54.0-64-bit\usr\share\gnupg\help.cs.txt","D:\zzipp\جي بي\الكميرا\_organized_generation_workspace_20260612\06_portable_tools\PortableGit-2.54.0-64-bit\usr\share\gnupg\help.cs.txt","help.cs.txt",".txt","9741","0.009","03/11/47 08:50:06 م"
"06_portable_tools\PortableGit-2.54.0-64-bit\usr\share\gnupg\help.da.txt","D:\zzipp\جي بي\الكميرا\_organized_generation_workspace_20260612\06_portable_tools\PortableGit-2.54.0-64-bit\usr\share\gnupg\help.da.txt","help.da.txt",".txt","9741","0.009","03/11/47 08:50:06 م"
"06_portable_tools\PortableGit-2.54.0-64-bit\usr\share\gnupg\help.de.txt","D:\zzipp\جي بي\الكميرا\_organized_generation_workspace_20260612\06_portable_tools\PortableGit-2.54.0-64-bit\usr\share\gnupg\help.de.txt","help.de.txt",".txt","9013","0.009","03/11/47 08:50:06 م"
"06_portable_tools\PortableGit-2.54.0-64-bit\usr\share\gnupg\help.el.txt","D:\zzipp\جي بي\الكميرا\_organized_generation_workspace_20260612\06_portable_tools\PortableGit-2.54.0-64-bit\usr\share\gnupg\help.el.txt","help.el.txt",".txt","9741","0.009","03/11/47 08:50:06 م"
"06_portable_tools\PortableGit-2.54.0-64-bit\usr\share\gnupg\help.eo.txt","D:\zzipp\جي بي\الكميرا\_organized_generation_workspace_20260612\06_portable_tools\PortableGit-2.54.0-64-bit\usr\share\gnupg\help.eo.txt","help.eo.txt",".txt","9741","0.009","03/11/47 08:50:06 م"
"06_portable_tools\PortableGit-2.54.0-64-bit\usr\share\gnupg\help.es.txt","D:\zzipp\جي بي\الكميرا\_organized_generation_workspace_20260612\06_portable_tools\PortableGit-2.54.0-64-bit\usr\share\gnupg\help.es.txt","help.es.txt",".txt","7632","0.007","03/11/47 08:50:06 م"
"06_portable_tools\PortableGit-2.54.0-64-bit\usr\share\gnupg\help.et.txt","D:\zzipp\جي بي\الكميرا\_organized_generation_workspace_20260612\06_portable_tools\PortableGit-2.54.0-64-bit\usr\share\gnupg\help.et.txt","help.et.txt",".txt","9741","0.009","03/11/47 08:50:06 م"
"06_portable_tools\PortableGit-2.54.0-64-bit\usr\share\gnupg\help.fi.txt","D:\zzipp\جي بي\الكميرا\_organized_generation_workspace_20260612\06_portable_tools\PortableGit-2.54.0-64-bit\usr\share\gnupg\help.fi.txt","help.fi.txt",".txt","7744","0.007","03/11/47 08:50:06 م"
"06_portable_tools\PortableGit-2.54.0-64-bit\usr\share\gnupg\help.fr.txt","D:\zzipp\جي بي\الكميرا\_organized_generation_workspace_20260612\06_portable_tools\PortableGit-2.54.0-64-bit\usr\share\gnupg\help.fr.txt","help.fr.txt",".txt","7797","0.007","03/11/47 08:50:06 م"
"06_portable_tools\PortableGit-2.54.0-64-bit\usr\share\gnupg\help.gl.txt","D:\zzipp\جي بي\الكميرا\_organized_generation_workspace_20260612\06_portable_tools\PortableGit-2.54.0-64-bit\usr\share\gnupg\help.gl.txt","help.gl.txt",".txt","9741","0.009","03/11/47 08:50:06 م"
"06_portable_tools\PortableGit-2.54.0-64-bit\usr\share\gnupg\help.hu.txt","D:\zzipp\جي بي\الكميرا\_organized_generation_workspace_20260612\06_portable_tools\PortableGit-2.54.0-64-bit\usr\share\gnupg\help.hu.txt","help.hu.txt",".txt","8205","0.008","03/11/47 08:50:06 م"
"06_portable_tools\PortableGit-2.54.0-64-bit\usr\share\gnupg\help.id.txt","D:\zzipp\جي بي\الكميرا\_organized_generation_workspace_20260612\06_portable_tools\PortableGit-2.54.0-64-bit\usr\share\gnupg\help.id.txt","help.id.txt",".txt","7535","0.007","03/11/47 08:50:06 م"
"06_portable_tools\PortableGit-2.54.0-64-bit\usr\share\gnupg\help.it.txt","D:\zzipp\جي بي\الكميرا\_organized_generation_workspace_20260612\06_portable_tools\PortableGit-2.54.0-64-bit\usr\share\gnupg\help.it.txt","help.it.txt",".txt","7691","0.007","03/11/47 08:50:06 م"
"06_portable_tools\PortableGit-2.54.0-64-bit\usr\share\gnupg\help.ja.txt","D:\zzipp\جي بي\الكميرا\_organized_generation_workspace_20260612\06_portable_tools\PortableGit-2.54.0-64-bit\usr\share\gnupg\help.ja.txt","help.ja.txt",".txt","15536","0.015","03/11/47 08:50:06 م"
"06_portable_tools\PortableGit-2.54.0-64-bit\usr\share\gnupg\help.nb.txt","D:\zzipp\جي بي\الكميرا\_organized_generation_workspace_20260612\06_portable_tools\PortableGit-2.54.0-64-bit\usr\share\gnupg\help.nb.txt","help.nb.txt",".txt","9741","0.009","03/11/47 08:50:06 م"
"06_portable_tools\PortableGit-2.54.0-64-bit\usr\share\gnupg\help.pl.txt","D:\zzipp\جي بي\الكميرا\_organized_generation_workspace_20260612\06_portable_tools\PortableGit-2.54.0-64-bit\usr\share\gnupg\help.pl.txt","help.pl.txt",".txt","7535","0.007","03/11/47 08:50:06 م"
"06_portable_tools\PortableGit-2.54.0-64-bit\usr\share\gnupg\help.pt_BR.txt","D:\zzipp\جي بي\الكميرا\_organized_generation_workspace_20260612\06_portable_tools\PortableGit-2.54.0-64-bit\usr\share\gnupg\help.pt_BR.txt","help.pt_BR.txt",".txt","7876","0.008","03/11/47 08:50:04 م"
"06_portable_tools\PortableGit-2.54.0-64-bit\usr\share\gnupg\help.pt.txt","D:\zzipp\جي بي\الكميرا\_organized_generation_workspace_20260612\06_portable_tools\PortableGit-2.54.0-64-bit\usr\share\gnupg\help.pt.txt","help.pt.txt",".txt","15828","0.015","03/11/47 08:50:04 م"
"06_portable_tools\PortableGit-2.54.0-64-bit\usr\share\gnupg\help.ro.txt","D:\zzipp\جي بي\الكميرا\_organized_generation_workspace_20260612\06_portable_tools\PortableGit-2.54.0-64-bit\usr\share\gnupg\help.ro.txt","help.ro.txt",".txt","8112","0.008","03/11/47 08:50:04 م"
"06_portable_tools\PortableGit-2.54.0-64-bit\usr\share\gnupg\help.ru.txt","D:\zzipp\جي بي\الكميرا\_organized_generation_workspace_20260612\06_portable_tools\PortableGit-2.54.0-64-bit\usr\share\gnupg\help.ru.txt","help.ru.txt",".txt","17735","0.017","03/11/47 08:50:04 م"
"06_portable_tools\PortableGit-2.54.0-64-bit\usr\share\gnupg\help.sk.txt","D:\zzipp\جي بي\الكميرا\_organized_generation_workspace_20260612\06_portable_tools\PortableGit-2.54.0-64-bit\usr\share\gnupg\help.sk.txt","help.sk.txt",".txt","8085","0.008","03/11/47 08:50:04 م"
"06_portable_tools\PortableGit-2.54.0-64-bit\usr\share\gnupg\help.sv.txt","D:\zzipp\جي بي\الكميرا\_organized_generation_workspace_20260612\06_portable_tools\PortableGit-2.54.0-64-bit\usr\share\gnupg\help.sv.txt","help.sv.txt",".txt","9741","0.009","03/11/47 08:50:04 م"
"06_portable_tools\PortableGit-2.54.0-64-bit\usr\share\gnupg\help.tr.txt","D:\zzipp\جي بي\الكميرا\_organized_generation_workspace_20260612\06_portable_tools\PortableGit-2.54.0-64-bit\usr\share\gnupg\help.tr.txt","help.tr.txt",".txt","7651","0.007","03/11/47 08:50:04 م"
"06_portable_tools\PortableGit-2.54.0-64-bit\usr\share\gnupg\help.txt","D:\zzipp\جي بي\الكميرا\_organized_generation_workspace_20260612\06_portable_tools\PortableGit-2.54.0-64-bit\usr\share\gnupg\help.txt","help.txt",".txt","14467","0.014","03/11/47 08:50:04 م"
"06_portable_tools\PortableGit-2.54.0-64-bit\usr\share\gnupg\help.zh_CN.txt","D:\zzipp\جي بي\الكميرا\_organized_generation_workspace_20260612\06_portable_tools\PortableGit-2.54.0-64-bit\usr\share\gnupg\help.zh_CN.txt","help.zh_CN.txt",".txt","12627","0.012","03/11/47 08:50:04 م"
"06_portable_tools\PortableGit-2.54.0-64-bit\usr\share\gnupg\help.zh_TW.txt","D:\zzipp\جي بي\الكميرا\_organized_generation_workspace_20260612\06_portable_tools\PortableGit-2.54.0-64-bit\usr\share\gnupg\help.zh_TW.txt","help.zh_TW.txt",".txt","12689","0.012","03/11/47 08:50:04 م"
"07_alzaeem_windows_ready\ALZaeem_Windows_Ready\requirements.txt","D:\zzipp\جي بي\الكميرا\_organized_generation_workspace_20260612\07_alzaeem_windows_ready\ALZaeem_Windows_Ready\requirements.txt","requirements.txt",".txt","61","0","28/10/47 01:08:24 م"
"07_alzaeem_windows_ready\ALZaeem_Windows_Ready\sample_input.txt","D:\zzipp\جي بي\الكميرا\_organized_generation_workspace_20260612\07_alzaeem_windows_ready\ALZaeem_Windows_Ready\sample_input.txt","sample_input.txt",".txt","88","0","28/10/47 01:08:24 م"
"07_alzaeem_windows_ready\ALZaeem_Windows_Ready\data\linguistic_levels.json","D:\zzipp\جي بي\الكميرا\_organized_generation_workspace_20260612\07_alzaeem_windows_ready\ALZaeem_Windows_Ready\data\linguistic_levels.json","linguistic_levels.json",".json","118","0","28/10/47 01:06:36 م"
"07_alzaeem_windows_ready\ALZaeem_Windows_Ready\data\method_map.json","D:\zzipp\جي بي\الكميرا\_organized_generation_workspace_20260612\07_alzaeem_windows_ready\ALZaeem_Windows_Ready\data\method_map.json","method_map.json",".json","121","0","28/10/47 01:06:36 م"
"07_alzaeem_windows_ready\ALZaeem_Windows_Ready\data\systems.json","D:\zzipp\جي بي\الكميرا\_organized_generation_workspace_20260612\07_alzaeem_windows_ready\ALZaeem_Windows_Ready\data\systems.json","systems.json",".json","125","0","28/10/47 01:06:36 م"
"07_alzaeem_windows_ready\ALZaeem_Windows_Ready\data\task_types.json","D:\zzipp\جي بي\الكميرا\_organized_generation_workspace_20260612\07_alzaeem_windows_ready\ALZaeem_Windows_Ready\data\task_types.json","task_types.json",".json","103","0","28/10/47 01:06:36 م"
"07_alzaeem_windows_ready\ALZaeem_Windows_Ready\data\tasks.json","D:\zzipp\جي بي\الكميرا\_organized_generation_workspace_20260612\07_alzaeem_windows_ready\ALZaeem_Windows_Ready\data\tasks.json","tasks.json",".json","95","0","28/10/47 01:06:36 م"
"07_alzaeem_windows_ready\ALZaeem_Windows_Ready\optional_fooocus_source\auth-example.json","D:\zzipp\جي بي\الكميرا\_organized_generation_workspace_20260612\07_alzaeem_windows_ready\ALZaeem_Windows_Ready\optional_fooocus_source\auth-example.json","auth-example.json",".json","111","0","28/10/47 01:06:36 م"
"07_alzaeem_windows_ready\ALZaeem_Windows_Ready\optional_fooocus_source\docker-compose.yml","D:\zzipp\جي بي\الكميرا\_organized_generation_workspace_20260612\07_alzaeem_windows_ready\ALZaeem_Windows_Ready\optional_fooocus_source\docker-compose.yml","docker-compose.yml",".yml","1483","0.001","28/10/47 01:06:36 م"
"07_alzaeem_windows_ready\ALZaeem_Windows_Ready\optional_fooocus_source\environment.yaml","D:\zzipp\جي بي\الكميرا\_organized_generation_workspace_20260612\07_alzaeem_windows_ready\ALZaeem_Windows_Ready\optional_fooocus_source\environment.yaml","environment.yaml",".yaml","94","0","28/10/47 01:06:36 م"
"07_alzaeem_windows_ready\ALZaeem_Windows_Ready\optional_fooocus_source\requirements_docker.txt","D:\zzipp\جي بي\الكميرا\_organized_generation_workspace_20260612\07_alzaeem_windows_ready\ALZaeem_Windows_Ready\optional_fooocus_source\requirements_docker.txt","requirements_docker.txt",".txt","33","0","28/10/47 01:06:36 م"
"07_alzaeem_windows_ready\ALZaeem_Windows_Ready\optional_fooocus_source\requirements_versions.txt","D:\zzipp\جي بي\الكميرا\_organized_generation_workspace_20260612\07_alzaeem_windows_ready\ALZaeem_Windows_Ready\optional_fooocus_source\requirements_versions.txt","requirements_versions.txt",".txt","427","0","28/10/47 01:06:36 م"
"07_alzaeem_windows_ready\ALZaeem_Windows_Ready\optional_fooocus_source\.github\dependabot.yml","D:\zzipp\جي بي\الكميرا\_organized_generation_workspace_20260612\07_alzaeem_windows_ready\ALZaeem_Windows_Ready\optional_fooocus_source\.github\dependabot.yml","dependabot.yml",".yml","118","0","28/10/47 01:06:36 م"
"07_alzaeem_windows_ready\ALZaeem_Windows_Ready\optional_fooocus_source\.github\ISSUE_TEMPLATE\bug_report.yml","D:\zzipp\جي بي\الكميرا\_organized_generation_workspace_20260612\07_alzaeem_windows_ready\ALZaeem_Windows_Ready\optional_fooocus_source\.github\ISSUE_TEMPLATE\bug_report.yml","bug_report.yml",".yml","3748","0.004","28/10/47 01:06:36 م"
"07_alzaeem_windows_ready\ALZaeem_Windows_Ready\optional_fooocus_source\.github\ISSUE_TEMPLATE\config.yml","D:\zzipp\جي بي\الكميرا\_organized_generation_workspace_20260612\07_alzaeem_windows_ready\ALZaeem_Windows_Ready\optional_fooocus_source\.github\ISSUE_TEMPLATE\config.yml","config.yml",".yml","181","0","28/10/47 01:06:36 م"
"07_alzaeem_windows_ready\ALZaeem_Windows_Ready\optional_fooocus_source\.github\ISSUE_TEMPLATE\feature_request.yml","D:\zzipp\جي بي\الكميرا\_organized_generation_workspace_20260612\07_alzaeem_windows_ready\ALZaeem_Windows_Ready\optional_fooocus_source\.github\ISSUE_TEMPLATE\feature_request.yml","feature_request.yml",".yml","1421","0.001","28/10/47 01:06:36 م"
"07_alzaeem_windows_ready\ALZaeem_Windows_Ready\optional_fooocus_source\.github\workflows\build_container.yml","D:\zzipp\جي بي\الكميرا\_organized_generation_workspace_20260612\07_alzaeem_windows_ready\ALZaeem_Windows_Ready\optional_fooocus_source\.github\workflows\build_container.yml","build_container.yml",".yml","1190","0.001","28/10/47 01:06:36 م"
"07_alzaeem_windows_ready\ALZaeem_Windows_Ready\optional_fooocus_source\extras\BLIP\configs\bert_config.json","D:\zzipp\جي بي\الكميرا\_organized_generation_workspace_20260612\07_alzaeem_windows_ready\ALZaeem_Windows_Ready\optional_fooocus_source\extras\BLIP\configs\bert_config.json","bert_config.json",".json","485","0","28/10/47 01:06:36 م"
"07_alzaeem_windows_ready\ALZaeem_Windows_Ready\optional_fooocus_source\extras\BLIP\configs\caption_coco.yaml","D:\zzipp\جي بي\الكميرا\_organized_generation_workspace_20260612\07_alzaeem_windows_ready\ALZaeem_Windows_Ready\optional_fooocus_source\extras\BLIP\configs\caption_coco.yaml","caption_coco.yaml",".yaml","651","0.001","28/10/47 01:06:36 م"
"07_alzaeem_windows_ready\ALZaeem_Windows_Ready\optional_fooocus_source\extras\BLIP\configs\med_config.json","D:\zzipp\جي بي\الكميرا\_organized_generation_workspace_20260612\07_alzaeem_windows_ready\ALZaeem_Windows_Ready\optional_fooocus_source\extras\BLIP\configs\med_config.json","med_config.json",".json","485","0","28/10/47 01:06:36 م"
"07_alzaeem_windows_ready\ALZaeem_Windows_Ready\optional_fooocus_source\extras\BLIP\configs\nlvr.yaml","D:\zzipp\جي بي\الكميرا\_organized_generation_workspace_20260612\07_alzaeem_windows_ready\ALZaeem_Windows_Ready\optional_fooocus_source\extras\BLIP\configs\nlvr.yaml","nlvr.yaml",".yaml","441","0","28/10/47 01:06:36 م"
"07_alzaeem_windows_ready\ALZaeem_Windows_Ready\optional_fooocus_source\extras\BLIP\configs\nocaps.yaml","D:\zzipp\جي بي\الكميرا\_organized_generation_workspace_20260612\07_alzaeem_windows_ready\ALZaeem_Windows_Ready\optional_fooocus_source\extras\BLIP\configs\nocaps.yaml","nocaps.yaml",".yaml","352","0","28/10/47 01:06:36 م"
"07_alzaeem_windows_ready\ALZaeem_Windows_Ready\optional_fooocus_source\extras\BLIP\configs\pretrain.yaml","D:\zzipp\جي بي\الكميرا\_organized_generation_workspace_20260612\07_alzaeem_windows_ready\ALZaeem_Windows_Ready\optional_fooocus_source\extras\BLIP\configs\pretrain.yaml","pretrain.yaml",".yaml","479","0","28/10/47 01:06:36 م"
"07_alzaeem_windows_ready\ALZaeem_Windows_Ready\optional_fooocus_source\extras\BLIP\configs\retrieval_coco.yaml","D:\zzipp\جي بي\الكميرا\_organized_generation_workspace_20260612\07_alzaeem_windows_ready\ALZaeem_Windows_Ready\optional_fooocus_source\extras\BLIP\configs\retrieval_coco.yaml","retrieval_coco.yaml",".yaml","655","0.001","28/10/47 01:06:36 م"
"07_alzaeem_windows_ready\ALZaeem_Windows_Ready\optional_fooocus_source\extras\BLIP\configs\retrieval_flickr.yaml","D:\zzipp\جي بي\الكميرا\_organized_generation_workspace_20260612\07_alzaeem_windows_ready\ALZaeem_Windows_Ready\optional_fooocus_source\extras\BLIP\configs\retrieval_flickr.yaml","retrieval_flickr.yaml",".yaml","658","0.001","28/10/47 01:06:36 م"
"07_alzaeem_windows_ready\ALZaeem_Windows_Ready\optional_fooocus_source\extras\BLIP\configs\retrieval_msrvtt.yaml","D:\zzipp\جي بي\الكميرا\_organized_generation_workspace_20260612\07_alzaeem_windows_ready\ALZaeem_Windows_Ready\optional_fooocus_source\extras\BLIP\configs\retrieval_msrvtt.yaml","retrieval_msrvtt.yaml",".yaml","354","0","28/10/47 01:06:36 م"
"07_alzaeem_windows_ready\ALZaeem_Windows_Ready\optional_fooocus_source\extras\BLIP\configs\vqa.yaml","D:\zzipp\جي بي\الكميرا\_organized_generation_workspace_20260612\07_alzaeem_windows_ready\ALZaeem_Windows_Ready\optional_fooocus_source\extras\BLIP\configs\vqa.yaml","vqa.yaml",".yaml","639","0.001","28/10/47 01:06:36 م"
"07_alzaeem_windows_ready\ALZaeem_Windows_Ready\optional_fooocus_source\extras\BLIP\models\bert_tokenizer\config.json","D:\zzipp\جي بي\الكميرا\_organized_generation_workspace_20260612\07_alzaeem_windows_ready\ALZaeem_Windows_Ready\optional_fooocus_source\extras\BLIP\models\bert_tokenizer\config.json","config.json",".json","570","0.001","28/10/47 01:06:36 م"
"07_alzaeem_windows_ready\ALZaeem_Windows_Ready\optional_fooocus_source\extras\BLIP\models\bert_tokenizer\tokenizer_config.json","D:\zzipp\جي بي\الكميرا\_organized_generation_workspace_20260612\07_alzaeem_windows_ready\ALZaeem_Windows_Ready\optional_fooocus_source\extras\BLIP\models\bert_tokenizer\tokenizer_config.json","tokenizer_config.json",".json","28","0","28/10/47 01:06:36 م"
"07_alzaeem_windows_ready\ALZaeem_Windows_Ready\optional_fooocus_source\extras\BLIP\models\bert_tokenizer\tokenizer.json","D:\zzipp\جي بي\الكميرا\_organized_generation_workspace_20260612\07_alzaeem_windows_ready\ALZaeem_Windows_Ready\optional_fooocus_source\extras\BLIP\models\bert_tokenizer\tokenizer.json","tokenizer.json",".json","466062","0.444","28/10/47 01:06:36 م"
"07_alzaeem_windows_ready\ALZaeem_Windows_Ready\optional_fooocus_source\extras\BLIP\models\bert_tokenizer\vocab.txt","D:\zzipp\جي بي\الكميرا\_organized_generation_workspace_20260612\07_alzaeem_windows_ready\ALZaeem_Windows_Ready\optional_fooocus_source\extras\BLIP\models\bert_tokenizer\vocab.txt","vocab.txt",".txt","231508","0.221","28/10/47 01:06:36 م"
"07_alzaeem_windows_ready\ALZaeem_Windows_Ready\optional_fooocus_source\extras\safety_checker\configs\config.json","D:\zzipp\جي بي\الكميرا\_organized_generation_workspace_20260612\07_alzaeem_windows_ready\ALZaeem_Windows_Ready\optional_fooocus_source\extras\safety_checker\configs\config.json","config.json",".json","4549","0.004","28/10/47 01:06:36 م"
"07_alzaeem_windows_ready\ALZaeem_Windows_Ready\optional_fooocus_source\extras\safety_checker\configs\preprocessor_config.json","D:\zzipp\جي بي\الكميرا\_organized_generation_workspace_20260612\07_alzaeem_windows_ready\ALZaeem_Windows_Ready\optional_fooocus_source\extras\safety_checker\configs\preprocessor_config.json","preprocessor_config.json",".json","342","0","28/10/47 01:06:36 م"
"07_alzaeem_windows_ready\ALZaeem_Windows_Ready\optional_fooocus_source\language\en.json","D:\zzipp\جي بي\الكميرا\_organized_generation_workspace_20260612\07_alzaeem_windows_ready\ALZaeem_Windows_Ready\optional_fooocus_source\language\en.json","en.json",".json","25106","0.024","28/10/47 01:06:36 م"
"07_alzaeem_windows_ready\ALZaeem_Windows_Ready\optional_fooocus_source\language\example.json","D:\zzipp\جي بي\الكميرا\_organized_generation_workspace_20260612\07_alzaeem_windows_ready\ALZaeem_Windows_Ready\optional_fooocus_source\language\example.json","example.json",".json","120","0","28/10/47 01:06:36 م"
"07_alzaeem_windows_ready\ALZaeem_Windows_Ready\optional_fooocus_source\ldm_patched\modules\clip_config_bigg.json","D:\zzipp\جي بي\الكميرا\_organized_generation_workspace_20260612\07_alzaeem_windows_ready\ALZaeem_Windows_Ready\optional_fooocus_source\ldm_patched\modules\clip_config_bigg.json","clip_config_bigg.json",".json","520","0","28/10/47 01:06:36 م"
"07_alzaeem_windows_ready\ALZaeem_Windows_Ready\optional_fooocus_source\ldm_patched\modules\clip_vision_config_g.json","D:\zzipp\جي بي\الكميرا\_organized_generation_workspace_20260612\07_alzaeem_windows_ready\ALZaeem_Windows_Ready\optional_fooocus_source\ldm_patched\modules\clip_vision_config_g.json","clip_vision_config_g.json",".json","419","0","28/10/47 01:06:36 م"
"07_alzaeem_windows_ready\ALZaeem_Windows_Ready\optional_fooocus_source\ldm_patched\modules\clip_vision_config_h.json","D:\zzipp\جي بي\الكميرا\_organized_generation_workspace_20260612\07_alzaeem_windows_ready\ALZaeem_Windows_Ready\optional_fooocus_source\ldm_patched\modules\clip_vision_config_h.json","clip_vision_config_h.json",".json","419","0","28/10/47 01:06:36 م"
"07_alzaeem_windows_ready\ALZaeem_Windows_Ready\optional_fooocus_source\ldm_patched\modules\clip_vision_config_vitl.json","D:\zzipp\جي بي\الكميرا\_organized_generation_workspace_20260612\07_alzaeem_windows_ready\ALZaeem_Windows_Ready\optional_fooocus_source\ldm_patched\modules\clip_vision_config_vitl.json","clip_vision_config_vitl.json",".json","424","0","28/10/47 01:06:36 م"
"07_alzaeem_windows_ready\ALZaeem_Windows_Ready\optional_fooocus_source\ldm_patched\modules\sd1_clip_config.json","D:\zzipp\جي بي\الكميرا\_organized_generation_workspace_20260612\07_alzaeem_windows_ready\ALZaeem_Windows_Ready\optional_fooocus_source\ldm_patched\modules\sd1_clip_config.json","sd1_clip_config.json",".json","612","0.001","28/10/47 01:06:36 م"
"07_alzaeem_windows_ready\ALZaeem_Windows_Ready\optional_fooocus_source\ldm_patched\modules\sd2_clip_config.json","D:\zzipp\جي بي\الكميرا\_organized_generation_workspace_20260612\07_alzaeem_windows_ready\ALZaeem_Windows_Ready\optional_fooocus_source\ldm_patched\modules\sd2_clip_config.json","sd2_clip_config.json",".json","520","0","28/10/47 01:06:36 م"
"07_alzaeem_windows_ready\ALZaeem_Windows_Ready\optional_fooocus_source\ldm_patched\modules\sd1_tokenizer\merges.txt","D:\zzipp\جي بي\الكميرا\_organized_generation_workspace_20260612\07_alzaeem_windows_ready\ALZaeem_Windows_Ready\optional_fooocus_source\ldm_patched\modules\sd1_tokenizer\merges.txt","merges.txt",".txt","524619","0.5","28/10/47 01:06:36 م"
"07_alzaeem_windows_ready\ALZaeem_Windows_Ready\optional_fooocus_source\ldm_patched\modules\sd1_tokenizer\special_tokens_map.json","D:\zzipp\جي بي\الكميرا\_organized_generation_workspace_20260612\07_alzaeem_windows_ready\ALZaeem_Windows_Ready\optional_fooocus_source\ldm_patched\modules\sd1_tokenizer\special_tokens_map.json","special_tokens_map.json",".json","472","0","28/10/47 01:06:36 م"
"07_alzaeem_windows_ready\ALZaeem_Windows_Ready\optional_fooocus_source\ldm_patched\modules\sd1_tokenizer\tokenizer_config.json","D:\zzipp\جي بي\الكميرا\_organized_generation_workspace_20260612\07_alzaeem_windows_ready\ALZaeem_Windows_Ready\optional_fooocus_source\ldm_patched\modules\sd1_tokenizer\tokenizer_config.json","tokenizer_config.json",".json","806","0.001","28/10/47 01:06:36 م"
"07_alzaeem_windows_ready\ALZaeem_Windows_Ready\optional_fooocus_source\ldm_patched\modules\sd1_tokenizer\vocab.json","D:\zzipp\جي بي\الكميرا\_organized_generation_workspace_20260612\07_alzaeem_windows_ready\ALZaeem_Windows_Ready\optional_fooocus_source\ldm_patched\modules\sd1_tokenizer\vocab.json","vocab.json",".json","1059962","1.011","28/10/47 01:06:36 م"
"07_alzaeem_windows_ready\ALZaeem_Windows_Ready\optional_fooocus_source\models\clip_vision\wd-v1-4-moat-tagger-v2.csv","D:\zzipp\جي بي\الكميرا\_organized_generation_workspace_20260612\07_alzaeem_windows_ready\ALZaeem_Windows_Ready\optional_fooocus_source\models\clip_vision\wd-v1-4-moat-tagger-v2.csv","wd-v1-4-moat-tagger-v2.csv",".csv","253906","0.242","28/10/47 01:06:36 م"
"07_alzaeem_windows_ready\ALZaeem_Windows_Ready\optional_fooocus_source\models\configs\anything_v3.yaml","D:\zzipp\جي بي\الكميرا\_organized_generation_workspace_20260612\07_alzaeem_windows_ready\ALZaeem_Windows_Ready\optional_fooocus_source\models\configs\anything_v3.yaml","anything_v3.yaml",".yaml","1933","0.002","28/10/47 01:06:36 م"
"07_alzaeem_windows_ready\ALZaeem_Windows_Ready\optional_fooocus_source\models\configs\v1-inference_clip_skip_2_fp16.yaml","D:\zzipp\جي بي\الكميرا\_organized_generation_workspace_20260612\07_alzaeem_windows_ready\ALZaeem_Windows_Ready\optional_fooocus_source\models\configs\v1-inference_clip_skip_2_fp16.yaml","v1-inference_clip_skip_2_fp16.yaml",".yaml","1956","0.002","28/10/47 01:06:36 م"
"07_alzaeem_windows_ready\ALZaeem_Windows_Ready\optional_fooocus_source\models\configs\v1-inference_clip_skip_2.yaml","D:\zzipp\جي بي\الكميرا\_organized_generation_workspace_20260612\07_alzaeem_windows_ready\ALZaeem_Windows_Ready\optional_fooocus_source\models\configs\v1-inference_clip_skip_2.yaml","v1-inference_clip_skip_2.yaml",".yaml","1933","0.002","28/10/47 01:06:36 م"
"07_alzaeem_windows_ready\ALZaeem_Windows_Ready\optional_fooocus_source\models\configs\v1-inference_fp16.yaml","D:\zzipp\جي بي\الكميرا\_organized_generation_workspace_20260612\07_alzaeem_windows_ready\ALZaeem_Windows_Ready\optional_fooocus_source\models\configs\v1-inference_fp16.yaml","v1-inference_fp16.yaml",".yaml","1896","0.002","28/10/47 01:06:36 م"
"07_alzaeem_windows_ready\ALZaeem_Windows_Ready\optional_fooocus_source\models\configs\v1-inference.yaml","D:\zzipp\جي بي\الكميرا\_organized_generation_workspace_20260612\07_alzaeem_windows_ready\ALZaeem_Windows_Ready\optional_fooocus_source\models\configs\v1-inference.yaml","v1-inference.yaml",".yaml","1873","0.002","28/10/47 01:06:36 م"
"07_alzaeem_windows_ready\ALZaeem_Windows_Ready\optional_fooocus_source\models\configs\v1-inpainting-inference.yaml","D:\zzipp\جي بي\الكميرا\_organized_generation_workspace_20260612\07_alzaeem_windows_ready\ALZaeem_Windows_Ready\optional_fooocus_source\models\configs\v1-inpainting-inference.yaml","v1-inpainting-inference.yaml",".yaml","1992","0.002","28/10/47 01:06:36 م"
"07_alzaeem_windows_ready\ALZaeem_Windows_Ready\optional_fooocus_source\models\configs\v2-inference_fp32.yaml","D:\zzipp\جي بي\الكميرا\_organized_generation_workspace_20260612\07_alzaeem_windows_ready\ALZaeem_Windows_Ready\optional_fooocus_source\models\configs\v2-inference_fp32.yaml","v2-inference_fp32.yaml",".yaml","1790","0.002","28/10/47 01:06:36 م"
"07_alzaeem_windows_ready\ALZaeem_Windows_Ready\optional_fooocus_source\models\configs\v2-inference-v_fp32.yaml","D:\zzipp\جي بي\الكميرا\_organized_generation_workspace_20260612\07_alzaeem_windows_ready\ALZaeem_Windows_Ready\optional_fooocus_source\models\configs\v2-inference-v_fp32.yaml","v2-inference-v_fp32.yaml",".yaml","1816","0.002","28/10/47 01:06:36 م"
"07_alzaeem_windows_ready\ALZaeem_Windows_Ready\optional_fooocus_source\models\configs\v2-inference-v.yaml","D:\zzipp\جي بي\الكميرا\_organized_generation_workspace_20260612\07_alzaeem_windows_ready\ALZaeem_Windows_Ready\optional_fooocus_source\models\configs\v2-inference-v.yaml","v2-inference-v.yaml",".yaml","1815","0.002","28/10/47 01:06:36 م"
"07_alzaeem_windows_ready\ALZaeem_Windows_Ready\optional_fooocus_source\models\configs\v2-inference.yaml","D:\zzipp\جي بي\الكميرا\_organized_generation_workspace_20260612\07_alzaeem_windows_ready\ALZaeem_Windows_Ready\optional_fooocus_source\models\configs\v2-inference.yaml","v2-inference.yaml",".yaml","1789","0.002","28/10/47 01:06:36 م"
"07_alzaeem_windows_ready\ALZaeem_Windows_Ready\optional_fooocus_source\models\configs\v2-inpainting-inference.yaml","D:\zzipp\جي بي\الكميرا\_organized_generation_workspace_20260612\07_alzaeem_windows_ready\ALZaeem_Windows_Ready\optional_fooocus_source\models\configs\v2-inpainting-inference.yaml","v2-inpainting-inference.yaml",".yaml","4450","0.004","28/10/47 01:06:36 م"
"07_alzaeem_windows_ready\ALZaeem_Windows_Ready\optional_fooocus_source\models\prompt_expansion\fooocus_expansion\config.json","D:\zzipp\جي بي\الكميرا\_organized_generation_workspace_20260612\07_alzaeem_windows_ready\ALZaeem_Windows_Ready\optional_fooocus_source\models\prompt_expansion\fooocus_expansion\config.json","config.json",".json","937","0.001","28/10/47 01:06:36 م"
"07_alzaeem_windows_ready\ALZaeem_Windows_Ready\optional_fooocus_source\models\prompt_expansion\fooocus_expansion\merges.txt","D:\zzipp\جي بي\الكميرا\_organized_generation_workspace_20260612\07_alzaeem_windows_ready\ALZaeem_Windows_Ready\optional_fooocus_source\models\prompt_expansion\fooocus_expansion\merges.txt","merges.txt",".txt","456356","0.435","28/10/47 01:06:36 م"
"07_alzaeem_windows_ready\ALZaeem_Windows_Ready\optional_fooocus_source\models\prompt_expansion\fooocus_expansion\positive.txt","D:\zzipp\جي بي\الكميرا\_organized_generation_workspace_20260612\07_alzaeem_windows_ready\ALZaeem_Windows_Ready\optional_fooocus_source\models\prompt_expansion\fooocus_expansion\positive.txt","positive.txt",".txt","5655","0.005","28/10/47 01:06:36 م"
"07_alzaeem_windows_ready\ALZaeem_Windows_Ready\optional_fooocus_source\models\prompt_expansion\fooocus_expansion\special_tokens_map.json","D:\zzipp\جي بي\الكميرا\_organized_generation_workspace_20260612\07_alzaeem_windows_ready\ALZaeem_Windows_Ready\optional_fooocus_source\models\prompt_expansion\fooocus_expansion\special_tokens_map.json","special_tokens_map.json",".json","99","0","28/10/47 01:06:36 م"
"07_alzaeem_windows_ready\ALZaeem_Windows_Ready\optional_fooocus_source\models\prompt_expansion\fooocus_expansion\tokenizer_config.json","D:\zzipp\جي بي\الكميرا\_organized_generation_workspace_20260612\07_alzaeem_windows_ready\ALZaeem_Windows_Ready\optional_fooocus_source\models\prompt_expansion\fooocus_expansion\tokenizer_config.json","tokenizer_config.json",".json","255","0","28/10/47 01:06:36 م"
"07_alzaeem_windows_ready\ALZaeem_Windows_Ready\optional_fooocus_source\models\prompt_expansion\fooocus_expansion\tokenizer.json","D:\zzipp\جي بي\الكميرا\_organized_generation_workspace_20260612\07_alzaeem_windows_ready\ALZaeem_Windows_Ready\optional_fooocus_source\models\prompt_expansion\fooocus_expansion\tokenizer.json","tokenizer.json",".json","2107625","2.01","28/10/47 01:06:36 م"
"07_alzaeem_windows_ready\ALZaeem_Windows_Ready\optional_fooocus_source\models\prompt_expansion\fooocus_expansion\vocab.json","D:\zzipp\جي بي\الكميرا\_organized_generation_workspace_20260612\07_alzaeem_windows_ready\ALZaeem_Windows_Ready\optional_fooocus_source\models\prompt_expansion\fooocus_expansion\vocab.json","vocab.json",".json","798156","0.761","28/10/47 01:06:36 م"
"07_alzaeem_windows_ready\ALZaeem_Windows_Ready\optional_fooocus_source\presets\anime.json","D:\zzipp\جي بي\الكميرا\_organized_generation_workspace_20260612\07_alzaeem_windows_ready\ALZaeem_Windows_Ready\optional_fooocus_source\presets\anime.json","anime.json",".json","1523","0.001","28/10/47 01:06:36 م"
"07_alzaeem_windows_ready\ALZaeem_Windows_Ready\optional_fooocus_source\presets\default.json","D:\zzipp\جي بي\الكميرا\_organized_generation_workspace_20260612\07_alzaeem_windows_ready\ALZaeem_Windows_Ready\optional_fooocus_source\presets\default.json","default.json",".json","1734","0.002","28/10/47 01:06:36 م"
"07_alzaeem_windows_ready\ALZaeem_Windows_Ready\optional_fooocus_source\presets\lcm.json","D:\zzipp\جي بي\الكميرا\_organized_generation_workspace_20260612\07_alzaeem_windows_ready\ALZaeem_Windows_Ready\optional_fooocus_source\presets\lcm.json","lcm.json",".json","1526","0.001","28/10/47 01:06:36 م"
"07_alzaeem_windows_ready\ALZaeem_Windows_Ready\optional_fooocus_source\presets\lightning.json","D:\zzipp\جي بي\الكميرا\_organized_generation_workspace_20260612\07_alzaeem_windows_ready\ALZaeem_Windows_Ready\optional_fooocus_source\presets\lightning.json","lightning.json",".json","1488","0.001","28/10/47 01:06:36 م"
"07_alzaeem_windows_ready\ALZaeem_Windows_Ready\optional_fooocus_source\presets\playground_v2.5.json","D:\zzipp\جي بي\الكميرا\_organized_generation_workspace_20260612\07_alzaeem_windows_ready\ALZaeem_Windows_Ready\optional_fooocus_source\presets\playground_v2.5.json","playground_v2.5.json",".json","1268","0.001","28/10/47 01:06:36 م"
"07_alzaeem_windows_ready\ALZaeem_Windows_Ready\optional_fooocus_source\presets\pony_v6.json","D:\zzipp\جي بي\الكميرا\_organized_generation_workspace_20260612\07_alzaeem_windows_ready\ALZaeem_Windows_Ready\optional_fooocus_source\presets\pony_v6.json","pony_v6.json",".json","1396","0.001","28/10/47 01:06:36 م"
"07_alzaeem_windows_ready\ALZaeem_Windows_Ready\optional_fooocus_source\presets\realistic.json","D:\zzipp\جي بي\الكميرا\_organized_generation_workspace_20260612\07_alzaeem_windows_ready\ALZaeem_Windows_Ready\optional_fooocus_source\presets\realistic.json","realistic.json",".json","1616","0.002","28/10/47 01:06:36 م"
"07_alzaeem_windows_ready\ALZaeem_Windows_Ready\optional_fooocus_source\presets\sai.json","D:\zzipp\جي بي\الكميرا\_organized_generation_workspace_20260612\07_alzaeem_windows_ready\ALZaeem_Windows_Ready\optional_fooocus_source\presets\sai.json","sai.json",".json","1632","0.002","28/10/47 01:06:36 م"
"07_alzaeem_windows_ready\ALZaeem_Windows_Ready\optional_fooocus_source\sdxl_styles\sdxl_styles_diva.json","D:\zzipp\جي بي\الكميرا\_organized_generation_workspace_20260612\07_alzaeem_windows_ready\ALZaeem_Windows_Ready\optional_fooocus_source\sdxl_styles\sdxl_styles_diva.json","sdxl_styles_diva.json",".json","18395","0.018","28/10/47 01:06:36 م"
"07_alzaeem_windows_ready\ALZaeem_Windows_Ready\optional_fooocus_source\sdxl_styles\sdxl_styles_fooocus.json","D:\zzipp\جي بي\الكميرا\_organized_generation_workspace_20260612\07_alzaeem_windows_ready\ALZaeem_Windows_Ready\optional_fooocus_source\sdxl_styles\sdxl_styles_fooocus.json","sdxl_styles_fooocus.json",".json","4569","0.004","28/10/47 01:06:36 م"
"07_alzaeem_windows_ready\ALZaeem_Windows_Ready\optional_fooocus_source\sdxl_styles\sdxl_styles_marc_k3nt3l.json","D:\zzipp\جي بي\الكميرا\_organized_generation_workspace_20260612\07_alzaeem_windows_ready\ALZaeem_Windows_Ready\optional_fooocus_source\sdxl_styles\sdxl_styles_marc_k3nt3l.json","sdxl_styles_marc_k3nt3l.json",".json","22078","0.021","28/10/47 01:06:36 م"
"07_alzaeem_windows_ready\ALZaeem_Windows_Ready\optional_fooocus_source\sdxl_styles\sdxl_styles_mre.json","D:\zzipp\جي بي\الكميرا\_organized_generation_workspace_20260612\07_alzaeem_windows_ready\ALZaeem_Windows_Ready\optional_fooocus_source\sdxl_styles\sdxl_styles_mre.json","sdxl_styles_mre.json",".json","6658","0.006","28/10/47 01:06:36 م"
"07_alzaeem_windows_ready\ALZaeem_Windows_Ready\optional_fooocus_source\sdxl_styles\sdxl_styles_sai.json","D:\zzipp\جي بي\الكميرا\_organized_generation_workspace_20260612\07_alzaeem_windows_ready\ALZaeem_Windows_Ready\optional_fooocus_source\sdxl_styles\sdxl_styles_sai.json","sdxl_styles_sai.json",".json","4962","0.005","28/10/47 01:06:36 م"
"07_alzaeem_windows_ready\ALZaeem_Windows_Ready\optional_fooocus_source\sdxl_styles\sdxl_styles_twri.json","D:\zzipp\جي بي\الكميرا\_organized_generation_workspace_20260612\07_alzaeem_windows_ready\ALZaeem_Windows_Ready\optional_fooocus_source\sdxl_styles\sdxl_styles_twri.json","sdxl_styles_twri.json",".json","24290","0.023","28/10/47 01:06:36 م"
"07_alzaeem_windows_ready\ALZaeem_Windows_Ready\optional_fooocus_source\wildcards\animal.txt","D:\zzipp\جي بي\الكميرا\_organized_generation_workspace_20260612\07_alzaeem_windows_ready\ALZaeem_Windows_Ready\optional_fooocus_source\wildcards\animal.txt","animal.txt",".txt","738","0.001","28/10/47 01:06:36 م"
"07_alzaeem_windows_ready\ALZaeem_Windows_Ready\optional_fooocus_source\wildcards\artist.txt","D:\zzipp\جي بي\الكميرا\_organized_generation_workspace_20260612\07_alzaeem_windows_ready\ALZaeem_Windows_Ready\optional_fooocus_source\wildcards\artist.txt","artist.txt",".txt","41560","0.04","28/10/47 01:06:36 م"
"07_alzaeem_windows_ready\ALZaeem_Windows_Ready\optional_fooocus_source\wildcards\color_flower.txt","D:\zzipp\جي بي\الكميرا\_organized_generation_workspace_20260612\07_alzaeem_windows_ready\ALZaeem_Windows_Ready\optional_fooocus_source\wildcards\color_flower.txt","color_flower.txt",".txt","21","0","28/10/47 01:06:36 م"
"07_alzaeem_windows_ready\ALZaeem_Windows_Ready\optional_fooocus_source\wildcards\color.txt","D:\zzipp\جي بي\الكميرا\_organized_generation_workspace_20260612\07_alzaeem_windows_ready\ALZaeem_Windows_Ready\optional_fooocus_source\wildcards\color.txt","color.txt",".txt","101","0","28/10/47 01:06:36 م"
"07_alzaeem_windows_ready\ALZaeem_Windows_Ready\optional_fooocus_source\wildcards\extended-color.txt","D:\zzipp\جي بي\الكميرا\_organized_generation_workspace_20260612\07_alzaeem_windows_ready\ALZaeem_Windows_Ready\optional_fooocus_source\wildcards\extended-color.txt","extended-color.txt",".txt","1456","0.001","28/10/47 01:06:36 م"
"07_alzaeem_windows_ready\ALZaeem_Windows_Ready\optional_fooocus_source\wildcards\flower.txt","D:\zzipp\جي بي\الكميرا\_organized_generation_workspace_20260612\07_alzaeem_windows_ready\ALZaeem_Windows_Ready\optional_fooocus_source\wildcards\flower.txt","flower.txt",".txt","3159","0.003","28/10/47 01:06:36 م"
"07_alzaeem_windows_ready\ALZaeem_Windows_Ready\optional_fooocus_source\wildcards\nationality.txt","D:\zzipp\جي بي\الكميرا\_organized_generation_workspace_20260612\07_alzaeem_windows_ready\ALZaeem_Windows_Ready\optional_fooocus_source\wildcards\nationality.txt","nationality.txt",".txt","1888","0.002","28/10/47 01:06:36 م"
"07_alzaeem_windows_ready\ALZaeem_Windows_Ready\output\audio_mock.txt","D:\zzipp\جي بي\الكميرا\_organized_generation_workspace_20260612\07_alzaeem_windows_ready\ALZaeem_Windows_Ready\output\audio_mock.txt","audio_mock.txt",".txt","203","0","28/10/47 01:08:28 م"
"07_alzaeem_windows_ready\ALZaeem_Windows_Ready\output\pattern_memory.json","D:\zzipp\جي بي\الكميرا\_organized_generation_workspace_20260612\07_alzaeem_windows_ready\ALZaeem_Windows_Ready\output\pattern_memory.json","pattern_memory.json",".json","91","0","28/10/47 01:08:28 م"
"07_alzaeem_windows_ready\ALZaeem_Windows_Ready\output\characters\registry.json","D:\zzipp\جي بي\الكميرا\_organized_generation_workspace_20260612\07_alzaeem_windows_ready\ALZaeem_Windows_Ready\output\characters\registry.json","registry.json",".json","567","0.001","28/10/47 01:06:38 م"
"08_avatarforge\AvatarForge_Expanded_WithProfiles_And_Docs\AvatarForge_Expanded\requirements.txt","D:\zzipp\جي بي\الكميرا\_organized_generation_workspace_20260612\08_avatarforge\AvatarForge_Expanded_WithProfiles_And_Docs\AvatarForge_Expanded\requirements.txt","requirements.txt",".txt","159","0","11/11/47 10:21:56 م"
"08_avatarforge\AvatarForge_Expanded_WithProfiles_And_Docs\AvatarForge_Expanded\docs\MANIFEST.json","D:\zzipp\جي بي\الكميرا\_organized_generation_workspace_20260612\08_avatarforge\AvatarForge_Expanded_WithProfiles_And_Docs\AvatarForge_Expanded\docs\MANIFEST.json","MANIFEST.json",".json","958","0.001","11/11/47 10:28:42 م"
"08_avatarforge\AvatarForge_Expanded_WithProfiles_And_Docs\AvatarForge_Expanded\profiles\EXPECTED_FILES.txt","D:\zzipp\جي بي\الكميرا\_organized_generation_workspace_20260612\08_avatarforge\AvatarForge_Expanded_WithProfiles_And_Docs\AvatarForge_Expanded\profiles\EXPECTED_FILES.txt","EXPECTED_FILES.txt",".txt","413","0","11/11/47 10:28:42 م"
"08_avatarforge\AvatarForge_Expanded_WithProfiles_And_Docs_v2\AvatarForge_Expanded\requirements.txt","D:\zzipp\جي بي\الكميرا\_organized_generation_workspace_20260612\08_avatarforge\AvatarForge_Expanded_WithProfiles_And_Docs_v2\AvatarForge_Expanded\requirements.txt","requirements.txt",".txt","159","0","11/11/47 10:21:56 م"
"08_avatarforge\AvatarForge_Expanded_WithProfiles_And_Docs_v2\AvatarForge_Expanded\docs\MANIFEST.json","D:\zzipp\جي بي\الكميرا\_organized_generation_workspace_20260612\08_avatarforge\AvatarForge_Expanded_WithProfiles_And_Docs_v2\AvatarForge_Expanded\docs\MANIFEST.json","MANIFEST.json",".json","1028","0.001","11/11/47 10:30:00 م"
"08_avatarforge\AvatarForge_Expanded_WithProfiles_And_Docs_v2\AvatarForge_Expanded\profiles\EXPECTED_FILES.txt","D:\zzipp\جي بي\الكميرا\_organized_generation_workspace_20260612\08_avatarforge\AvatarForge_Expanded_WithProfiles_And_Docs_v2\AvatarForge_Expanded\profiles\EXPECTED_FILES.txt","EXPECTED_FILES.txt",".txt","413","0","11/11/47 10:28:42 م"
"_ALL_SYSTEM_FOLDERS_ONE_PLACE\README_FIRST.txt","D:\zzipp\جي بي\الكميرا\_organized_generation_workspace_20260612\_ALL_SYSTEM_FOLDERS_ONE_PLACE\README_FIRST.txt","README_FIRST.txt",".txt","356","0","26/12/47 08:52:08 م"
