"relative_path","full_path","Name","Extension","Length","size_mb","LastWriteTime"
"01_fooocus\female_prompt_pack\Fooocus_Female_System_Windows\README_AR.md","D:\zzipp\جي بي\الكميرا\_organized_generation_workspace_20260612\01_fooocus\female_prompt_pack\Fooocus_Female_System_Windows\README_AR.md","README_AR.md",".md","1527","0.001","28/10/47 06:19:22 م"
"01_fooocus\Fooocus-main_canonical\Fooocus-main\development.md","D:\zzipp\جي بي\الكميرا\_organized_generation_workspace_20260612\01_fooocus\Fooocus-main_canonical\Fooocus-main\development.md","development.md",".md","178","0","10/03/47 01:28:40 م"
"01_fooocus\Fooocus-main_canonical\Fooocus-main\docker.md","D:\zzipp\جي بي\الكميرا\_organized_generation_workspace_20260612\01_fooocus\Fooocus-main_canonical\Fooocus-main\docker.md","docker.md",".md","5949","0.006","10/03/47 01:28:40 م"
"01_fooocus\Fooocus-main_canonical\Fooocus-main\readme.md","D:\zzipp\جي بي\الكميرا\_organized_generation_workspace_20260612\01_fooocus\Fooocus-main_canonical\Fooocus-main\readme.md","readme.md",".md","33354","0.032","10/03/47 01:28:40 م"
"01_fooocus\Fooocus-main_canonical\Fooocus-main\troubleshoot.md","D:\zzipp\جي بي\الكميرا\_organized_generation_workspace_20260612\01_fooocus\Fooocus-main_canonical\Fooocus-main\troubleshoot.md","troubleshoot.md",".md","8887","0.008","10/03/47 01:28:40 م"
"01_fooocus\Fooocus-main_canonical\Fooocus-main\update_log.md","D:\zzipp\جي بي\الكميرا\_organized_generation_workspace_20260612\01_fooocus\Fooocus-main_canonical\Fooocus-main\update_log.md","update_log.md",".md","29499","0.028","10/03/47 01:28:40 م"
"01_fooocus\Fooocus-main_canonical\Fooocus-main\outputs\2026-06-12\log.html","D:\zzipp\جي بي\الكميرا\_organized_generation_workspace_20260612\01_fooocus\Fooocus-main_canonical\Fooocus-main\outputs\2026-06-12\log.html","log.html",".html","28000","0.027","26/12/47 12:44:22 م"
"01_fooocus\Fooocus-release_minimal\Fooocus-release\readme.md","D:\zzipp\جي بي\الكميرا\_organized_generation_workspace_20260612\01_fooocus\Fooocus-release_minimal\Fooocus-release\readme.md","readme.md",".md","41","0","24/01/45 10:50:02 ص"
"01_fooocus\entry_with_update_full\development.md","D:\zzipp\جي بي\الكميرا\_organized_generation_workspace_20260612\01_fooocus\entry_with_update_full\development.md","development.md",".md","189","0","11/01/46 01:20:50 م"
"01_fooocus\entry_with_update_full\docker.md","D:\zzipp\جي بي\الكميرا\_organized_generation_workspace_20260612\01_fooocus\entry_with_update_full\docker.md","docker.md",".md","6079","0.006","11/01/46 01:20:50 م"
"01_fooocus\entry_with_update_full\readme.md","D:\zzipp\جي بي\الكميرا\_organized_generation_workspace_20260612\01_fooocus\entry_with_update_full\readme.md","readme.md",".md","33840","0.032","28/10/47 02:20:16 م"
"01_fooocus\entry_with_update_full\troubleshoot.md","D:\zzipp\جي بي\الكميرا\_organized_generation_workspace_20260612\01_fooocus\entry_with_update_full\troubleshoot.md","troubleshoot.md",".md","9065","0.009","11/01/46 01:20:50 م"
"01_fooocus\entry_with_update_full\update_log.md","D:\zzipp\جي بي\الكميرا\_organized_generation_workspace_20260612\01_fooocus\entry_with_update_full\update_log.md","update_log.md",".md","30249","0.029","28/10/47 02:20:16 م"
"02_stable_diffusion_webui\stable-diffusion-webui-master\stable-diffusion-webui-master\CHANGELOG.md","D:\zzipp\جي بي\الكميرا\_organized_generation_workspace_20260612\02_stable_diffusion_webui\stable-diffusion-webui-master\stable-diffusion-webui-master\CHANGELOG.md","CHANGELOG.md",".md","97085","0.093","21/01/46 05:49:38 ص"
"02_stable_diffusion_webui\stable-diffusion-webui-master\stable-diffusion-webui-master\README.md","D:\zzipp\جي بي\الكميرا\_organized_generation_workspace_20260612\02_stable_diffusion_webui\stable-diffusion-webui-master\stable-diffusion-webui-master\README.md","README.md",".md","12924","0.012","21/01/46 05:49:38 ص"
"02_stable_diffusion_webui\stable-diffusion-webui-master\stable-diffusion-webui-master\.github\pull_request_template.md","D:\zzipp\جي بي\الكميرا\_organized_generation_workspace_20260612\02_stable_diffusion_webui\stable-diffusion-webui-master\stable-diffusion-webui-master\.github\pull_request_template.md","pull_request_template.md",".md","577","0.001","21/01/46 05:49:38 ص"
"02_stable_diffusion_webui\stable-diffusion-webui-master\stable-diffusion-webui-master\html\extra-networks-card.html","D:\zzipp\جي بي\الكميرا\_organized_generation_workspace_20260612\02_stable_diffusion_webui\stable-diffusion-webui-master\stable-diffusion-webui-master\html\extra-networks-card.html","extra-networks-card.html",".html","360","0","21/01/46 05:49:38 ص"
"02_stable_diffusion_webui\stable-diffusion-webui-master\stable-diffusion-webui-master\html\extra-networks-copy-path-button.html","D:\zzipp\جي بي\الكميرا\_organized_generation_workspace_20260612\02_stable_diffusion_webui\stable-diffusion-webui-master\stable-diffusion-webui-master\html\extra-networks-copy-path-button.html","extra-networks-copy-path-button.html",".html","168","0","21/01/46 05:49:38 ص"
"02_stable_diffusion_webui\stable-diffusion-webui-master\stable-diffusion-webui-master\html\extra-networks-edit-item-button.html","D:\zzipp\جي بي\الكميرا\_organized_generation_workspace_20260612\02_stable_diffusion_webui\stable-diffusion-webui-master\stable-diffusion-webui-master\html\extra-networks-edit-item-button.html","extra-networks-edit-item-button.html",".html","162","0","21/01/46 05:49:38 ص"
"02_stable_diffusion_webui\stable-diffusion-webui-master\stable-diffusion-webui-master\html\extra-networks-metadata-button.html","D:\zzipp\جي بي\الكميرا\_organized_generation_workspace_20260612\02_stable_diffusion_webui\stable-diffusion-webui-master\stable-diffusion-webui-master\html\extra-networks-metadata-button.html","extra-networks-metadata-button.html",".html","161","0","21/01/46 05:49:38 ص"
"02_stable_diffusion_webui\stable-diffusion-webui-master\stable-diffusion-webui-master\html\extra-networks-no-cards.html","D:\zzipp\جي بي\الكميرا\_organized_generation_workspace_20260612\02_stable_diffusion_webui\stable-diffusion-webui-master\stable-diffusion-webui-master\html\extra-networks-no-cards.html","extra-networks-no-cards.html",".html","119","0","21/01/46 05:49:38 ص"
"02_stable_diffusion_webui\stable-diffusion-webui-master\stable-diffusion-webui-master\html\extra-networks-pane-dirs.html","D:\zzipp\جي بي\الكميرا\_organized_generation_workspace_20260612\02_stable_diffusion_webui\stable-diffusion-webui-master\stable-diffusion-webui-master\html\extra-networks-pane-dirs.html","extra-networks-pane-dirs.html",".html","322","0","21/01/46 05:49:38 ص"
"02_stable_diffusion_webui\stable-diffusion-webui-master\stable-diffusion-webui-master\html\extra-networks-pane-tree.html","D:\zzipp\جي بي\الكميرا\_organized_generation_workspace_20260612\02_stable_diffusion_webui\stable-diffusion-webui-master\stable-diffusion-webui-master\html\extra-networks-pane-tree.html","extra-networks-pane-tree.html",".html","423","0","21/01/46 05:49:38 ص"
"02_stable_diffusion_webui\stable-diffusion-webui-master\stable-diffusion-webui-master\html\extra-networks-pane.html","D:\zzipp\جي بي\الكميرا\_organized_generation_workspace_20260612\02_stable_diffusion_webui\stable-diffusion-webui-master\stable-diffusion-webui-master\html\extra-networks-pane.html","extra-networks-pane.html",".html","3675","0.004","21/01/46 05:49:38 ص"
"02_stable_diffusion_webui\stable-diffusion-webui-master\stable-diffusion-webui-master\html\extra-networks-tree-button.html","D:\zzipp\جي بي\الكميرا\_organized_generation_workspace_20260612\02_stable_diffusion_webui\stable-diffusion-webui-master\stable-diffusion-webui-master\html\extra-networks-tree-button.html","extra-networks-tree-button.html",".html","912","0.001","21/01/46 05:49:38 ص"
"02_stable_diffusion_webui\stable-diffusion-webui-master\stable-diffusion-webui-master\html\footer.html","D:\zzipp\جي بي\الكميرا\_organized_generation_workspace_20260612\02_stable_diffusion_webui\stable-diffusion-webui-master\stable-diffusion-webui-master\html\footer.html","footer.html",".html","556","0.001","21/01/46 05:49:38 ص"
"02_stable_diffusion_webui\stable-diffusion-webui-master\stable-diffusion-webui-master\html\licenses.html","D:\zzipp\جي بي\الكميرا\_organized_generation_workspace_20260612\02_stable_diffusion_webui\stable-diffusion-webui-master\stable-diffusion-webui-master\html\licenses.html","licenses.html",".html","20645","0.02","21/01/46 05:49:38 ص"
"02_stable_diffusion_webui\stable-diffusion-webui-master\stable-diffusion-webui-master\repositories\stable-diffusion-stability-ai\README.md","D:\zzipp\جي بي\الكميرا\_organized_generation_workspace_20260612\02_stable_diffusion_webui\stable-diffusion-webui-master\stable-diffusion-webui-master\repositories\stable-diffusion-stability-ai\README.md","README.md",".md","12656","0.012","26/12/47 01:59:46 م"
"02_stable_diffusion_webui\stable-diffusion-webui-master\stable-diffusion-webui-master\repositories\stable-diffusion-stability-ai\Stable_Diffusion_v1_Model_Card.md","D:\zzipp\جي بي\الكميرا\_organized_generation_workspace_20260612\02_stable_diffusion_webui\stable-diffusion-webui-master\stable-diffusion-webui-master\repositories\stable-diffusion-stability-ai\Stable_Diffusion_v1_Model_Card.md","Stable_Diffusion_v1_Model_Card.md",".md","9488","0.009","26/12/47 01:59:46 م"
"02_stable_diffusion_webui\stable-diffusion-webui-master\stable-diffusion-webui-master\repositories\generative-models\README.md","D:\zzipp\جي بي\الكميرا\_organized_generation_workspace_20260612\02_stable_diffusion_webui\stable-diffusion-webui-master\stable-diffusion-webui-master\repositories\generative-models\README.md","README.md",".md","12754","0.012","26/12/47 02:00:56 م"
"02_stable_diffusion_webui\stable-diffusion-webui-master\stable-diffusion-webui-master\repositories\k-diffusion\README.md","D:\zzipp\جي بي\الكميرا\_organized_generation_workspace_20260612\02_stable_diffusion_webui\stable-diffusion-webui-master\stable-diffusion-webui-master\repositories\k-diffusion\README.md","README.md",".md","3094","0.003","26/12/47 02:01:00 م"
"02_stable_diffusion_webui\stable-diffusion-webui-master\stable-diffusion-webui-master\repositories\BLIP\CODE_OF_CONDUCT.md","D:\zzipp\جي بي\الكميرا\_organized_generation_workspace_20260612\02_stable_diffusion_webui\stable-diffusion-webui-master\stable-diffusion-webui-master\repositories\BLIP\CODE_OF_CONDUCT.md","CODE_OF_CONDUCT.md",".md","5264","0.005","26/12/47 02:01:06 م"
"02_stable_diffusion_webui\stable-diffusion-webui-master\stable-diffusion-webui-master\repositories\BLIP\README.md","D:\zzipp\جي بي\الكميرا\_organized_generation_workspace_20260612\02_stable_diffusion_webui\stable-diffusion-webui-master\stable-diffusion-webui-master\repositories\BLIP\README.md","README.md",".md","9484","0.009","26/12/47 02:01:10 م"
"02_stable_diffusion_webui\stable-diffusion-webui-master\stable-diffusion-webui-master\repositories\BLIP\SECURITY.md","D:\zzipp\جي بي\الكميرا\_organized_generation_workspace_20260612\02_stable_diffusion_webui\stable-diffusion-webui-master\stable-diffusion-webui-master\repositories\BLIP\SECURITY.md","SECURITY.md",".md","408","0","26/12/47 02:01:06 م"
"02_stable_diffusion_webui\stable-diffusion-webui-master\stable-diffusion-webui-master\repositories\taming-transformers\README.md","D:\zzipp\جي بي\الكميرا\_organized_generation_workspace_20260612\02_stable_diffusion_webui\stable-diffusion-webui-master\stable-diffusion-webui-master\repositories\taming-transformers\README.md","README.md",".md","24445","0.023","26/12/47 02:32:44 م"
"05_docs_reports\fooocus_entry_with_update_full_scene_map.md","D:\zzipp\جي بي\الكميرا\_organized_generation_workspace_20260612\05_docs_reports\fooocus_entry_with_update_full_scene_map.md","fooocus_entry_with_update_full_scene_map.md",".md","5488","0.005","26/12/47 08:44:22 م"
"05_docs_reports\FULL_PATHS_AND_RUN_COMMANDS.md","D:\zzipp\جي بي\الكميرا\_organized_generation_workspace_20260612\05_docs_reports\FULL_PATHS_AND_RUN_COMMANDS.md","FULL_PATHS_AND_RUN_COMMANDS.md",".md","3799","0.004","26/12/47 08:49:14 م"
"05_docs_reports\FULL_TREE_AND_ALL_FILES_README.md","D:\zzipp\جي بي\الكميرا\_organized_generation_workspace_20260612\05_docs_reports\FULL_TREE_AND_ALL_FILES_README.md","FULL_TREE_AND_ALL_FILES_README.md",".md","2054","0.002","26/12/47 08:51:24 م"
"05_docs_reports\README_AR_run_and_structure.md","D:\zzipp\جي بي\الكميرا\_organized_generation_workspace_20260612\05_docs_reports\README_AR_run_and_structure.md","README_AR_run_and_structure.md",".md","4518","0.004","26/12/47 06:09:44 م"
"05_docs_reports\README_RUNBOOK.md","D:\zzipp\جي بي\الكميرا\_organized_generation_workspace_20260612\05_docs_reports\README_RUNBOOK.md","README_RUNBOOK.md",".md","2123","0.002","26/12/47 09:07:32 ص"
".venv_fooocus\Lib\site-packages\setuptools\tests\indexes\test_links_priority\external.html","D:\zzipp\جي بي\الكميرا\_organized_generation_workspace_20260612\.venv_fooocus\Lib\site-packages\setuptools\tests\indexes\test_links_priority\external.html","external.html",".html","92","0","26/12/47 09:31:14 ص"
".venv_fooocus\Lib\site-packages\setuptools\tests\indexes\test_links_priority\simple\foobar\index.html","D:\zzipp\جي بي\الكميرا\_organized_generation_workspace_20260612\.venv_fooocus\Lib\site-packages\setuptools\tests\indexes\test_links_priority\simple\foobar\index.html","index.html",".html","174","0","26/12/47 09:31:14 ص"
".venv_fooocus\Lib\site-packages\pip\_vendor\idna\LICENSE.md","D:\zzipp\جي بي\الكميرا\_organized_generation_workspace_20260612\.venv_fooocus\Lib\site-packages\pip\_vendor\idna\LICENSE.md","LICENSE.md",".md","1541","0.001","26/12/47 09:31:28 ص"
".venv_fooocus\Lib\site-packages\pip-26.1.2.dist-info\licenses\src\pip\_vendor\idna\LICENSE.md","D:\zzipp\جي بي\الكميرا\_organized_generation_workspace_20260612\.venv_fooocus\Lib\site-packages\pip-26.1.2.dist-info\licenses\src\pip\_vendor\idna\LICENSE.md","LICENSE.md",".md","1541","0.001","26/12/47 09:31:32 ص"
".venv_fooocus\Lib\site-packages\narwhals-2.22.1.dist-info\licenses\LICENSE.md","D:\zzipp\جي بي\الكميرا\_organized_generation_workspace_20260612\.venv_fooocus\Lib\site-packages\narwhals-2.22.1.dist-info\licenses\LICENSE.md","LICENSE.md",".md","1082","0.001","26/12/47 09:33:48 ص"
".venv_fooocus\Lib\site-packages\scipy\fft\_pocketfft\LICENSE.md","D:\zzipp\جي بي\الكميرا\_organized_generation_workspace_20260612\.venv_fooocus\Lib\site-packages\scipy\fft\_pocketfft\LICENSE.md","LICENSE.md",".md","1523","0.001","26/12/47 09:34:08 ص"
".venv_fooocus\Lib\site-packages\pygit2-1.15.1.dist-info\AUTHORS.md","D:\zzipp\جي بي\الكميرا\_organized_generation_workspace_20260612\.venv_fooocus\Lib\site-packages\pygit2-1.15.1.dist-info\AUTHORS.md","AUTHORS.md",".md","4183","0.004","26/12/47 09:35:00 ص"
".venv_fooocus\Lib\site-packages\numba\core\annotations\template.html","D:\zzipp\جي بي\الكميرا\_organized_generation_workspace_20260612\.venv_fooocus\Lib\site-packages\numba\core\annotations\template.html","template.html",".html","3608","0.003","26/12/47 09:36:26 ص"
".venv_fooocus\Lib\site-packages\httpcore-1.0.9.dist-info\licenses\LICENSE.md","D:\zzipp\جي بي\الكميرا\_organized_generation_workspace_20260612\.venv_fooocus\Lib\site-packages\httpcore-1.0.9.dist-info\licenses\LICENSE.md","LICENSE.md",".md","1518","0.001","26/12/47 09:37:10 ص"
".venv_fooocus\Lib\site-packages\pymatting-1.1.15.dist-info\licenses\LICENSE.md","D:\zzipp\جي بي\الكميرا\_organized_generation_workspace_20260612\.venv_fooocus\Lib\site-packages\pymatting-1.1.15.dist-info\licenses\LICENSE.md","LICENSE.md",".md","1066","0.001","26/12/47 09:37:12 ص"
".venv_fooocus\Lib\site-packages\pooch-1.9.0.dist-info\licenses\AUTHORS.md","D:\zzipp\جي بي\الكميرا\_organized_generation_workspace_20260612\.venv_fooocus\Lib\site-packages\pooch-1.9.0.dist-info\licenses\AUTHORS.md","AUTHORS.md",".md","3225","0.003","26/12/47 09:37:14 ص"
".venv_fooocus\Lib\site-packages\onnxruntime\Privacy.md","D:\zzipp\جي بي\الكميرا\_organized_generation_workspace_20260612\.venv_fooocus\Lib\site-packages\onnxruntime\Privacy.md","Privacy.md",".md","2490","0.002","26/12/47 09:37:16 ص"
".venv_fooocus\Lib\site-packages\onnxruntime\tools\mobile_helpers\coreml_supported_ops.md","D:\zzipp\جي بي\الكميرا\_organized_generation_workspace_20260612\.venv_fooocus\Lib\site-packages\onnxruntime\tools\mobile_helpers\coreml_supported_ops.md","coreml_supported_ops.md",".md","1796","0.002","26/12/47 09:37:18 ص"
".venv_fooocus\Lib\site-packages\onnxruntime\tools\mobile_helpers\nnapi_supported_ops.md","D:\zzipp\جي بي\الكميرا\_organized_generation_workspace_20260612\.venv_fooocus\Lib\site-packages\onnxruntime\tools\mobile_helpers\nnapi_supported_ops.md","nnapi_supported_ops.md",".md","2385","0.002","26/12/47 09:37:18 ص"
".venv_fooocus\Lib\site-packages\huggingface_hub\templates\datasetcard_template.md","D:\zzipp\جي بي\الكميرا\_organized_generation_workspace_20260612\.venv_fooocus\Lib\site-packages\huggingface_hub\templates\datasetcard_template.md","datasetcard_template.md",".md","5503","0.005","26/12/47 09:37:32 ص"
".venv_fooocus\Lib\site-packages\huggingface_hub\templates\modelcard_template.md","D:\zzipp\جي بي\الكميرا\_organized_generation_workspace_20260612\.venv_fooocus\Lib\site-packages\huggingface_hub\templates\modelcard_template.md","modelcard_template.md",".md","6870","0.007","26/12/47 09:37:32 ص"
".venv_fooocus\Lib\site-packages\httpx-0.27.0.dist-info\licenses\LICENSE.md","D:\zzipp\جي بي\الكميرا\_organized_generation_workspace_20260612\.venv_fooocus\Lib\site-packages\httpx-0.27.0.dist-info\licenses\LICENSE.md","LICENSE.md",".md","1508","0.001","26/12/47 09:37:38 ص"
".venv_fooocus\Lib\site-packages\supervision-0.6.0.dist-info\LICENSE.md","D:\zzipp\جي بي\الكميرا\_organized_generation_workspace_20260612\.venv_fooocus\Lib\site-packages\supervision-0.6.0.dist-info\LICENSE.md","LICENSE.md",".md","1065","0.001","26/12/47 09:38:00 ص"
".venv_fooocus\Lib\site-packages\gradio_client\CHANGELOG.md","D:\zzipp\جي بي\الكميرا\_organized_generation_workspace_20260612\.venv_fooocus\Lib\site-packages\gradio_client\CHANGELOG.md","CHANGELOG.md",".md","12637","0.012","26/12/47 09:38:02 ص"
".venv_fooocus\Lib\site-packages\lightning_fabric\CHANGELOG.md","D:\zzipp\جي بي\الكميرا\_organized_generation_workspace_20260612\.venv_fooocus\Lib\site-packages\lightning_fabric\CHANGELOG.md","CHANGELOG.md",".md","34170","0.033","26/12/47 09:39:50 ص"
".venv_fooocus\Lib\site-packages\pytorch_lightning\CHANGELOG.md","D:\zzipp\جي بي\الكميرا\_organized_generation_workspace_20260612\.venv_fooocus\Lib\site-packages\pytorch_lightning\CHANGELOG.md","CHANGELOG.md",".md","458321","0.437","26/12/47 09:39:52 ص"
".venv_fooocus\Lib\site-packages\pytorch_lightning\README.md","D:\zzipp\جي بي\الكميرا\_organized_generation_workspace_20260612\.venv_fooocus\Lib\site-packages\pytorch_lightning\README.md","README.md",".md","16132","0.015","26/12/47 09:39:52 ص"
".venv_fooocus\Lib\site-packages\altair\jupyter\js\README.md","D:\zzipp\جي بي\الكميرا\_organized_generation_workspace_20260612\.venv_fooocus\Lib\site-packages\altair\jupyter\js\README.md","README.md",".md","172","0","26/12/47 09:40:06 ص"
".venv_fooocus\Lib\site-packages\gradio\CHANGELOG.md","D:\zzipp\جي بي\الكميرا\_organized_generation_workspace_20260612\.venv_fooocus\Lib\site-packages\gradio\CHANGELOG.md","CHANGELOG.md",".md","249201","0.238","26/12/47 09:40:14 ص"
".venv_fooocus\Lib\site-packages\gradio\templates\cdn\index.html","D:\zzipp\جي بي\الكميرا\_organized_generation_workspace_20260612\.venv_fooocus\Lib\site-packages\gradio\templates\cdn\index.html","index.html",".html","2103","0.002","26/12/47 09:40:16 ص"
".venv_fooocus\Lib\site-packages\gradio\templates\frontend\index.html","D:\zzipp\جي بي\الكميرا\_organized_generation_workspace_20260612\.venv_fooocus\Lib\site-packages\gradio\templates\frontend\index.html","index.html",".html","2056","0.002","26/12/47 09:40:22 ص"
".venv_fooocus\Lib\site-packages\gradio\templates\frontend\share.html","D:\zzipp\جي بي\الكميرا\_organized_generation_workspace_20260612\.venv_fooocus\Lib\site-packages\gradio\templates\frontend\share.html","share.html",".html","2103","0.002","26/12/47 09:40:22 ص"
".venv_fooocus\Lib\site-packages\torch\utils\model_dump\skeleton.html","D:\zzipp\جي بي\الكميرا\_organized_generation_workspace_20260612\.venv_fooocus\Lib\site-packages\torch\utils\model_dump\skeleton.html","skeleton.html",".html","405","0","26/12/47 10:49:18 ص"
".venv_fooocus\Lib\site-packages\torchgen\packaged\autograd\README.md","D:\zzipp\جي بي\الكميرا\_organized_generation_workspace_20260612\.venv_fooocus\Lib\site-packages\torchgen\packaged\autograd\README.md","README.md",".md","150","0","26/12/47 10:49:20 ص"
".venv_fooocus\Lib\site-packages\numpy\random\LICENSE.md","D:\zzipp\جي بي\الكميرا\_organized_generation_workspace_20260612\.venv_fooocus\Lib\site-packages\numpy\random\LICENSE.md","LICENSE.md",".md","3582","0.003","26/12/47 10:55:48 ص"
".venv_fooocus\Lib\site-packages\idna-3.6.dist-info\LICENSE.md","D:\zzipp\جي بي\الكميرا\_organized_generation_workspace_20260612\.venv_fooocus\Lib\site-packages\idna-3.6.dist-info\LICENSE.md","LICENSE.md",".md","1541","0.001","26/12/47 10:57:00 ص"
".venv_fooocus\Lib\site-packages\uvicorn-0.23.2.dist-info\licenses\LICENSE.md","D:\zzipp\جي بي\الكميرا\_organized_generation_workspace_20260612\.venv_fooocus\Lib\site-packages\uvicorn-0.23.2.dist-info\licenses\LICENSE.md","LICENSE.md",".md","1526","0.001","26/12/47 10:57:50 ص"
".venv_fooocus\Lib\site-packages\starlette-0.27.0.dist-info\licenses\LICENSE.md","D:\zzipp\جي بي\الكميرا\_organized_generation_workspace_20260612\.venv_fooocus\Lib\site-packages\starlette-0.27.0.dist-info\licenses\LICENSE.md","LICENSE.md",".md","1518","0.001","26/12/47 10:57:56 ص"
".venv_sdwebui\Lib\site-packages\pip\_vendor\idna\LICENSE.md","D:\zzipp\جي بي\الكميرا\_organized_generation_workspace_20260612\.venv_sdwebui\Lib\site-packages\pip\_vendor\idna\LICENSE.md","LICENSE.md",".md","1541","0.001","26/12/47 12:52:38 م"
".venv_sdwebui\Lib\site-packages\pip-26.1.2.dist-info\licenses\src\pip\_vendor\idna\LICENSE.md","D:\zzipp\جي بي\الكميرا\_organized_generation_workspace_20260612\.venv_sdwebui\Lib\site-packages\pip-26.1.2.dist-info\licenses\src\pip\_vendor\idna\LICENSE.md","LICENSE.md",".md","1541","0.001","26/12/47 12:52:44 م"
".venv_sdwebui\Lib\site-packages\idna-3.18.dist-info\licenses\LICENSE.md","D:\zzipp\جي بي\الكميرا\_organized_generation_workspace_20260612\.venv_sdwebui\Lib\site-packages\idna-3.18.dist-info\licenses\LICENSE.md","LICENSE.md",".md","1541","0.001","26/12/47 12:57:32 م"
".venv_sdwebui\Lib\site-packages\torch\utils\model_dump\skeleton.html","D:\zzipp\جي بي\الكميرا\_organized_generation_workspace_20260612\.venv_sdwebui\Lib\site-packages\torch\utils\model_dump\skeleton.html","skeleton.html",".html","405","0","26/12/47 01:04:04 م"
".venv_sdwebui\Lib\site-packages\torchgen\packaged\autograd\README.md","D:\zzipp\جي بي\الكميرا\_organized_generation_workspace_20260612\.venv_sdwebui\Lib\site-packages\torchgen\packaged\autograd\README.md","README.md",".md","150","0","26/12/47 01:04:06 م"
".venv_sdwebui\Lib\site-packages\typer\.agents\skills\typer\SKILL.md","D:\zzipp\جي بي\الكميرا\_organized_generation_workspace_20260612\.venv_sdwebui\Lib\site-packages\typer\.agents\skills\typer\SKILL.md","SKILL.md",".md","6172","0.006","26/12/47 01:08:54 م"
".venv_sdwebui\Lib\site-packages\aenum\README.md","D:\zzipp\جي بي\الكميرا\_organized_generation_workspace_20260612\.venv_sdwebui\Lib\site-packages\aenum\README.md","README.md",".md","6207","0.006","26/12/47 02:02:32 م"
".venv_sdwebui\Lib\site-packages\aenum\doc\aenum.pdf","D:\zzipp\جي بي\الكميرا\_organized_generation_workspace_20260612\.venv_sdwebui\Lib\site-packages\aenum\doc\aenum.pdf","aenum.pdf",".pdf","137027","0.131","26/12/47 02:02:32 م"
".venv_sdwebui\Lib\site-packages\pyparsing\ai\best_practices.md","D:\zzipp\جي بي\الكميرا\_organized_generation_workspace_20260612\.venv_sdwebui\Lib\site-packages\pyparsing\ai\best_practices.md","best_practices.md",".md","8472","0.008","26/12/47 02:02:50 م"
".venv_sdwebui\Lib\site-packages\numpy\random\LICENSE.md","D:\zzipp\جي بي\الكميرا\_organized_generation_workspace_20260612\.venv_sdwebui\Lib\site-packages\numpy\random\LICENSE.md","LICENSE.md",".md","3582","0.003","26/12/47 02:03:20 م"
".venv_sdwebui\Lib\site-packages\narwhals-2.22.1.dist-info\licenses\LICENSE.md","D:\zzipp\جي بي\الكميرا\_organized_generation_workspace_20260612\.venv_sdwebui\Lib\site-packages\narwhals-2.22.1.dist-info\licenses\LICENSE.md","LICENSE.md",".md","1082","0.001","26/12/47 02:04:02 م"
".venv_sdwebui\Lib\site-packages\lazy_loader-0.5.dist-info\licenses\LICENSE.md","D:\zzipp\جي بي\الكميرا\_organized_generation_workspace_20260612\.venv_sdwebui\Lib\site-packages\lazy_loader-0.5.dist-info\licenses\LICENSE.md","LICENSE.md",".md","1539","0.001","26/12/47 02:04:14 م"
".venv_sdwebui\Lib\site-packages\uvicorn-0.49.0.dist-info\licenses\LICENSE.md","D:\zzipp\جي بي\الكميرا\_organized_generation_workspace_20260612\.venv_sdwebui\Lib\site-packages\uvicorn-0.49.0.dist-info\licenses\LICENSE.md","LICENSE.md",".md","1526","0.001","26/12/47 02:04:46 م"
".venv_sdwebui\Lib\site-packages\scipy\fft\_pocketfft\LICENSE.md","D:\zzipp\جي بي\الكميرا\_organized_generation_workspace_20260612\.venv_sdwebui\Lib\site-packages\scipy\fft\_pocketfft\LICENSE.md","LICENSE.md",".md","1523","0.001","26/12/47 02:04:50 م"
".venv_sdwebui\Lib\site-packages\numba\core\annotations\template.html","D:\zzipp\جي بي\الكميرا\_organized_generation_workspace_20260612\.venv_sdwebui\Lib\site-packages\numba\core\annotations\template.html","template.html",".html","3608","0.003","26/12/47 02:06:00 م"
".venv_sdwebui\Lib\site-packages\huggingface_hub\templates\datasetcard_template.md","D:\zzipp\جي بي\الكميرا\_organized_generation_workspace_20260612\.venv_sdwebui\Lib\site-packages\huggingface_hub\templates\datasetcard_template.md","datasetcard_template.md",".md","5503","0.005","26/12/47 02:06:46 م"
".venv_sdwebui\Lib\site-packages\huggingface_hub\templates\modelcard_template.md","D:\zzipp\جي بي\الكميرا\_organized_generation_workspace_20260612\.venv_sdwebui\Lib\site-packages\huggingface_hub\templates\modelcard_template.md","modelcard_template.md",".md","6870","0.007","26/12/47 02:06:46 م"
".venv_sdwebui\Lib\site-packages\blendmodes-2022.dist-info\LICENSE.md","D:\zzipp\جي بي\الكميرا\_organized_generation_workspace_20260612\.venv_sdwebui\Lib\site-packages\blendmodes-2022.dist-info\LICENSE.md","LICENSE.md",".md","1192","0.001","26/12/47 02:06:58 م"
".venv_sdwebui\Lib\site-packages\starlette-0.26.1.dist-info\licenses\LICENSE.md","D:\zzipp\جي بي\الكميرا\_organized_generation_workspace_20260612\.venv_sdwebui\Lib\site-packages\starlette-0.26.1.dist-info\licenses\LICENSE.md","LICENSE.md",".md","1518","0.001","26/12/47 02:08:34 م"
".venv_sdwebui\Lib\site-packages\matplotlib\backends\web_backend\all_figures.html","D:\zzipp\جي بي\الكميرا\_organized_generation_workspace_20260612\.venv_sdwebui\Lib\site-packages\matplotlib\backends\web_backend\all_figures.html","all_figures.html",".html","1753","0.002","26/12/47 02:11:12 م"
".venv_sdwebui\Lib\site-packages\matplotlib\backends\web_backend\ipython_inline_figure.html","D:\zzipp\جي بي\الكميرا\_organized_generation_workspace_20260612\.venv_sdwebui\Lib\site-packages\matplotlib\backends\web_backend\ipython_inline_figure.html","ipython_inline_figure.html",".html","1311","0.001","26/12/47 02:11:12 م"
".venv_sdwebui\Lib\site-packages\matplotlib\backends\web_backend\single_figure.html","D:\zzipp\جي بي\الكميرا\_organized_generation_workspace_20260612\.venv_sdwebui\Lib\site-packages\matplotlib\backends\web_backend\single_figure.html","single_figure.html",".html","1357","0.001","26/12/47 02:11:12 م"
".venv_sdwebui\Lib\site-packages\matplotlib\mpl-data\images\back.pdf","D:\zzipp\جي بي\الكميرا\_organized_generation_workspace_20260612\.venv_sdwebui\Lib\site-packages\matplotlib\mpl-data\images\back.pdf","back.pdf",".pdf","1623","0.002","26/12/47 02:11:14 م"
".venv_sdwebui\Lib\site-packages\matplotlib\mpl-data\images\filesave.pdf","D:\zzipp\جي بي\الكميرا\_organized_generation_workspace_20260612\.venv_sdwebui\Lib\site-packages\matplotlib\mpl-data\images\filesave.pdf","filesave.pdf",".pdf","1734","0.002","26/12/47 02:11:14 م"
".venv_sdwebui\Lib\site-packages\matplotlib\mpl-data\images\forward.pdf","D:\zzipp\جي بي\الكميرا\_organized_generation_workspace_20260612\.venv_sdwebui\Lib\site-packages\matplotlib\mpl-data\images\forward.pdf","forward.pdf",".pdf","1630","0.002","26/12/47 02:11:14 م"
".venv_sdwebui\Lib\site-packages\matplotlib\mpl-data\images\hand.pdf","D:\zzipp\جي بي\الكميرا\_organized_generation_workspace_20260612\.venv_sdwebui\Lib\site-packages\matplotlib\mpl-data\images\hand.pdf","hand.pdf",".pdf","4172","0.004","26/12/47 02:11:14 م"
".venv_sdwebui\Lib\site-packages\matplotlib\mpl-data\images\help.pdf","D:\zzipp\جي بي\الكميرا\_organized_generation_workspace_20260612\.venv_sdwebui\Lib\site-packages\matplotlib\mpl-data\images\help.pdf","help.pdf",".pdf","1813","0.002","26/12/47 02:11:14 م"
".venv_sdwebui\Lib\site-packages\matplotlib\mpl-data\images\home.pdf","D:\zzipp\جي بي\الكميرا\_organized_generation_workspace_20260612\.venv_sdwebui\Lib\site-packages\matplotlib\mpl-data\images\home.pdf","home.pdf",".pdf","1737","0.002","26/12/47 02:11:14 م"
".venv_sdwebui\Lib\site-packages\matplotlib\mpl-data\images\matplotlib.pdf","D:\zzipp\جي بي\الكميرا\_organized_generation_workspace_20260612\.venv_sdwebui\Lib\site-packages\matplotlib\mpl-data\images\matplotlib.pdf","matplotlib.pdf",".pdf","22852","0.022","26/12/47 02:11:14 م"
".venv_sdwebui\Lib\site-packages\matplotlib\mpl-data\images\move.pdf","D:\zzipp\جي بي\الكميرا\_organized_generation_workspace_20260612\.venv_sdwebui\Lib\site-packages\matplotlib\mpl-data\images\move.pdf","move.pdf",".pdf","1867","0.002","26/12/47 02:11:14 م"
".venv_sdwebui\Lib\site-packages\matplotlib\mpl-data\images\qt4_editor_options.pdf","D:\zzipp\جي بي\الكميرا\_organized_generation_workspace_20260612\.venv_sdwebui\Lib\site-packages\matplotlib\mpl-data\images\qt4_editor_options.pdf","qt4_editor_options.pdf",".pdf","1568","0.001","26/12/47 02:11:14 م"
".venv_sdwebui\Lib\site-packages\matplotlib\mpl-data\images\subplots.pdf","D:\zzipp\جي بي\الكميرا\_organized_generation_workspace_20260612\.venv_sdwebui\Lib\site-packages\matplotlib\mpl-data\images\subplots.pdf","subplots.pdf",".pdf","1714","0.002","26/12/47 02:11:14 م"
".venv_sdwebui\Lib\site-packages\matplotlib\mpl-data\images\zoom_to_rect.pdf","D:\zzipp\جي بي\الكميرا\_organized_generation_workspace_20260612\.venv_sdwebui\Lib\site-packages\matplotlib\mpl-data\images\zoom_to_rect.pdf","zoom_to_rect.pdf",".pdf","1609","0.002","26/12/47 02:11:14 م"
".venv_sdwebui\Lib\site-packages\httpcore-0.15.0.dist-info\LICENSE.md","D:\zzipp\جي بي\الكميرا\_organized_generation_workspace_20260612\.venv_sdwebui\Lib\site-packages\httpcore-0.15.0.dist-info\LICENSE.md","LICENSE.md",".md","1518","0.001","26/12/47 02:11:34 م"
".venv_sdwebui\Lib\site-packages\httpx-0.24.1.dist-info\licenses\LICENSE.md","D:\zzipp\جي بي\الكميرا\_organized_generation_workspace_20260612\.venv_sdwebui\Lib\site-packages\httpx-0.24.1.dist-info\licenses\LICENSE.md","LICENSE.md",".md","1508","0.001","26/12/47 02:12:22 م"
".venv_sdwebui\Lib\site-packages\lightning_fabric\CHANGELOG.md","D:\zzipp\جي بي\الكميرا\_organized_generation_workspace_20260612\.venv_sdwebui\Lib\site-packages\lightning_fabric\CHANGELOG.md","CHANGELOG.md",".md","7063","0.007","26/12/47 02:12:56 م"
".venv_sdwebui\Lib\site-packages\pytorch_lightning\CHANGELOG.md","D:\zzipp\جي بي\الكميرا\_organized_generation_workspace_20260612\.venv_sdwebui\Lib\site-packages\pytorch_lightning\CHANGELOG.md","CHANGELOG.md",".md","396806","0.378","26/12/47 02:12:58 م"
".venv_sdwebui\Lib\site-packages\pytorch_lightning\README.md","D:\zzipp\جي بي\الكميرا\_organized_generation_workspace_20260612\.venv_sdwebui\Lib\site-packages\pytorch_lightning\README.md","README.md",".md","17216","0.016","26/12/47 02:12:58 م"
".venv_sdwebui\Lib\site-packages\gradio_client\CHANGELOG.md","D:\zzipp\جي بي\الكميرا\_organized_generation_workspace_20260612\.venv_sdwebui\Lib\site-packages\gradio_client\CHANGELOG.md","CHANGELOG.md",".md","12637","0.012","26/12/47 02:13:12 م"
".venv_sdwebui\Lib\site-packages\facexlib\weights\README.md","D:\zzipp\جي بي\الكميرا\_organized_generation_workspace_20260612\.venv_sdwebui\Lib\site-packages\facexlib\weights\README.md","README.md",".md","54","0","26/12/47 02:13:14 م"
".venv_sdwebui\Lib\site-packages\altair\jupyter\js\README.md","D:\zzipp\جي بي\الكميرا\_organized_generation_workspace_20260612\.venv_sdwebui\Lib\site-packages\altair\jupyter\js\README.md","README.md",".md","172","0","26/12/47 02:13:18 م"
".venv_sdwebui\Lib\site-packages\gradio\CHANGELOG.md","D:\zzipp\جي بي\الكميرا\_organized_generation_workspace_20260612\.venv_sdwebui\Lib\site-packages\gradio\CHANGELOG.md","CHANGELOG.md",".md","249201","0.238","26/12/47 02:13:30 م"
".venv_sdwebui\Lib\site-packages\gradio\templates\cdn\index.html","D:\zzipp\جي بي\الكميرا\_organized_generation_workspace_20260612\.venv_sdwebui\Lib\site-packages\gradio\templates\cdn\index.html","index.html",".html","2103","0.002","26/12/47 02:13:32 م"
".venv_sdwebui\Lib\site-packages\gradio\templates\frontend\index.html","D:\zzipp\جي بي\الكميرا\_organized_generation_workspace_20260612\.venv_sdwebui\Lib\site-packages\gradio\templates\frontend\index.html","index.html",".html","2056","0.002","26/12/47 02:13:38 م"
".venv_sdwebui\Lib\site-packages\gradio\templates\frontend\share.html","D:\zzipp\جي بي\الكميرا\_organized_generation_workspace_20260612\.venv_sdwebui\Lib\site-packages\gradio\templates\frontend\share.html","share.html",".html","2103","0.002","26/12/47 02:13:38 م"
"06_portable_tools\PortableGit-2.54.0-64-bit\mingw64\share\doc\xz\api\annotated.html","D:\zzipp\جي بي\الكميرا\_organized_generation_workspace_20260612\06_portable_tools\PortableGit-2.54.0-64-bit\mingw64\share\doc\xz\api\annotated.html","annotated.html",".html","6358","0.006","03/11/47 08:50:06 م"
"06_portable_tools\PortableGit-2.54.0-64-bit\mingw64\share\doc\xz\api\base_8h.html","D:\zzipp\جي بي\الكميرا\_organized_generation_workspace_20260612\06_portable_tools\PortableGit-2.54.0-64-bit\mingw64\share\doc\xz\api\base_8h.html","base_8h.html",".html","51262","0.049","03/11/47 08:50:06 م"
"06_portable_tools\PortableGit-2.54.0-64-bit\mingw64\share\doc\xz\api\bcj_8h.html","D:\zzipp\جي بي\الكميرا\_organized_generation_workspace_20260612\06_portable_tools\PortableGit-2.54.0-64-bit\mingw64\share\doc\xz\api\bcj_8h.html","bcj_8h.html",".html","22886","0.022","03/11/47 08:50:06 م"
"06_portable_tools\PortableGit-2.54.0-64-bit\mingw64\share\doc\xz\api\block_8h.html","D:\zzipp\جي بي\الكميرا\_organized_generation_workspace_20260612\06_portable_tools\PortableGit-2.54.0-64-bit\mingw64\share\doc\xz\api\block_8h.html","block_8h.html",".html","52392","0.05","03/11/47 08:50:06 م"
"06_portable_tools\PortableGit-2.54.0-64-bit\mingw64\share\doc\xz\api\check_8h.html","D:\zzipp\جي بي\الكميرا\_organized_generation_workspace_20260612\06_portable_tools\PortableGit-2.54.0-64-bit\mingw64\share\doc\xz\api\check_8h.html","check_8h.html",".html","21341","0.02","03/11/47 08:50:06 م"
"06_portable_tools\PortableGit-2.54.0-64-bit\mingw64\share\doc\xz\api\classes.html","D:\zzipp\جي بي\الكميرا\_organized_generation_workspace_20260612\06_portable_tools\PortableGit-2.54.0-64-bit\mingw64\share\doc\xz\api\classes.html","classes.html",".html","4004","0.004","03/11/47 08:50:06 م"
"06_portable_tools\PortableGit-2.54.0-64-bit\mingw64\share\doc\xz\api\container_8h.html","D:\zzipp\جي بي\الكميرا\_organized_generation_workspace_20260612\06_portable_tools\PortableGit-2.54.0-64-bit\mingw64\share\doc\xz\api\container_8h.html","container_8h.html",".html","92820","0.089","03/11/47 08:50:06 م"
"06_portable_tools\PortableGit-2.54.0-64-bit\mingw64\share\doc\xz\api\delta_8h.html","D:\zzipp\جي بي\الكميرا\_organized_generation_workspace_20260612\06_portable_tools\PortableGit-2.54.0-64-bit\mingw64\share\doc\xz\api\delta_8h.html","delta_8h.html",".html","8770","0.008","03/11/47 08:50:06 م"
"06_portable_tools\PortableGit-2.54.0-64-bit\mingw64\share\doc\xz\api\dir_b17a1d403082bd69a703ed987cf158fb.html","D:\zzipp\جي بي\الكميرا\_organized_generation_workspace_20260612\06_portable_tools\PortableGit-2.54.0-64-bit\mingw64\share\doc\xz\api\dir_b17a1d403082bd69a703ed987cf158fb.html","dir_b17a1d403082bd69a703ed987cf158fb.html",".html","8592","0.008","03/11/47 08:50:06 م"
"06_portable_tools\PortableGit-2.54.0-64-bit\mingw64\share\doc\xz\api\doxygen_crawl.html","D:\zzipp\جي بي\الكميرا\_organized_generation_workspace_20260612\06_portable_tools\PortableGit-2.54.0-64-bit\mingw64\share\doc\xz\api\doxygen_crawl.html","doxygen_crawl.html",".html","21571","0.021","03/11/47 08:50:06 م"
"06_portable_tools\PortableGit-2.54.0-64-bit\mingw64\share\doc\xz\api\files.html","D:\zzipp\جي بي\الكميرا\_organized_generation_workspace_20260612\06_portable_tools\PortableGit-2.54.0-64-bit\mingw64\share\doc\xz\api\files.html","files.html",".html","8247","0.008","03/11/47 08:50:06 م"
"06_portable_tools\PortableGit-2.54.0-64-bit\mingw64\share\doc\xz\api\filter_8h.html","D:\zzipp\جي بي\الكميرا\_organized_generation_workspace_20260612\06_portable_tools\PortableGit-2.54.0-64-bit\mingw64\share\doc\xz\api\filter_8h.html","filter_8h.html",".html","89615","0.085","03/11/47 08:50:06 م"
"06_portable_tools\PortableGit-2.54.0-64-bit\mingw64\share\doc\xz\api\functions_vars.html","D:\zzipp\جي بي\الكميرا\_organized_generation_workspace_20260612\06_portable_tools\PortableGit-2.54.0-64-bit\mingw64\share\doc\xz\api\functions_vars.html","functions_vars.html",".html","14312","0.014","03/11/47 08:50:06 م"
"06_portable_tools\PortableGit-2.54.0-64-bit\mingw64\share\doc\xz\api\functions.html","D:\zzipp\جي بي\الكميرا\_organized_generation_workspace_20260612\06_portable_tools\PortableGit-2.54.0-64-bit\mingw64\share\doc\xz\api\functions.html","functions.html",".html","14309","0.014","03/11/47 08:50:06 م"
"06_portable_tools\PortableGit-2.54.0-64-bit\mingw64\share\doc\xz\api\globals_defs.html","D:\zzipp\جي بي\الكميرا\_organized_generation_workspace_20260612\06_portable_tools\PortableGit-2.54.0-64-bit\mingw64\share\doc\xz\api\globals_defs.html","globals_defs.html",".html","10450","0.01","03/11/47 08:50:06 م"
"06_portable_tools\PortableGit-2.54.0-64-bit\mingw64\share\doc\xz\api\globals_enum.html","D:\zzipp\جي بي\الكميرا\_organized_generation_workspace_20260612\06_portable_tools\PortableGit-2.54.0-64-bit\mingw64\share\doc\xz\api\globals_enum.html","globals_enum.html",".html","4469","0.004","03/11/47 08:50:06 م"
"06_portable_tools\PortableGit-2.54.0-64-bit\mingw64\share\doc\xz\api\globals_eval.html","D:\zzipp\جي بي\الكميرا\_organized_generation_workspace_20260612\06_portable_tools\PortableGit-2.54.0-64-bit\mingw64\share\doc\xz\api\globals_eval.html","globals_eval.html",".html","8735","0.008","03/11/47 08:50:06 م"
"06_portable_tools\PortableGit-2.54.0-64-bit\mingw64\share\doc\xz\api\globals_func.html","D:\zzipp\جي بي\الكميرا\_organized_generation_workspace_20260612\06_portable_tools\PortableGit-2.54.0-64-bit\mingw64\share\doc\xz\api\globals_func.html","globals_func.html",".html","18338","0.017","03/11/47 08:50:06 م"
"06_portable_tools\PortableGit-2.54.0-64-bit\mingw64\share\doc\xz\api\globals_type.html","D:\zzipp\جي بي\الكميرا\_organized_generation_workspace_20260612\06_portable_tools\PortableGit-2.54.0-64-bit\mingw64\share\doc\xz\api\globals_type.html","globals_type.html",".html","4115","0.004","03/11/47 08:50:06 م"
"06_portable_tools\PortableGit-2.54.0-64-bit\mingw64\share\doc\xz\api\globals.html","D:\zzipp\جي بي\الكميرا\_organized_generation_workspace_20260612\06_portable_tools\PortableGit-2.54.0-64-bit\mingw64\share\doc\xz\api\globals.html","globals.html",".html","31553","0.03","03/11/47 08:50:06 م"
"06_portable_tools\PortableGit-2.54.0-64-bit\mingw64\share\doc\xz\api\hardware_8h.html","D:\zzipp\جي بي\الكميرا\_organized_generation_workspace_20260612\06_portable_tools\PortableGit-2.54.0-64-bit\mingw64\share\doc\xz\api\hardware_8h.html","hardware_8h.html",".html","8625","0.008","03/11/47 08:50:06 م"
"06_portable_tools\PortableGit-2.54.0-64-bit\mingw64\share\doc\xz\api\index__hash_8h.html","D:\zzipp\جي بي\الكميرا\_organized_generation_workspace_20260612\06_portable_tools\PortableGit-2.54.0-64-bit\mingw64\share\doc\xz\api\index__hash_8h.html","index__hash_8h.html",".html","21414","0.02","03/11/47 08:50:06 م"
"06_portable_tools\PortableGit-2.54.0-64-bit\mingw64\share\doc\xz\api\index_8h.html","D:\zzipp\جي بي\الكميرا\_organized_generation_workspace_20260612\06_portable_tools\PortableGit-2.54.0-64-bit\mingw64\share\doc\xz\api\index_8h.html","index_8h.html",".html","99602","0.095","03/11/47 08:50:06 م"
"06_portable_tools\PortableGit-2.54.0-64-bit\mingw64\share\doc\xz\api\index.html","D:\zzipp\جي بي\الكميرا\_organized_generation_workspace_20260612\06_portable_tools\PortableGit-2.54.0-64-bit\mingw64\share\doc\xz\api\index.html","index.html",".html","3835","0.004","03/11/47 08:50:06 م"
"06_portable_tools\PortableGit-2.54.0-64-bit\mingw64\share\doc\xz\api\lzma_8h.html","D:\zzipp\جي بي\الكميرا\_organized_generation_workspace_20260612\06_portable_tools\PortableGit-2.54.0-64-bit\mingw64\share\doc\xz\api\lzma_8h.html","lzma_8h.html",".html","9540","0.009","03/11/47 08:50:06 م"
"06_portable_tools\PortableGit-2.54.0-64-bit\mingw64\share\doc\xz\api\lzma12_8h.html","D:\zzipp\جي بي\الكميرا\_organized_generation_workspace_20260612\06_portable_tools\PortableGit-2.54.0-64-bit\mingw64\share\doc\xz\api\lzma12_8h.html","lzma12_8h.html",".html","31021","0.03","03/11/47 08:50:06 م"
"06_portable_tools\PortableGit-2.54.0-64-bit\mingw64\share\doc\xz\api\stream__flags_8h.html","D:\zzipp\جي بي\الكميرا\_organized_generation_workspace_20260612\06_portable_tools\PortableGit-2.54.0-64-bit\mingw64\share\doc\xz\api\stream__flags_8h.html","stream__flags_8h.html",".html","23137","0.022","03/11/47 08:50:06 م"
"06_portable_tools\PortableGit-2.54.0-64-bit\mingw64\share\doc\xz\api\structlzma__allocator.html","D:\zzipp\جي بي\الكميرا\_organized_generation_workspace_20260612\06_portable_tools\PortableGit-2.54.0-64-bit\mingw64\share\doc\xz\api\structlzma__allocator.html","structlzma__allocator.html",".html","13510","0.013","03/11/47 08:50:06 م"
"06_portable_tools\PortableGit-2.54.0-64-bit\mingw64\share\doc\xz\api\structlzma__block.html","D:\zzipp\جي بي\الكميرا\_organized_generation_workspace_20260612\06_portable_tools\PortableGit-2.54.0-64-bit\mingw64\share\doc\xz\api\structlzma__block.html","structlzma__block.html",".html","27823","0.027","03/11/47 08:50:06 م"
"06_portable_tools\PortableGit-2.54.0-64-bit\mingw64\share\doc\xz\api\structlzma__filter.html","D:\zzipp\جي بي\الكميرا\_organized_generation_workspace_20260612\06_portable_tools\PortableGit-2.54.0-64-bit\mingw64\share\doc\xz\api\structlzma__filter.html","structlzma__filter.html",".html","7467","0.007","03/11/47 08:50:06 م"
"06_portable_tools\PortableGit-2.54.0-64-bit\mingw64\share\doc\xz\api\structlzma__index__iter.html","D:\zzipp\جي بي\الكميرا\_organized_generation_workspace_20260612\06_portable_tools\PortableGit-2.54.0-64-bit\mingw64\share\doc\xz\api\structlzma__index__iter.html","structlzma__index__iter.html",".html","27009","0.026","03/11/47 08:50:06 م"
"06_portable_tools\PortableGit-2.54.0-64-bit\mingw64\share\doc\xz\api\structlzma__mt.html","D:\zzipp\جي بي\الكميرا\_organized_generation_workspace_20260612\06_portable_tools\PortableGit-2.54.0-64-bit\mingw64\share\doc\xz\api\structlzma__mt.html","structlzma__mt.html",".html","17847","0.017","03/11/47 08:50:06 م"
"06_portable_tools\PortableGit-2.54.0-64-bit\mingw64\share\doc\xz\api\structlzma__options__bcj.html","D:\zzipp\جي بي\الكميرا\_organized_generation_workspace_20260612\06_portable_tools\PortableGit-2.54.0-64-bit\mingw64\share\doc\xz\api\structlzma__options__bcj.html","structlzma__options__bcj.html",".html","6432","0.006","03/11/47 08:50:06 م"
"06_portable_tools\PortableGit-2.54.0-64-bit\mingw64\share\doc\xz\api\structlzma__options__delta.html","D:\zzipp\جي بي\الكميرا\_organized_generation_workspace_20260612\06_portable_tools\PortableGit-2.54.0-64-bit\mingw64\share\doc\xz\api\structlzma__options__delta.html","structlzma__options__delta.html",".html","6228","0.006","03/11/47 08:50:06 م"
"06_portable_tools\PortableGit-2.54.0-64-bit\mingw64\share\doc\xz\api\structlzma__options__lzma.html","D:\zzipp\جي بي\الكميرا\_organized_generation_workspace_20260612\06_portable_tools\PortableGit-2.54.0-64-bit\mingw64\share\doc\xz\api\structlzma__options__lzma.html","structlzma__options__lzma.html",".html","25929","0.025","03/11/47 08:50:06 م"
"06_portable_tools\PortableGit-2.54.0-64-bit\mingw64\share\doc\xz\api\structlzma__stream__flags.html","D:\zzipp\جي بي\الكميرا\_organized_generation_workspace_20260612\06_portable_tools\PortableGit-2.54.0-64-bit\mingw64\share\doc\xz\api\structlzma__stream__flags.html","structlzma__stream__flags.html",".html","9240","0.009","03/11/47 08:50:06 م"
"06_portable_tools\PortableGit-2.54.0-64-bit\mingw64\share\doc\xz\api\structlzma__stream.html","D:\zzipp\جي بي\الكميرا\_organized_generation_workspace_20260612\06_portable_tools\PortableGit-2.54.0-64-bit\mingw64\share\doc\xz\api\structlzma__stream.html","structlzma__stream.html",".html","15426","0.015","03/11/47 08:50:06 م"
"06_portable_tools\PortableGit-2.54.0-64-bit\mingw64\share\doc\xz\api\version_8h.html","D:\zzipp\جي بي\الكميرا\_organized_generation_workspace_20260612\06_portable_tools\PortableGit-2.54.0-64-bit\mingw64\share\doc\xz\api\version_8h.html","version_8h.html",".html","19924","0.019","03/11/47 08:50:06 م"
"06_portable_tools\PortableGit-2.54.0-64-bit\mingw64\share\doc\xz\api\vli_8h.html","D:\zzipp\جي بي\الكميرا\_organized_generation_workspace_20260612\06_portable_tools\PortableGit-2.54.0-64-bit\mingw64\share\doc\xz\api\vli_8h.html","vli_8h.html",".html","22129","0.021","03/11/47 08:50:06 م"
"06_portable_tools\PortableGit-2.54.0-64-bit\mingw64\share\doc\git-lfs\README.md","D:\zzipp\جي بي\الكميرا\_organized_generation_workspace_20260612\06_portable_tools\PortableGit-2.54.0-64-bit\mingw64\share\doc\git-lfs\README.md","README.md",".md","10144","0.01","03/11/47 08:50:04 م"
"06_portable_tools\PortableGit-2.54.0-64-bit\mingw64\share\doc\git-doc\BreakingChanges.html","D:\zzipp\جي بي\الكميرا\_organized_generation_workspace_20260612\06_portable_tools\PortableGit-2.54.0-64-bit\mingw64\share\doc\git-doc\BreakingChanges.html","BreakingChanges.html",".html","50319","0.048","03/11/47 08:51:24 م"
"06_portable_tools\PortableGit-2.54.0-64-bit\mingw64\share\doc\git-doc\DecisionMaking.html","D:\zzipp\جي بي\الكميرا\_organized_generation_workspace_20260612\06_portable_tools\PortableGit-2.54.0-64-bit\mingw64\share\doc\git-doc\DecisionMaking.html","DecisionMaking.html",".html","34429","0.033","03/11/47 08:51:24 م"
"06_portable_tools\PortableGit-2.54.0-64-bit\mingw64\share\doc\git-doc\docinfo.html","D:\zzipp\جي بي\الكميرا\_organized_generation_workspace_20260612\06_portable_tools\PortableGit-2.54.0-64-bit\mingw64\share\doc\git-doc\docinfo.html","docinfo.html",".html","55","0","03/11/47 08:51:24 م"
"06_portable_tools\PortableGit-2.54.0-64-bit\mingw64\share\doc\git-doc\everyday.html","D:\zzipp\جي بي\الكميرا\_organized_generation_workspace_20260612\06_portable_tools\PortableGit-2.54.0-64-bit\mingw64\share\doc\git-doc\everyday.html","everyday.html",".html","30250","0.029","03/11/47 08:51:24 م"
"06_portable_tools\PortableGit-2.54.0-64-bit\mingw64\share\doc\git-doc\git-add.html","D:\zzipp\جي بي\الكميرا\_organized_generation_workspace_20260612\06_portable_tools\PortableGit-2.54.0-64-bit\mingw64\share\doc\git-doc\git-add.html","git-add.html",".html","53977","0.051","03/11/47 08:51:24 م"
"06_portable_tools\PortableGit-2.54.0-64-bit\mingw64\share\doc\git-doc\git-am.html","D:\zzipp\جي بي\الكميرا\_organized_generation_workspace_20260612\06_portable_tools\PortableGit-2.54.0-64-bit\mingw64\share\doc\git-doc\git-am.html","git-am.html",".html","48702","0.046","03/11/47 08:51:24 م"
"06_portable_tools\PortableGit-2.54.0-64-bit\mingw64\share\doc\git-doc\git-annotate.html","D:\zzipp\جي بي\الكميرا\_organized_generation_workspace_20260612\06_portable_tools\PortableGit-2.54.0-64-bit\mingw64\share\doc\git-doc\git-annotate.html","git-annotate.html",".html","41857","0.04","03/11/47 08:51:24 م"
"06_portable_tools\PortableGit-2.54.0-64-bit\mingw64\share\doc\git-doc\git-apply.html","D:\zzipp\جي بي\الكميرا\_organized_generation_workspace_20260612\06_portable_tools\PortableGit-2.54.0-64-bit\mingw64\share\doc\git-doc\git-apply.html","git-apply.html",".html","45464","0.043","03/11/47 08:51:24 م"
"06_portable_tools\PortableGit-2.54.0-64-bit\mingw64\share\doc\git-doc\git-archive.html","D:\zzipp\جي بي\الكميرا\_organized_generation_workspace_20260612\06_portable_tools\PortableGit-2.54.0-64-bit\mingw64\share\doc\git-doc\git-archive.html","git-archive.html",".html","43006","0.041","03/11/47 08:51:24 م"
"06_portable_tools\PortableGit-2.54.0-64-bit\mingw64\share\doc\git-doc\git-backfill.html","D:\zzipp\جي بي\الكميرا\_organized_generation_workspace_20260612\06_portable_tools\PortableGit-2.54.0-64-bit\mingw64\share\doc\git-doc\git-backfill.html","git-backfill.html",".html","34026","0.032","03/11/47 08:51:24 م"
"06_portable_tools\PortableGit-2.54.0-64-bit\mingw64\share\doc\git-doc\git-bash.html","D:\zzipp\جي بي\الكميرا\_organized_generation_workspace_20260612\06_portable_tools\PortableGit-2.54.0-64-bit\mingw64\share\doc\git-doc\git-bash.html","git-bash.html",".html","35314","0.034","03/11/47 08:51:24 م"
"06_portable_tools\PortableGit-2.54.0-64-bit\mingw64\share\doc\git-doc\git-bisect-lk2009.html","D:\zzipp\جي بي\الكميرا\_organized_generation_workspace_20260612\06_portable_tools\PortableGit-2.54.0-64-bit\mingw64\share\doc\git-doc\git-bisect-lk2009.html","git-bisect-lk2009.html",".html","92862","0.089","03/11/47 08:51:24 م"
"06_portable_tools\PortableGit-2.54.0-64-bit\mingw64\share\doc\git-doc\git-bisect.html","D:\zzipp\جي بي\الكميرا\_organized_generation_workspace_20260612\06_portable_tools\PortableGit-2.54.0-64-bit\mingw64\share\doc\git-doc\git-bisect.html","git-bisect.html",".html","54363","0.052","03/11/47 08:51:24 م"
"06_portable_tools\PortableGit-2.54.0-64-bit\mingw64\share\doc\git-doc\git-blame.html","D:\zzipp\جي بي\الكميرا\_organized_generation_workspace_20260612\06_portable_tools\PortableGit-2.54.0-64-bit\mingw64\share\doc\git-doc\git-blame.html","git-blame.html",".html","57173","0.055","03/11/47 08:51:24 م"
"06_portable_tools\PortableGit-2.54.0-64-bit\mingw64\share\doc\git-doc\git-branch.html","D:\zzipp\جي بي\الكميرا\_organized_generation_workspace_20260612\06_portable_tools\PortableGit-2.54.0-64-bit\mingw64\share\doc\git-doc\git-branch.html","git-branch.html",".html","63467","0.061","03/11/47 08:51:24 م"
"06_portable_tools\PortableGit-2.54.0-64-bit\mingw64\share\doc\git-doc\git-bugreport.html","D:\zzipp\جي بي\الكميرا\_organized_generation_workspace_20260612\06_portable_tools\PortableGit-2.54.0-64-bit\mingw64\share\doc\git-doc\git-bugreport.html","git-bugreport.html",".html","33813","0.032","03/11/47 08:51:24 م"
"06_portable_tools\PortableGit-2.54.0-64-bit\mingw64\share\doc\git-doc\git-bundle.html","D:\zzipp\جي بي\الكميرا\_organized_generation_workspace_20260612\06_portable_tools\PortableGit-2.54.0-64-bit\mingw64\share\doc\git-doc\git-bundle.html","git-bundle.html",".html","48108","0.046","03/11/47 08:51:24 م"
"06_portable_tools\PortableGit-2.54.0-64-bit\mingw64\share\doc\git-doc\git-cat-file.html","D:\zzipp\جي بي\الكميرا\_organized_generation_workspace_20260612\06_portable_tools\PortableGit-2.54.0-64-bit\mingw64\share\doc\git-doc\git-cat-file.html","git-cat-file.html",".html","52439","0.05","03/11/47 08:51:24 م"
"06_portable_tools\PortableGit-2.54.0-64-bit\mingw64\share\doc\git-doc\git-check-attr.html","D:\zzipp\جي بي\الكميرا\_organized_generation_workspace_20260612\06_portable_tools\PortableGit-2.54.0-64-bit\mingw64\share\doc\git-doc\git-check-attr.html","git-check-attr.html",".html","35413","0.034","03/11/47 08:51:24 م"
"06_portable_tools\PortableGit-2.54.0-64-bit\mingw64\share\doc\git-doc\git-check-ignore.html","D:\zzipp\جي بي\الكميرا\_organized_generation_workspace_20260612\06_portable_tools\PortableGit-2.54.0-64-bit\mingw64\share\doc\git-doc\git-check-ignore.html","git-check-ignore.html",".html","36156","0.034","03/11/47 08:51:24 م"
"06_portable_tools\PortableGit-2.54.0-64-bit\mingw64\share\doc\git-doc\git-check-mailmap.html","D:\zzipp\جي بي\الكميرا\_organized_generation_workspace_20260612\06_portable_tools\PortableGit-2.54.0-64-bit\mingw64\share\doc\git-doc\git-check-mailmap.html","git-check-mailmap.html",".html","32671","0.031","03/11/47 08:51:24 م"
"06_portable_tools\PortableGit-2.54.0-64-bit\mingw64\share\doc\git-doc\git-check-ref-format.html","D:\zzipp\جي بي\الكميرا\_organized_generation_workspace_20260612\06_portable_tools\PortableGit-2.54.0-64-bit\mingw64\share\doc\git-doc\git-check-ref-format.html","git-check-ref-format.html",".html","37040","0.035","03/11/47 08:51:24 م"
"06_portable_tools\PortableGit-2.54.0-64-bit\mingw64\share\doc\git-doc\git-checkout-index.html","D:\zzipp\جي بي\الكميرا\_organized_generation_workspace_20260612\06_portable_tools\PortableGit-2.54.0-64-bit\mingw64\share\doc\git-doc\git-checkout-index.html","git-checkout-index.html",".html","38169","0.036","03/11/47 08:51:24 م"
"06_portable_tools\PortableGit-2.54.0-64-bit\mingw64\share\doc\git-doc\git-checkout.html","D:\zzipp\جي بي\الكميرا\_organized_generation_workspace_20260612\06_portable_tools\PortableGit-2.54.0-64-bit\mingw64\share\doc\git-doc\git-checkout.html","git-checkout.html",".html","67366","0.064","03/11/47 08:51:24 م"
"06_portable_tools\PortableGit-2.54.0-64-bit\mingw64\share\doc\git-doc\git-cherry-pick.html","D:\zzipp\جي بي\الكميرا\_organized_generation_workspace_20260612\06_portable_tools\PortableGit-2.54.0-64-bit\mingw64\share\doc\git-doc\git-cherry-pick.html","git-cherry-pick.html",".html","44202","0.042","03/11/47 08:51:24 م"
"06_portable_tools\PortableGit-2.54.0-64-bit\mingw64\share\doc\git-doc\git-cherry.html","D:\zzipp\جي بي\الكميرا\_organized_generation_workspace_20260612\06_portable_tools\PortableGit-2.54.0-64-bit\mingw64\share\doc\git-doc\git-cherry.html","git-cherry.html",".html","35519","0.034","03/11/47 08:51:24 م"
"06_portable_tools\PortableGit-2.54.0-64-bit\mingw64\share\doc\git-doc\git-citool.html","D:\zzipp\جي بي\الكميرا\_organized_generation_workspace_20260612\06_portable_tools\PortableGit-2.54.0-64-bit\mingw64\share\doc\git-doc\git-citool.html","git-citool.html",".html","30957","0.03","03/11/47 08:51:24 م"
"06_portable_tools\PortableGit-2.54.0-64-bit\mingw64\share\doc\git-doc\git-clean.html","D:\zzipp\جي بي\الكميرا\_organized_generation_workspace_20260612\06_portable_tools\PortableGit-2.54.0-64-bit\mingw64\share\doc\git-doc\git-clean.html","git-clean.html",".html","36946","0.035","03/11/47 08:51:24 م"
"06_portable_tools\PortableGit-2.54.0-64-bit\mingw64\share\doc\git-doc\git-clone.html","D:\zzipp\جي بي\الكميرا\_organized_generation_workspace_20260612\06_portable_tools\PortableGit-2.54.0-64-bit\mingw64\share\doc\git-doc\git-clone.html","git-clone.html",".html","62581","0.06","03/11/47 08:51:24 م"
"06_portable_tools\PortableGit-2.54.0-64-bit\mingw64\share\doc\git-doc\git-column.html","D:\zzipp\جي بي\الكميرا\_organized_generation_workspace_20260612\06_portable_tools\PortableGit-2.54.0-64-bit\mingw64\share\doc\git-doc\git-column.html","git-column.html",".html","36093","0.034","03/11/47 08:51:24 م"
"06_portable_tools\PortableGit-2.54.0-64-bit\mingw64\share\doc\git-doc\git-commit-graph.html","D:\zzipp\جي بي\الكميرا\_organized_generation_workspace_20260612\06_portable_tools\PortableGit-2.54.0-64-bit\mingw64\share\doc\git-doc\git-commit-graph.html","git-commit-graph.html",".html","41269","0.039","03/11/47 08:51:24 م"
"06_portable_tools\PortableGit-2.54.0-64-bit\mingw64\share\doc\git-doc\git-commit-tree.html","D:\zzipp\جي بي\الكميرا\_organized_generation_workspace_20260612\06_portable_tools\PortableGit-2.54.0-64-bit\mingw64\share\doc\git-doc\git-commit-tree.html","git-commit-tree.html",".html","39641","0.038","03/11/47 08:51:24 م"
"06_portable_tools\PortableGit-2.54.0-64-bit\mingw64\share\doc\git-doc\git-commit.html","D:\zzipp\جي بي\الكميرا\_organized_generation_workspace_20260612\06_portable_tools\PortableGit-2.54.0-64-bit\mingw64\share\doc\git-doc\git-commit.html","git-commit.html",".html","72050","0.069","03/11/47 08:51:24 م"
"06_portable_tools\PortableGit-2.54.0-64-bit\mingw64\share\doc\git-doc\git-config.html","D:\zzipp\جي بي\الكميرا\_organized_generation_workspace_20260612\06_portable_tools\PortableGit-2.54.0-64-bit\mingw64\share\doc\git-doc\git-config.html","git-config.html",".html","473505","0.452","03/11/47 08:51:24 م"
"06_portable_tools\PortableGit-2.54.0-64-bit\mingw64\share\doc\git-doc\git-count-objects.html","D:\zzipp\جي بي\الكميرا\_organized_generation_workspace_20260612\06_portable_tools\PortableGit-2.54.0-64-bit\mingw64\share\doc\git-doc\git-count-objects.html","git-count-objects.html",".html","32275","0.031","03/11/47 08:51:24 م"
"06_portable_tools\PortableGit-2.54.0-64-bit\mingw64\share\doc\git-doc\git-credential-cache--daemon.html","D:\zzipp\جي بي\الكميرا\_organized_generation_workspace_20260612\06_portable_tools\PortableGit-2.54.0-64-bit\mingw64\share\doc\git-doc\git-credential-cache--daemon.html","git-credential-cache--daemon.html",".html","31472","0.03","03/11/47 08:51:24 م"
"06_portable_tools\PortableGit-2.54.0-64-bit\mingw64\share\doc\git-doc\git-credential-cache.html","D:\zzipp\جي بي\الكميرا\_organized_generation_workspace_20260612\06_portable_tools\PortableGit-2.54.0-64-bit\mingw64\share\doc\git-doc\git-credential-cache.html","git-credential-cache.html",".html","34233","0.033","03/11/47 08:51:24 م"
"06_portable_tools\PortableGit-2.54.0-64-bit\mingw64\share\doc\git-doc\git-credential-manager.html","D:\zzipp\جي بي\الكميرا\_organized_generation_workspace_20260612\06_portable_tools\PortableGit-2.54.0-64-bit\mingw64\share\doc\git-doc\git-credential-manager.html","git-credential-manager.html",".html","6560","0.006","03/11/47 08:50:04 م"
"06_portable_tools\PortableGit-2.54.0-64-bit\mingw64\share\doc\git-doc\git-credential-store.html","D:\zzipp\جي بي\الكميرا\_organized_generation_workspace_20260612\06_portable_tools\PortableGit-2.54.0-64-bit\mingw64\share\doc\git-doc\git-credential-store.html","git-credential-store.html",".html","35121","0.033","03/11/47 08:51:24 م"
"06_portable_tools\PortableGit-2.54.0-64-bit\mingw64\share\doc\git-doc\git-credential.html","D:\zzipp\جي بي\الكميرا\_organized_generation_workspace_20260612\06_portable_tools\PortableGit-2.54.0-64-bit\mingw64\share\doc\git-doc\git-credential.html","git-credential.html",".html","45721","0.044","03/11/47 08:51:24 م"
"06_portable_tools\PortableGit-2.54.0-64-bit\mingw64\share\doc\git-doc\git-daemon.html","D:\zzipp\جي بي\الكميرا\_organized_generation_workspace_20260612\06_portable_tools\PortableGit-2.54.0-64-bit\mingw64\share\doc\git-doc\git-daemon.html","git-daemon.html",".html","48404","0.046","03/11/47 08:51:24 م"
"06_portable_tools\PortableGit-2.54.0-64-bit\mingw64\share\doc\git-doc\git-describe.html","D:\zzipp\جي بي\الكميرا\_organized_generation_workspace_20260612\06_portable_tools\PortableGit-2.54.0-64-bit\mingw64\share\doc\git-doc\git-describe.html","git-describe.html",".html","40833","0.039","03/11/47 08:51:24 م"
"06_portable_tools\PortableGit-2.54.0-64-bit\mingw64\share\doc\git-doc\git-diagnose.html","D:\zzipp\جي بي\الكميرا\_organized_generation_workspace_20260612\06_portable_tools\PortableGit-2.54.0-64-bit\mingw64\share\doc\git-doc\git-diagnose.html","git-diagnose.html",".html","33272","0.032","03/11/47 08:51:24 م"
"06_portable_tools\PortableGit-2.54.0-64-bit\mingw64\share\doc\git-doc\git-diff-files.html","D:\zzipp\جي بي\الكميرا\_organized_generation_workspace_20260612\06_portable_tools\PortableGit-2.54.0-64-bit\mingw64\share\doc\git-doc\git-diff-files.html","git-diff-files.html",".html","93768","0.089","03/11/47 08:51:24 م"
"06_portable_tools\PortableGit-2.54.0-64-bit\mingw64\share\doc\git-doc\git-diff-index.html","D:\zzipp\جي بي\الكميرا\_organized_generation_workspace_20260612\06_portable_tools\PortableGit-2.54.0-64-bit\mingw64\share\doc\git-doc\git-diff-index.html","git-diff-index.html",".html","98927","0.094","03/11/47 08:51:24 م"
"06_portable_tools\PortableGit-2.54.0-64-bit\mingw64\share\doc\git-doc\git-diff-pairs.html","D:\zzipp\جي بي\الكميرا\_organized_generation_workspace_20260612\06_portable_tools\PortableGit-2.54.0-64-bit\mingw64\share\doc\git-doc\git-diff-pairs.html","git-diff-pairs.html",".html","85230","0.081","03/11/47 08:51:24 م"
"06_portable_tools\PortableGit-2.54.0-64-bit\mingw64\share\doc\git-doc\git-diff-tree.html","D:\zzipp\جي بي\الكميرا\_organized_generation_workspace_20260612\06_portable_tools\PortableGit-2.54.0-64-bit\mingw64\share\doc\git-doc\git-diff-tree.html","git-diff-tree.html",".html","130306","0.124","03/11/47 08:51:24 م"
"06_portable_tools\PortableGit-2.54.0-64-bit\mingw64\share\doc\git-doc\git-diff.html","D:\zzipp\جي بي\الكميرا\_organized_generation_workspace_20260612\06_portable_tools\PortableGit-2.54.0-64-bit\mingw64\share\doc\git-doc\git-diff.html","git-diff.html",".html","122027","0.116","03/11/47 08:51:24 م"
"06_portable_tools\PortableGit-2.54.0-64-bit\mingw64\share\doc\git-doc\git-difftool.html","D:\zzipp\جي بي\الكميرا\_organized_generation_workspace_20260612\06_portable_tools\PortableGit-2.54.0-64-bit\mingw64\share\doc\git-doc\git-difftool.html","git-difftool.html",".html","42318","0.04","03/11/47 08:51:24 م"
"06_portable_tools\PortableGit-2.54.0-64-bit\mingw64\share\doc\git-doc\git-fast-export.html","D:\zzipp\جي بي\الكميرا\_organized_generation_workspace_20260612\06_portable_tools\PortableGit-2.54.0-64-bit\mingw64\share\doc\git-doc\git-fast-export.html","git-fast-export.html",".html","45891","0.044","03/11/47 08:51:24 م"
"06_portable_tools\PortableGit-2.54.0-64-bit\mingw64\share\doc\git-doc\git-fast-import.html","D:\zzipp\جي بي\الكميرا\_organized_generation_workspace_20260612\06_portable_tools\PortableGit-2.54.0-64-bit\mingw64\share\doc\git-doc\git-fast-import.html","git-fast-import.html",".html","117565","0.112","03/11/47 08:51:24 م"
"06_portable_tools\PortableGit-2.54.0-64-bit\mingw64\share\doc\git-doc\git-fetch-pack.html","D:\zzipp\جي بي\الكميرا\_organized_generation_workspace_20260612\06_portable_tools\PortableGit-2.54.0-64-bit\mingw64\share\doc\git-doc\git-fetch-pack.html","git-fetch-pack.html",".html","35888","0.034","03/11/47 08:51:24 م"
"06_portable_tools\PortableGit-2.54.0-64-bit\mingw64\share\doc\git-doc\git-fetch.html","D:\zzipp\جي بي\الكميرا\_organized_generation_workspace_20260612\06_portable_tools\PortableGit-2.54.0-64-bit\mingw64\share\doc\git-doc\git-fetch.html","git-fetch.html",".html","94066","0.09","03/11/47 08:51:24 م"
"06_portable_tools\PortableGit-2.54.0-64-bit\mingw64\share\doc\git-doc\git-filter-branch.html","D:\zzipp\جي بي\الكميرا\_organized_generation_workspace_20260612\06_portable_tools\PortableGit-2.54.0-64-bit\mingw64\share\doc\git-doc\git-filter-branch.html","git-filter-branch.html",".html","66587","0.064","03/11/47 08:51:24 م"
"06_portable_tools\PortableGit-2.54.0-64-bit\mingw64\share\doc\git-doc\git-fmt-merge-msg.html","D:\zzipp\جي بي\الكميرا\_organized_generation_workspace_20260612\06_portable_tools\PortableGit-2.54.0-64-bit\mingw64\share\doc\git-doc\git-fmt-merge-msg.html","git-fmt-merge-msg.html",".html","34382","0.033","03/11/47 08:51:24 م"
"06_portable_tools\PortableGit-2.54.0-64-bit\mingw64\share\doc\git-doc\git-for-each-ref.html","D:\zzipp\جي بي\الكميرا\_organized_generation_workspace_20260612\06_portable_tools\PortableGit-2.54.0-64-bit\mingw64\share\doc\git-doc\git-for-each-ref.html","git-for-each-ref.html",".html","60749","0.058","03/11/47 08:51:24 م"
"06_portable_tools\PortableGit-2.54.0-64-bit\mingw64\share\doc\git-doc\git-for-each-repo.html","D:\zzipp\جي بي\الكميرا\_organized_generation_workspace_20260612\06_portable_tools\PortableGit-2.54.0-64-bit\mingw64\share\doc\git-doc\git-for-each-repo.html","git-for-each-repo.html",".html","33136","0.032","03/11/47 08:51:24 م"
"06_portable_tools\PortableGit-2.54.0-64-bit\mingw64\share\doc\git-doc\git-format-patch.html","D:\zzipp\جي بي\الكميرا\_organized_generation_workspace_20260612\06_portable_tools\PortableGit-2.54.0-64-bit\mingw64\share\doc\git-doc\git-format-patch.html","git-format-patch.html",".html","99158","0.095","03/11/47 08:51:24 م"
"06_portable_tools\PortableGit-2.54.0-64-bit\mingw64\share\doc\git-doc\git-fsck-objects.html","D:\zzipp\جي بي\الكميرا\_organized_generation_workspace_20260612\06_portable_tools\PortableGit-2.54.0-64-bit\mingw64\share\doc\git-doc\git-fsck-objects.html","git-fsck-objects.html",".html","30690","0.029","03/11/47 08:51:24 م"
"06_portable_tools\PortableGit-2.54.0-64-bit\mingw64\share\doc\git-doc\git-fsck.html","D:\zzipp\جي بي\الكميرا\_organized_generation_workspace_20260612\06_portable_tools\PortableGit-2.54.0-64-bit\mingw64\share\doc\git-doc\git-fsck.html","git-fsck.html",".html","54321","0.052","03/11/47 08:51:24 م"
"06_portable_tools\PortableGit-2.54.0-64-bit\mingw64\share\doc\git-doc\git-fsmonitor--daemon.html","D:\zzipp\جي بي\الكميرا\_organized_generation_workspace_20260612\06_portable_tools\PortableGit-2.54.0-64-bit\mingw64\share\doc\git-doc\git-fsmonitor--daemon.html","git-fsmonitor--daemon.html",".html","36011","0.034","03/11/47 08:51:24 م"
"06_portable_tools\PortableGit-2.54.0-64-bit\mingw64\share\doc\git-doc\git-gc.html","D:\zzipp\جي بي\الكميرا\_organized_generation_workspace_20260612\06_portable_tools\PortableGit-2.54.0-64-bit\mingw64\share\doc\git-doc\git-gc.html","git-gc.html",".html","49441","0.047","03/11/47 08:51:24 م"
"06_portable_tools\PortableGit-2.54.0-64-bit\mingw64\share\doc\git-doc\git-get-tar-commit-id.html","D:\zzipp\جي بي\الكميرا\_organized_generation_workspace_20260612\06_portable_tools\PortableGit-2.54.0-64-bit\mingw64\share\doc\git-doc\git-get-tar-commit-id.html","git-get-tar-commit-id.html",".html","31122","0.03","03/11/47 08:51:24 م"
"06_portable_tools\PortableGit-2.54.0-64-bit\mingw64\share\doc\git-doc\git-grep.html","D:\zzipp\جي بي\الكميرا\_organized_generation_workspace_20260612\06_portable_tools\PortableGit-2.54.0-64-bit\mingw64\share\doc\git-doc\git-grep.html","git-grep.html",".html","48343","0.046","03/11/47 08:51:24 م"
"06_portable_tools\PortableGit-2.54.0-64-bit\mingw64\share\doc\git-doc\git-gui.html","D:\zzipp\جي بي\الكميرا\_organized_generation_workspace_20260612\06_portable_tools\PortableGit-2.54.0-64-bit\mingw64\share\doc\git-doc\git-gui.html","git-gui.html",".html","35490","0.034","03/11/47 08:51:24 م"
"06_portable_tools\PortableGit-2.54.0-64-bit\mingw64\share\doc\git-doc\git-hash-object.html","D:\zzipp\جي بي\الكميرا\_organized_generation_workspace_20260612\06_portable_tools\PortableGit-2.54.0-64-bit\mingw64\share\doc\git-doc\git-hash-object.html","git-hash-object.html",".html","32952","0.031","03/11/47 08:51:24 م"
"06_portable_tools\PortableGit-2.54.0-64-bit\mingw64\share\doc\git-doc\git-help.html","D:\zzipp\جي بي\الكميرا\_organized_generation_workspace_20260612\06_portable_tools\PortableGit-2.54.0-64-bit\mingw64\share\doc\git-doc\git-help.html","git-help.html",".html","41110","0.039","03/11/47 08:51:24 م"
"06_portable_tools\PortableGit-2.54.0-64-bit\mingw64\share\doc\git-doc\git-history.html","D:\zzipp\جي بي\الكميرا\_organized_generation_workspace_20260612\06_portable_tools\PortableGit-2.54.0-64-bit\mingw64\share\doc\git-doc\git-history.html","git-history.html",".html","36339","0.035","03/11/47 08:51:24 م"
"06_portable_tools\PortableGit-2.54.0-64-bit\mingw64\share\doc\git-doc\git-hook.html","D:\zzipp\جي بي\الكميرا\_organized_generation_workspace_20260612\06_portable_tools\PortableGit-2.54.0-64-bit\mingw64\share\doc\git-doc\git-hook.html","git-hook.html",".html","41590","0.04","03/11/47 08:51:24 م"
"06_portable_tools\PortableGit-2.54.0-64-bit\mingw64\share\doc\git-doc\git-http-backend.html","D:\zzipp\جي بي\الكميرا\_organized_generation_workspace_20260612\06_portable_tools\PortableGit-2.54.0-64-bit\mingw64\share\doc\git-doc\git-http-backend.html","git-http-backend.html",".html","43830","0.042","03/11/47 08:51:24 م"
"06_portable_tools\PortableGit-2.54.0-64-bit\mingw64\share\doc\git-doc\git-http-fetch.html","D:\zzipp\جي بي\الكميرا\_organized_generation_workspace_20260612\06_portable_tools\PortableGit-2.54.0-64-bit\mingw64\share\doc\git-doc\git-http-fetch.html","git-http-fetch.html",".html","32745","0.031","03/11/47 08:51:24 م"
"06_portable_tools\PortableGit-2.54.0-64-bit\mingw64\share\doc\git-doc\git-http-push.html","D:\zzipp\جي بي\الكميرا\_organized_generation_workspace_20260612\06_portable_tools\PortableGit-2.54.0-64-bit\mingw64\share\doc\git-doc\git-http-push.html","git-http-push.html",".html","34401","0.033","03/11/47 08:51:24 م"
"06_portable_tools\PortableGit-2.54.0-64-bit\mingw64\share\doc\git-doc\git-imap-send.html","D:\zzipp\جي بي\الكميرا\_organized_generation_workspace_20260612\06_portable_tools\PortableGit-2.54.0-64-bit\mingw64\share\doc\git-doc\git-imap-send.html","git-imap-send.html",".html","42704","0.041","03/11/47 08:51:24 م"
"06_portable_tools\PortableGit-2.54.0-64-bit\mingw64\share\doc\git-doc\git-index-pack.html","D:\zzipp\جي بي\الكميرا\_organized_generation_workspace_20260612\06_portable_tools\PortableGit-2.54.0-64-bit\mingw64\share\doc\git-doc\git-index-pack.html","git-index-pack.html",".html","38793","0.037","03/11/47 08:51:24 م"
"06_portable_tools\PortableGit-2.54.0-64-bit\mingw64\share\doc\git-doc\git-init-db.html","D:\zzipp\جي بي\الكميرا\_organized_generation_workspace_20260612\06_portable_tools\PortableGit-2.54.0-64-bit\mingw64\share\doc\git-doc\git-init-db.html","git-init-db.html",".html","30751","0.029","03/11/47 08:51:24 م"
"06_portable_tools\PortableGit-2.54.0-64-bit\mingw64\share\doc\git-doc\git-init.html","D:\zzipp\جي بي\الكميرا\_organized_generation_workspace_20260612\06_portable_tools\PortableGit-2.54.0-64-bit\mingw64\share\doc\git-doc\git-init.html","git-init.html",".html","41927","0.04","03/11/47 08:51:24 م"
"06_portable_tools\PortableGit-2.54.0-64-bit\mingw64\share\doc\git-doc\git-interpret-trailers.html","D:\zzipp\جي بي\الكميرا\_organized_generation_workspace_20260612\06_portable_tools\PortableGit-2.54.0-64-bit\mingw64\share\doc\git-doc\git-interpret-trailers.html","git-interpret-trailers.html",".html","57128","0.054","03/11/47 08:51:24 م"
"06_portable_tools\PortableGit-2.54.0-64-bit\mingw64\share\doc\git-doc\git-last-modified.html","D:\zzipp\جي بي\الكميرا\_organized_generation_workspace_20260612\06_portable_tools\PortableGit-2.54.0-64-bit\mingw64\share\doc\git-doc\git-last-modified.html","git-last-modified.html",".html","33695","0.032","03/11/47 08:51:24 م"
"06_portable_tools\PortableGit-2.54.0-64-bit\mingw64\share\doc\git-doc\git-lfs-checkout.html","D:\zzipp\جي بي\الكميرا\_organized_generation_workspace_20260612\06_portable_tools\PortableGit-2.54.0-64-bit\mingw64\share\doc\git-doc\git-lfs-checkout.html","git-lfs-checkout.html",".html","35474","0.034","03/11/47 08:50:04 م"
"06_portable_tools\PortableGit-2.54.0-64-bit\mingw64\share\doc\git-doc\git-lfs-clean.html","D:\zzipp\جي بي\الكميرا\_organized_generation_workspace_20260612\06_portable_tools\PortableGit-2.54.0-64-bit\mingw64\share\doc\git-doc\git-lfs-clean.html","git-lfs-clean.html",".html","31029","0.03","03/11/47 08:50:04 م"
"06_portable_tools\PortableGit-2.54.0-64-bit\mingw64\share\doc\git-doc\git-lfs-clone.html","D:\zzipp\جي بي\الكميرا\_organized_generation_workspace_20260612\06_portable_tools\PortableGit-2.54.0-64-bit\mingw64\share\doc\git-doc\git-lfs-clone.html","git-lfs-clone.html",".html","33132","0.032","03/11/47 08:50:04 م"
"06_portable_tools\PortableGit-2.54.0-64-bit\mingw64\share\doc\git-doc\git-lfs-completion.html","D:\zzipp\جي بي\الكميرا\_organized_generation_workspace_20260612\06_portable_tools\PortableGit-2.54.0-64-bit\mingw64\share\doc\git-doc\git-lfs-completion.html","git-lfs-completion.html",".html","46838","0.045","03/11/47 08:50:04 م"
"06_portable_tools\PortableGit-2.54.0-64-bit\mingw64\share\doc\git-doc\git-lfs-dedup.html","D:\zzipp\جي بي\الكميرا\_organized_generation_workspace_20260612\06_portable_tools\PortableGit-2.54.0-64-bit\mingw64\share\doc\git-doc\git-lfs-dedup.html","git-lfs-dedup.html",".html","31098","0.03","03/11/47 08:50:04 م"
"06_portable_tools\PortableGit-2.54.0-64-bit\mingw64\share\doc\git-doc\git-lfs-env.html","D:\zzipp\جي بي\الكميرا\_organized_generation_workspace_20260612\06_portable_tools\PortableGit-2.54.0-64-bit\mingw64\share\doc\git-doc\git-lfs-env.html","git-lfs-env.html",".html","30449","0.029","03/11/47 08:50:04 م"
"06_portable_tools\PortableGit-2.54.0-64-bit\mingw64\share\doc\git-doc\git-lfs-ext.html","D:\zzipp\جي بي\الكميرا\_organized_generation_workspace_20260612\06_portable_tools\PortableGit-2.54.0-64-bit\mingw64\share\doc\git-doc\git-lfs-ext.html","git-lfs-ext.html",".html","30971","0.03","03/11/47 08:50:04 م"
"06_portable_tools\PortableGit-2.54.0-64-bit\mingw64\share\doc\git-doc\git-lfs-fetch.html","D:\zzipp\جي بي\الكميرا\_organized_generation_workspace_20260612\06_portable_tools\PortableGit-2.54.0-64-bit\mingw64\share\doc\git-doc\git-lfs-fetch.html","git-lfs-fetch.html",".html","38797","0.037","03/11/47 08:50:04 م"
"06_portable_tools\PortableGit-2.54.0-64-bit\mingw64\share\doc\git-doc\git-lfs-filter-process.html","D:\zzipp\جي بي\الكميرا\_organized_generation_workspace_20260612\06_portable_tools\PortableGit-2.54.0-64-bit\mingw64\share\doc\git-doc\git-lfs-filter-process.html","git-lfs-filter-process.html",".html","32463","0.031","03/11/47 08:50:04 م"
"06_portable_tools\PortableGit-2.54.0-64-bit\mingw64\share\doc\git-doc\git-lfs-fsck.html","D:\zzipp\جي بي\الكميرا\_organized_generation_workspace_20260612\06_portable_tools\PortableGit-2.54.0-64-bit\mingw64\share\doc\git-doc\git-lfs-fsck.html","git-lfs-fsck.html",".html","31943","0.03","03/11/47 08:50:04 م"
"06_portable_tools\PortableGit-2.54.0-64-bit\mingw64\share\doc\git-doc\git-lfs-install.html","D:\zzipp\جي بي\الكميرا\_organized_generation_workspace_20260612\06_portable_tools\PortableGit-2.54.0-64-bit\mingw64\share\doc\git-doc\git-lfs-install.html","git-lfs-install.html",".html","33314","0.032","03/11/47 08:50:04 م"
"06_portable_tools\PortableGit-2.54.0-64-bit\mingw64\share\doc\git-doc\git-lfs-lock.html","D:\zzipp\جي بي\الكميرا\_organized_generation_workspace_20260612\06_portable_tools\PortableGit-2.54.0-64-bit\mingw64\share\doc\git-doc\git-lfs-lock.html","git-lfs-lock.html",".html","31639","0.03","03/11/47 08:50:04 م"
"06_portable_tools\PortableGit-2.54.0-64-bit\mingw64\share\doc\git-doc\git-lfs-locks.html","D:\zzipp\جي بي\الكميرا\_organized_generation_workspace_20260612\06_portable_tools\PortableGit-2.54.0-64-bit\mingw64\share\doc\git-doc\git-lfs-locks.html","git-lfs-locks.html",".html","32818","0.031","03/11/47 08:50:04 م"
"06_portable_tools\PortableGit-2.54.0-64-bit\mingw64\share\doc\git-doc\git-lfs-logs.html","D:\zzipp\جي بي\الكميرا\_organized_generation_workspace_20260612\06_portable_tools\PortableGit-2.54.0-64-bit\mingw64\share\doc\git-doc\git-lfs-logs.html","git-lfs-logs.html",".html","31336","0.03","03/11/47 08:50:04 م"
"06_portable_tools\PortableGit-2.54.0-64-bit\mingw64\share\doc\git-doc\git-lfs-ls-files.html","D:\zzipp\جي بي\الكميرا\_organized_generation_workspace_20260612\06_portable_tools\PortableGit-2.54.0-64-bit\mingw64\share\doc\git-doc\git-lfs-ls-files.html","git-lfs-ls-files.html",".html","32950","0.031","03/11/47 08:50:04 م"
"06_portable_tools\PortableGit-2.54.0-64-bit\mingw64\share\doc\git-doc\git-lfs-merge-driver.html","D:\zzipp\جي بي\الكميرا\_organized_generation_workspace_20260612\06_portable_tools\PortableGit-2.54.0-64-bit\mingw64\share\doc\git-doc\git-lfs-merge-driver.html","git-lfs-merge-driver.html",".html","35155","0.034","03/11/47 08:50:04 م"
"06_portable_tools\PortableGit-2.54.0-64-bit\mingw64\share\doc\git-doc\git-lfs-migrate.html","D:\zzipp\جي بي\الكميرا\_organized_generation_workspace_20260612\06_portable_tools\PortableGit-2.54.0-64-bit\mingw64\share\doc\git-doc\git-lfs-migrate.html","git-lfs-migrate.html",".html","59222","0.056","03/11/47 08:50:04 م"
"06_portable_tools\PortableGit-2.54.0-64-bit\mingw64\share\doc\git-doc\git-lfs-pointer.html","D:\zzipp\جي بي\الكميرا\_organized_generation_workspace_20260612\06_portable_tools\PortableGit-2.54.0-64-bit\mingw64\share\doc\git-doc\git-lfs-pointer.html","git-lfs-pointer.html",".html","32138","0.031","03/11/47 08:50:04 م"
"06_portable_tools\PortableGit-2.54.0-64-bit\mingw64\share\doc\git-doc\git-lfs-post-checkout.html","D:\zzipp\جي بي\الكميرا\_organized_generation_workspace_20260612\06_portable_tools\PortableGit-2.54.0-64-bit\mingw64\share\doc\git-doc\git-lfs-post-checkout.html","git-lfs-post-checkout.html",".html","30777","0.029","03/11/47 08:50:04 م"
"06_portable_tools\PortableGit-2.54.0-64-bit\mingw64\share\doc\git-doc\git-lfs-post-commit.html","D:\zzipp\جي بي\الكميرا\_organized_generation_workspace_20260612\06_portable_tools\PortableGit-2.54.0-64-bit\mingw64\share\doc\git-doc\git-lfs-post-commit.html","git-lfs-post-commit.html",".html","31091","0.03","03/11/47 08:50:04 م"
"06_portable_tools\PortableGit-2.54.0-64-bit\mingw64\share\doc\git-doc\git-lfs-post-merge.html","D:\zzipp\جي بي\الكميرا\_organized_generation_workspace_20260612\06_portable_tools\PortableGit-2.54.0-64-bit\mingw64\share\doc\git-doc\git-lfs-post-merge.html","git-lfs-post-merge.html",".html","30713","0.029","03/11/47 08:50:04 م"
"06_portable_tools\PortableGit-2.54.0-64-bit\mingw64\share\doc\git-doc\git-lfs-pre-push.html","D:\zzipp\جي بي\الكميرا\_organized_generation_workspace_20260612\06_portable_tools\PortableGit-2.54.0-64-bit\mingw64\share\doc\git-doc\git-lfs-pre-push.html","git-lfs-pre-push.html",".html","31538","0.03","03/11/47 08:50:04 م"
"06_portable_tools\PortableGit-2.54.0-64-bit\mingw64\share\doc\git-doc\git-lfs-prune.html","D:\zzipp\جي بي\الكميرا\_organized_generation_workspace_20260612\06_portable_tools\PortableGit-2.54.0-64-bit\mingw64\share\doc\git-doc\git-lfs-prune.html","git-lfs-prune.html",".html","39596","0.038","03/11/47 08:50:04 م"
"06_portable_tools\PortableGit-2.54.0-64-bit\mingw64\share\doc\git-doc\git-lfs-pull.html","D:\zzipp\جي بي\الكميرا\_organized_generation_workspace_20260612\06_portable_tools\PortableGit-2.54.0-64-bit\mingw64\share\doc\git-doc\git-lfs-pull.html","git-lfs-pull.html",".html","34832","0.033","03/11/47 08:50:04 م"
"06_portable_tools\PortableGit-2.54.0-64-bit\mingw64\share\doc\git-doc\git-lfs-push.html","D:\zzipp\جي بي\الكميرا\_organized_generation_workspace_20260612\06_portable_tools\PortableGit-2.54.0-64-bit\mingw64\share\doc\git-doc\git-lfs-push.html","git-lfs-push.html",".html","32296","0.031","03/11/47 08:50:04 م"
"06_portable_tools\PortableGit-2.54.0-64-bit\mingw64\share\doc\git-doc\git-lfs-smudge.html","D:\zzipp\جي بي\الكميرا\_organized_generation_workspace_20260612\06_portable_tools\PortableGit-2.54.0-64-bit\mingw64\share\doc\git-doc\git-lfs-smudge.html","git-lfs-smudge.html",".html","32676","0.031","03/11/47 08:50:04 م"
"06_portable_tools\PortableGit-2.54.0-64-bit\mingw64\share\doc\git-doc\git-lfs-standalone-file.html","D:\zzipp\جي بي\الكميرا\_organized_generation_workspace_20260612\06_portable_tools\PortableGit-2.54.0-64-bit\mingw64\share\doc\git-doc\git-lfs-standalone-file.html","git-lfs-standalone-file.html",".html","31069","0.03","03/11/47 08:50:04 م"
"06_portable_tools\PortableGit-2.54.0-64-bit\mingw64\share\doc\git-doc\git-lfs-status.html","D:\zzipp\جي بي\الكميرا\_organized_generation_workspace_20260612\06_portable_tools\PortableGit-2.54.0-64-bit\mingw64\share\doc\git-doc\git-lfs-status.html","git-lfs-status.html",".html","31573","0.03","03/11/47 08:50:04 م"
"06_portable_tools\PortableGit-2.54.0-64-bit\mingw64\share\doc\git-doc\git-lfs-track.html","D:\zzipp\جي بي\الكميرا\_organized_generation_workspace_20260612\06_portable_tools\PortableGit-2.54.0-64-bit\mingw64\share\doc\git-doc\git-lfs-track.html","git-lfs-track.html",".html","33939","0.032","03/11/47 08:50:04 م"
"06_portable_tools\PortableGit-2.54.0-64-bit\mingw64\share\doc\git-doc\git-lfs-uninstall.html","D:\zzipp\جي بي\الكميرا\_organized_generation_workspace_20260612\06_portable_tools\PortableGit-2.54.0-64-bit\mingw64\share\doc\git-doc\git-lfs-uninstall.html","git-lfs-uninstall.html",".html","32130","0.031","03/11/47 08:50:04 م"
"06_portable_tools\PortableGit-2.54.0-64-bit\mingw64\share\doc\git-doc\git-lfs-unlock.html","D:\zzipp\جي بي\الكميرا\_organized_generation_workspace_20260612\06_portable_tools\PortableGit-2.54.0-64-bit\mingw64\share\doc\git-doc\git-lfs-unlock.html","git-lfs-unlock.html",".html","31760","0.03","03/11/47 08:50:04 م"
"06_portable_tools\PortableGit-2.54.0-64-bit\mingw64\share\doc\git-doc\git-lfs-untrack.html","D:\zzipp\جي بي\الكميرا\_organized_generation_workspace_20260612\06_portable_tools\PortableGit-2.54.0-64-bit\mingw64\share\doc\git-doc\git-lfs-untrack.html","git-lfs-untrack.html",".html","30924","0.029","03/11/47 08:50:04 م"
"06_portable_tools\PortableGit-2.54.0-64-bit\mingw64\share\doc\git-doc\git-lfs-update.html","D:\zzipp\جي بي\الكميرا\_organized_generation_workspace_20260612\06_portable_tools\PortableGit-2.54.0-64-bit\mingw64\share\doc\git-doc\git-lfs-update.html","git-lfs-update.html",".html","31334","0.03","03/11/47 08:50:04 م"
"06_portable_tools\PortableGit-2.54.0-64-bit\mingw64\share\doc\git-doc\git-lfs.html","D:\zzipp\جي بي\الكميرا\_organized_generation_workspace_20260612\06_portable_tools\PortableGit-2.54.0-64-bit\mingw64\share\doc\git-doc\git-lfs.html","git-lfs.html",".html","36391","0.035","03/11/47 08:50:04 م"
"06_portable_tools\PortableGit-2.54.0-64-bit\mingw64\share\doc\git-doc\git-log.html","D:\zzipp\جي بي\الكميرا\_organized_generation_workspace_20260612\06_portable_tools\PortableGit-2.54.0-64-bit\mingw64\share\doc\git-doc\git-log.html","git-log.html",".html","197127","0.188","03/11/47 08:51:24 م"
"06_portable_tools\PortableGit-2.54.0-64-bit\mingw64\share\doc\git-doc\git-ls-files.html","D:\zzipp\جي بي\الكميرا\_organized_generation_workspace_20260612\06_portable_tools\PortableGit-2.54.0-64-bit\mingw64\share\doc\git-doc\git-ls-files.html","git-ls-files.html",".html","47383","0.045","03/11/47 08:51:24 م"
"06_portable_tools\PortableGit-2.54.0-64-bit\mingw64\share\doc\git-doc\git-ls-remote.html","D:\zzipp\جي بي\الكميرا\_organized_generation_workspace_20260612\06_portable_tools\PortableGit-2.54.0-64-bit\mingw64\share\doc\git-doc\git-ls-remote.html","git-ls-remote.html",".html","37388","0.036","03/11/47 08:51:24 م"
"06_portable_tools\PortableGit-2.54.0-64-bit\mingw64\share\doc\git-doc\git-ls-tree.html","D:\zzipp\جي بي\الكميرا\_organized_generation_workspace_20260612\06_portable_tools\PortableGit-2.54.0-64-bit\mingw64\share\doc\git-doc\git-ls-tree.html","git-ls-tree.html",".html","38330","0.037","03/11/47 08:51:24 م"
"06_portable_tools\PortableGit-2.54.0-64-bit\mingw64\share\doc\git-doc\git-mailinfo.html","D:\zzipp\جي بي\الكميرا\_organized_generation_workspace_20260612\06_portable_tools\PortableGit-2.54.0-64-bit\mingw64\share\doc\git-doc\git-mailinfo.html","git-mailinfo.html",".html","36135","0.034","03/11/47 08:51:24 م"
"06_portable_tools\PortableGit-2.54.0-64-bit\mingw64\share\doc\git-doc\git-mailsplit.html","D:\zzipp\جي بي\الكميرا\_organized_generation_workspace_20260612\06_portable_tools\PortableGit-2.54.0-64-bit\mingw64\share\doc\git-doc\git-mailsplit.html","git-mailsplit.html",".html","32338","0.031","03/11/47 08:51:24 م"
"06_portable_tools\PortableGit-2.54.0-64-bit\mingw64\share\doc\git-doc\git-maintenance.html","D:\zzipp\جي بي\الكميرا\_organized_generation_workspace_20260612\06_portable_tools\PortableGit-2.54.0-64-bit\mingw64\share\doc\git-doc\git-maintenance.html","git-maintenance.html",".html","66050","0.063","03/11/47 08:51:24 م"
"06_portable_tools\PortableGit-2.54.0-64-bit\mingw64\share\doc\git-doc\git-merge-base.html","D:\zzipp\جي بي\الكميرا\_organized_generation_workspace_20260612\06_portable_tools\PortableGit-2.54.0-64-bit\mingw64\share\doc\git-doc\git-merge-base.html","git-merge-base.html",".html","41649","0.04","03/11/47 08:51:24 م"
"06_portable_tools\PortableGit-2.54.0-64-bit\mingw64\share\doc\git-doc\git-merge-file.html","D:\zzipp\جي بي\الكميرا\_organized_generation_workspace_20260612\06_portable_tools\PortableGit-2.54.0-64-bit\mingw64\share\doc\git-doc\git-merge-file.html","git-merge-file.html",".html","36571","0.035","03/11/47 08:51:24 م"
"06_portable_tools\PortableGit-2.54.0-64-bit\mingw64\share\doc\git-doc\git-merge-index.html","D:\zzipp\جي بي\الكميرا\_organized_generation_workspace_20260612\06_portable_tools\PortableGit-2.54.0-64-bit\mingw64\share\doc\git-doc\git-merge-index.html","git-merge-index.html",".html","33572","0.032","03/11/47 08:51:24 م"
"06_portable_tools\PortableGit-2.54.0-64-bit\mingw64\share\doc\git-doc\git-merge-one-file.html","D:\zzipp\جي بي\الكميرا\_organized_generation_workspace_20260612\06_portable_tools\PortableGit-2.54.0-64-bit\mingw64\share\doc\git-doc\git-merge-one-file.html","git-merge-one-file.html",".html","30707","0.029","03/11/47 08:51:24 م"
"06_portable_tools\PortableGit-2.54.0-64-bit\mingw64\share\doc\git-doc\git-merge-tree.html","D:\zzipp\جي بي\الكميرا\_organized_generation_workspace_20260612\06_portable_tools\PortableGit-2.54.0-64-bit\mingw64\share\doc\git-doc\git-merge-tree.html","git-merge-tree.html",".html","47443","0.045","03/11/47 08:51:24 م"
"06_portable_tools\PortableGit-2.54.0-64-bit\mingw64\share\doc\git-doc\git-merge.html","D:\zzipp\جي بي\الكميرا\_organized_generation_workspace_20260612\06_portable_tools\PortableGit-2.54.0-64-bit\mingw64\share\doc\git-doc\git-merge.html","git-merge.html",".html","85029","0.081","03/11/47 08:51:24 م"
"06_portable_tools\PortableGit-2.54.0-64-bit\mingw64\share\doc\git-doc\git-mergetool--lib.html","D:\zzipp\جي بي\الكميرا\_organized_generation_workspace_20260612\06_portable_tools\PortableGit-2.54.0-64-bit\mingw64\share\doc\git-doc\git-mergetool--lib.html","git-mergetool--lib.html",".html","32253","0.031","03/11/47 08:51:24 م"
"06_portable_tools\PortableGit-2.54.0-64-bit\mingw64\share\doc\git-doc\git-mergetool.html","D:\zzipp\جي بي\الكميرا\_organized_generation_workspace_20260612\06_portable_tools\PortableGit-2.54.0-64-bit\mingw64\share\doc\git-doc\git-mergetool.html","git-mergetool.html",".html","53832","0.051","03/11/47 08:51:24 م"
"06_portable_tools\PortableGit-2.54.0-64-bit\mingw64\share\doc\git-doc\git-mktag.html","D:\zzipp\جي بي\الكميرا\_organized_generation_workspace_20260612\06_portable_tools\PortableGit-2.54.0-64-bit\mingw64\share\doc\git-doc\git-mktag.html","git-mktag.html",".html","33061","0.032","03/11/47 08:51:24 م"
"06_portable_tools\PortableGit-2.54.0-64-bit\mingw64\share\doc\git-doc\git-mktree.html","D:\zzipp\جي بي\الكميرا\_organized_generation_workspace_20260612\06_portable_tools\PortableGit-2.54.0-64-bit\mingw64\share\doc\git-doc\git-mktree.html","git-mktree.html",".html","31657","0.03","03/11/47 08:51:24 م"
"06_portable_tools\PortableGit-2.54.0-64-bit\mingw64\share\doc\git-doc\git-multi-pack-index.html","D:\zzipp\جي بي\الكميرا\_organized_generation_workspace_20260612\06_portable_tools\PortableGit-2.54.0-64-bit\mingw64\share\doc\git-doc\git-multi-pack-index.html","git-multi-pack-index.html",".html","38418","0.037","03/11/47 08:51:24 م"
"06_portable_tools\PortableGit-2.54.0-64-bit\mingw64\share\doc\git-doc\git-mv.html","D:\zzipp\جي بي\الكميرا\_organized_generation_workspace_20260612\06_portable_tools\PortableGit-2.54.0-64-bit\mingw64\share\doc\git-doc\git-mv.html","git-mv.html",".html","33448","0.032","03/11/47 08:51:24 م"
"06_portable_tools\PortableGit-2.54.0-64-bit\mingw64\share\doc\git-doc\git-name-rev.html","D:\zzipp\جي بي\الكميرا\_organized_generation_workspace_20260612\06_portable_tools\PortableGit-2.54.0-64-bit\mingw64\share\doc\git-doc\git-name-rev.html","git-name-rev.html",".html","34581","0.033","03/11/47 08:51:24 م"
"06_portable_tools\PortableGit-2.54.0-64-bit\mingw64\share\doc\git-doc\git-notes.html","D:\zzipp\جي بي\الكميرا\_organized_generation_workspace_20260612\06_portable_tools\PortableGit-2.54.0-64-bit\mingw64\share\doc\git-doc\git-notes.html","git-notes.html",".html","56645","0.054","03/11/47 08:51:24 م"
"06_portable_tools\PortableGit-2.54.0-64-bit\mingw64\share\doc\git-doc\git-pack-objects.html","D:\zzipp\جي بي\الكميرا\_organized_generation_workspace_20260612\06_portable_tools\PortableGit-2.54.0-64-bit\mingw64\share\doc\git-doc\git-pack-objects.html","git-pack-objects.html",".html","57376","0.055","03/11/47 08:51:24 م"
"06_portable_tools\PortableGit-2.54.0-64-bit\mingw64\share\doc\git-doc\git-pack-redundant.html","D:\zzipp\جي بي\الكميرا\_organized_generation_workspace_20260612\06_portable_tools\PortableGit-2.54.0-64-bit\mingw64\share\doc\git-doc\git-pack-redundant.html","git-pack-redundant.html",".html","33055","0.032","03/11/47 08:51:24 م"
"06_portable_tools\PortableGit-2.54.0-64-bit\mingw64\share\doc\git-doc\git-pack-refs.html","D:\zzipp\جي بي\الكميرا\_organized_generation_workspace_20260612\06_portable_tools\PortableGit-2.54.0-64-bit\mingw64\share\doc\git-doc\git-pack-refs.html","git-pack-refs.html",".html","35182","0.034","03/11/47 08:51:24 م"
"06_portable_tools\PortableGit-2.54.0-64-bit\mingw64\share\doc\git-doc\git-patch-id.html","D:\zzipp\جي بي\الكميرا\_organized_generation_workspace_20260612\06_portable_tools\PortableGit-2.54.0-64-bit\mingw64\share\doc\git-doc\git-patch-id.html","git-patch-id.html",".html","35204","0.034","03/11/47 08:51:24 م"
"06_portable_tools\PortableGit-2.54.0-64-bit\mingw64\share\doc\git-doc\git-prune-packed.html","D:\zzipp\جي بي\الكميرا\_organized_generation_workspace_20260612\06_portable_tools\PortableGit-2.54.0-64-bit\mingw64\share\doc\git-doc\git-prune-packed.html","git-prune-packed.html",".html","31762","0.03","03/11/47 08:51:24 م"
"06_portable_tools\PortableGit-2.54.0-64-bit\mingw64\share\doc\git-doc\git-prune.html","D:\zzipp\جي بي\الكميرا\_organized_generation_workspace_20260612\06_portable_tools\PortableGit-2.54.0-64-bit\mingw64\share\doc\git-doc\git-prune.html","git-prune.html",".html","33429","0.032","03/11/47 08:51:24 م"
"06_portable_tools\PortableGit-2.54.0-64-bit\mingw64\share\doc\git-doc\git-pull.html","D:\zzipp\جي بي\الكميرا\_organized_generation_workspace_20260612\06_portable_tools\PortableGit-2.54.0-64-bit\mingw64\share\doc\git-doc\git-pull.html","git-pull.html",".html","95343","0.091","03/11/47 08:51:24 م"
"06_portable_tools\PortableGit-2.54.0-64-bit\mingw64\share\doc\git-doc\git-push.html","D:\zzipp\جي بي\الكميرا\_organized_generation_workspace_20260612\06_portable_tools\PortableGit-2.54.0-64-bit\mingw64\share\doc\git-doc\git-push.html","git-push.html",".html","94405","0.09","03/11/47 08:51:24 م"
"06_portable_tools\PortableGit-2.54.0-64-bit\mingw64\share\doc\git-doc\git-quiltimport.html","D:\zzipp\جي بي\الكميرا\_organized_generation_workspace_20260612\06_portable_tools\PortableGit-2.54.0-64-bit\mingw64\share\doc\git-doc\git-quiltimport.html","git-quiltimport.html",".html","32604","0.031","03/11/47 08:51:24 م"
"06_portable_tools\PortableGit-2.54.0-64-bit\mingw64\share\doc\git-doc\git-range-diff.html","D:\zzipp\جي بي\الكميرا\_organized_generation_workspace_20260612\06_portable_tools\PortableGit-2.54.0-64-bit\mingw64\share\doc\git-doc\git-range-diff.html","git-range-diff.html",".html","45774","0.044","03/11/47 08:51:24 م"
"06_portable_tools\PortableGit-2.54.0-64-bit\mingw64\share\doc\git-doc\git-read-tree.html","D:\zzipp\جي بي\الكميرا\_organized_generation_workspace_20260612\06_portable_tools\PortableGit-2.54.0-64-bit\mingw64\share\doc\git-doc\git-read-tree.html","git-read-tree.html",".html","51645","0.049","03/11/47 08:51:24 م"
"06_portable_tools\PortableGit-2.54.0-64-bit\mingw64\share\doc\git-doc\git-rebase.html","D:\zzipp\جي بي\الكميرا\_organized_generation_workspace_20260612\06_portable_tools\PortableGit-2.54.0-64-bit\mingw64\share\doc\git-doc\git-rebase.html","git-rebase.html",".html","109685","0.105","03/11/47 08:51:24 م"
"06_portable_tools\PortableGit-2.54.0-64-bit\mingw64\share\doc\git-doc\git-receive-pack.html","D:\zzipp\جي بي\الكميرا\_organized_generation_workspace_20260612\06_portable_tools\PortableGit-2.54.0-64-bit\mingw64\share\doc\git-doc\git-receive-pack.html","git-receive-pack.html",".html","43827","0.042","03/11/47 08:51:24 م"
"06_portable_tools\PortableGit-2.54.0-64-bit\mingw64\share\doc\git-doc\git-reflog.html","D:\zzipp\جي بي\الكميرا\_organized_generation_workspace_20260612\06_portable_tools\PortableGit-2.54.0-64-bit\mingw64\share\doc\git-doc\git-reflog.html","git-reflog.html",".html","38692","0.037","03/11/47 08:51:24 م"
"06_portable_tools\PortableGit-2.54.0-64-bit\mingw64\share\doc\git-doc\git-refs.html","D:\zzipp\جي بي\الكميرا\_organized_generation_workspace_20260612\06_portable_tools\PortableGit-2.54.0-64-bit\mingw64\share\doc\git-doc\git-refs.html","git-refs.html",".html","43646","0.042","03/11/47 08:51:24 م"
"06_portable_tools\PortableGit-2.54.0-64-bit\mingw64\share\doc\git-doc\git-remote-ext.html","D:\zzipp\جي بي\الكميرا\_organized_generation_workspace_20260612\06_portable_tools\PortableGit-2.54.0-64-bit\mingw64\share\doc\git-doc\git-remote-ext.html","git-remote-ext.html",".html","35767","0.034","03/11/47 08:51:24 م"
"06_portable_tools\PortableGit-2.54.0-64-bit\mingw64\share\doc\git-doc\git-remote-fd.html","D:\zzipp\جي بي\الكميرا\_organized_generation_workspace_20260612\06_portable_tools\PortableGit-2.54.0-64-bit\mingw64\share\doc\git-doc\git-remote-fd.html","git-remote-fd.html",".html","32865","0.031","03/11/47 08:51:24 م"
"06_portable_tools\PortableGit-2.54.0-64-bit\mingw64\share\doc\git-doc\git-remote-helpers.html","D:\zzipp\جي بي\الكميرا\_organized_generation_workspace_20260612\06_portable_tools\PortableGit-2.54.0-64-bit\mingw64\share\doc\git-doc\git-remote-helpers.html","git-remote-helpers.html",".html","30228","0.029","03/11/47 08:51:24 م"
"06_portable_tools\PortableGit-2.54.0-64-bit\mingw64\share\doc\git-doc\git-remote.html","D:\zzipp\جي بي\الكميرا\_organized_generation_workspace_20260612\06_portable_tools\PortableGit-2.54.0-64-bit\mingw64\share\doc\git-doc\git-remote.html","git-remote.html",".html","44719","0.043","03/11/47 08:51:24 م"
"06_portable_tools\PortableGit-2.54.0-64-bit\mingw64\share\doc\git-doc\git-repack.html","D:\zzipp\جي بي\الكميرا\_organized_generation_workspace_20260612\06_portable_tools\PortableGit-2.54.0-64-bit\mingw64\share\doc\git-doc\git-repack.html","git-repack.html",".html","45328","0.043","03/11/47 08:51:24 م"
"06_portable_tools\PortableGit-2.54.0-64-bit\mingw64\share\doc\git-doc\git-replace.html","D:\zzipp\جي بي\الكميرا\_organized_generation_workspace_20260612\06_portable_tools\PortableGit-2.54.0-64-bit\mingw64\share\doc\git-doc\git-replace.html","git-replace.html",".html","37692","0.036","03/11/47 08:51:24 م"
"06_portable_tools\PortableGit-2.54.0-64-bit\mingw64\share\doc\git-doc\git-replay.html","D:\zzipp\جي بي\الكميرا\_organized_generation_workspace_20260612\06_portable_tools\PortableGit-2.54.0-64-bit\mingw64\share\doc\git-doc\git-replay.html","git-replay.html",".html","84182","0.08","03/11/47 08:51:24 م"
"06_portable_tools\PortableGit-2.54.0-64-bit\mingw64\share\doc\git-doc\git-repo.html","D:\zzipp\جي بي\الكميرا\_organized_generation_workspace_20260612\06_portable_tools\PortableGit-2.54.0-64-bit\mingw64\share\doc\git-doc\git-repo.html","git-repo.html",".html","37241","0.036","03/11/47 08:51:24 م"
"06_portable_tools\PortableGit-2.54.0-64-bit\mingw64\share\doc\git-doc\git-request-pull.html","D:\zzipp\جي بي\الكميرا\_organized_generation_workspace_20260612\06_portable_tools\PortableGit-2.54.0-64-bit\mingw64\share\doc\git-doc\git-request-pull.html","git-request-pull.html",".html","33409","0.032","03/11/47 08:51:24 م"
"06_portable_tools\PortableGit-2.54.0-64-bit\mingw64\share\doc\git-doc\git-rerere.html","D:\zzipp\جي بي\الكميرا\_organized_generation_workspace_20260612\06_portable_tools\PortableGit-2.54.0-64-bit\mingw64\share\doc\git-doc\git-rerere.html","git-rerere.html",".html","40152","0.038","03/11/47 08:51:24 م"
"06_portable_tools\PortableGit-2.54.0-64-bit\mingw64\share\doc\git-doc\git-reset.html","D:\zzipp\جي بي\الكميرا\_organized_generation_workspace_20260612\06_portable_tools\PortableGit-2.54.0-64-bit\mingw64\share\doc\git-doc\git-reset.html","git-reset.html",".html","59489","0.057","03/11/47 08:51:24 م"
"06_portable_tools\PortableGit-2.54.0-64-bit\mingw64\share\doc\git-doc\git-restore.html","D:\zzipp\جي بي\الكميرا\_organized_generation_workspace_20260612\06_portable_tools\PortableGit-2.54.0-64-bit\mingw64\share\doc\git-doc\git-restore.html","git-restore.html",".html","42051","0.04","03/11/47 08:51:24 م"
"06_portable_tools\PortableGit-2.54.0-64-bit\mingw64\share\doc\git-doc\git-rev-list.html","D:\zzipp\جي بي\الكميرا\_organized_generation_workspace_20260612\06_portable_tools\PortableGit-2.54.0-64-bit\mingw64\share\doc\git-doc\git-rev-list.html","git-rev-list.html",".html","132906","0.127","03/11/47 08:51:24 م"
"06_portable_tools\PortableGit-2.54.0-64-bit\mingw64\share\doc\git-doc\git-rev-parse.html","D:\zzipp\جي بي\الكميرا\_organized_generation_workspace_20260612\06_portable_tools\PortableGit-2.54.0-64-bit\mingw64\share\doc\git-doc\git-rev-parse.html","git-rev-parse.html",".html","75956","0.072","03/11/47 08:51:24 م"
"06_portable_tools\PortableGit-2.54.0-64-bit\mingw64\share\doc\git-doc\git-revert.html","D:\zzipp\جي بي\الكميرا\_organized_generation_workspace_20260612\06_portable_tools\PortableGit-2.54.0-64-bit\mingw64\share\doc\git-doc\git-revert.html","git-revert.html",".html","39326","0.038","03/11/47 08:51:24 م"
"06_portable_tools\PortableGit-2.54.0-64-bit\mingw64\share\doc\git-doc\git-rm.html","D:\zzipp\جي بي\الكميرا\_organized_generation_workspace_20260612\06_portable_tools\PortableGit-2.54.0-64-bit\mingw64\share\doc\git-doc\git-rm.html","git-rm.html",".html","40959","0.039","03/11/47 08:51:24 م"
"06_portable_tools\PortableGit-2.54.0-64-bit\mingw64\share\doc\git-doc\git-send-email.html","D:\zzipp\جي بي\الكميرا\_organized_generation_workspace_20260612\06_portable_tools\PortableGit-2.54.0-64-bit\mingw64\share\doc\git-doc\git-send-email.html","git-send-email.html",".html","79790","0.076","03/11/47 08:51:24 م"
"06_portable_tools\PortableGit-2.54.0-64-bit\mingw64\share\doc\git-doc\git-send-pack.html","D:\zzipp\جي بي\الكميرا\_organized_generation_workspace_20260612\06_portable_tools\PortableGit-2.54.0-64-bit\mingw64\share\doc\git-doc\git-send-pack.html","git-send-pack.html",".html","37324","0.036","03/11/47 08:51:24 م"
"06_portable_tools\PortableGit-2.54.0-64-bit\mingw64\share\doc\git-doc\git-sh-i18n--envsubst.html","D:\zzipp\جي بي\الكميرا\_organized_generation_workspace_20260612\06_portable_tools\PortableGit-2.54.0-64-bit\mingw64\share\doc\git-doc\git-sh-i18n--envsubst.html","git-sh-i18n--envsubst.html",".html","31471","0.03","03/11/47 08:51:24 م"
"06_portable_tools\PortableGit-2.54.0-64-bit\mingw64\share\doc\git-doc\git-sh-i18n.html","D:\zzipp\جي بي\الكميرا\_organized_generation_workspace_20260612\06_portable_tools\PortableGit-2.54.0-64-bit\mingw64\share\doc\git-doc\git-sh-i18n.html","git-sh-i18n.html",".html","31808","0.03","03/11/47 08:51:24 م"
"06_portable_tools\PortableGit-2.54.0-64-bit\mingw64\share\doc\git-doc\git-sh-setup.html","D:\zzipp\جي بي\الكميرا\_organized_generation_workspace_20260612\06_portable_tools\PortableGit-2.54.0-64-bit\mingw64\share\doc\git-doc\git-sh-setup.html","git-sh-setup.html",".html","34169","0.033","03/11/47 08:51:24 م"
"06_portable_tools\PortableGit-2.54.0-64-bit\mingw64\share\doc\git-doc\git-shell.html","D:\zzipp\جي بي\الكميرا\_organized_generation_workspace_20260612\06_portable_tools\PortableGit-2.54.0-64-bit\mingw64\share\doc\git-doc\git-shell.html","git-shell.html",".html","34574","0.033","03/11/47 08:51:24 م"
"06_portable_tools\PortableGit-2.54.0-64-bit\mingw64\share\doc\git-doc\git-shortlog.html","D:\zzipp\جي بي\الكميرا\_organized_generation_workspace_20260612\06_portable_tools\PortableGit-2.54.0-64-bit\mingw64\share\doc\git-doc\git-shortlog.html","git-shortlog.html",".html","77208","0.074","03/11/47 08:51:24 م"
"06_portable_tools\PortableGit-2.54.0-64-bit\mingw64\share\doc\git-doc\git-show-branch.html","D:\zzipp\جي بي\الكميرا\_organized_generation_workspace_20260612\06_portable_tools\PortableGit-2.54.0-64-bit\mingw64\share\doc\git-doc\git-show-branch.html","git-show-branch.html",".html","39245","0.037","03/11/47 08:51:24 م"
"06_portable_tools\PortableGit-2.54.0-64-bit\mingw64\share\doc\git-doc\git-show-index.html","D:\zzipp\جي بي\الكميرا\_organized_generation_workspace_20260612\06_portable_tools\PortableGit-2.54.0-64-bit\mingw64\share\doc\git-doc\git-show-index.html","git-show-index.html",".html","32747","0.031","03/11/47 08:51:24 م"
"06_portable_tools\PortableGit-2.54.0-64-bit\mingw64\share\doc\git-doc\git-show-ref.html","D:\zzipp\جي بي\الكميرا\_organized_generation_workspace_20260612\06_portable_tools\PortableGit-2.54.0-64-bit\mingw64\share\doc\git-doc\git-show-ref.html","git-show-ref.html",".html","39009","0.037","03/11/47 08:51:24 م"
"06_portable_tools\PortableGit-2.54.0-64-bit\mingw64\share\doc\git-doc\git-show.html","D:\zzipp\جي بي\الكميرا\_organized_generation_workspace_20260612\06_portable_tools\PortableGit-2.54.0-64-bit\mingw64\share\doc\git-doc\git-show.html","git-show.html",".html","126306","0.12","03/11/47 08:51:24 م"
"06_portable_tools\PortableGit-2.54.0-64-bit\mingw64\share\doc\git-doc\git-sparse-checkout.html","D:\zzipp\جي بي\الكميرا\_organized_generation_workspace_20260612\06_portable_tools\PortableGit-2.54.0-64-bit\mingw64\share\doc\git-doc\git-sparse-checkout.html","git-sparse-checkout.html",".html","59124","0.056","03/11/47 08:51:24 م"
"06_portable_tools\PortableGit-2.54.0-64-bit\mingw64\share\doc\git-doc\git-stage.html","D:\zzipp\جي بي\الكميرا\_organized_generation_workspace_20260612\06_portable_tools\PortableGit-2.54.0-64-bit\mingw64\share\doc\git-doc\git-stage.html","git-stage.html",".html","30665","0.029","03/11/47 08:51:24 م"
"06_portable_tools\PortableGit-2.54.0-64-bit\mingw64\share\doc\git-doc\git-stash.html","D:\zzipp\جي بي\الكميرا\_organized_generation_workspace_20260612\06_portable_tools\PortableGit-2.54.0-64-bit\mingw64\share\doc\git-doc\git-stash.html","git-stash.html",".html","55535","0.053","03/11/47 08:51:24 م"
"06_portable_tools\PortableGit-2.54.0-64-bit\mingw64\share\doc\git-doc\git-status.html","D:\zzipp\جي بي\الكميرا\_organized_generation_workspace_20260612\06_portable_tools\PortableGit-2.54.0-64-bit\mingw64\share\doc\git-doc\git-status.html","git-status.html",".html","70483","0.067","03/11/47 08:51:24 م"
"06_portable_tools\PortableGit-2.54.0-64-bit\mingw64\share\doc\git-doc\git-stripspace.html","D:\zzipp\جي بي\الكميرا\_organized_generation_workspace_20260612\06_portable_tools\PortableGit-2.54.0-64-bit\mingw64\share\doc\git-doc\git-stripspace.html","git-stripspace.html",".html","33153","0.032","03/11/47 08:51:24 م"
"06_portable_tools\PortableGit-2.54.0-64-bit\mingw64\share\doc\git-doc\git-submodule.html","D:\zzipp\جي بي\الكميرا\_organized_generation_workspace_20260612\06_portable_tools\PortableGit-2.54.0-64-bit\mingw64\share\doc\git-doc\git-submodule.html","git-submodule.html",".html","62963","0.06","03/11/47 08:51:24 م"
"06_portable_tools\PortableGit-2.54.0-64-bit\mingw64\share\doc\git-doc\git-subtree.html","D:\zzipp\جي بي\الكميرا\_organized_generation_workspace_20260612\06_portable_tools\PortableGit-2.54.0-64-bit\mingw64\share\doc\git-doc\git-subtree.html","git-subtree.html",".html","49415","0.047","03/11/47 08:51:24 م"
"06_portable_tools\PortableGit-2.54.0-64-bit\mingw64\share\doc\git-doc\git-survey.html","D:\zzipp\جي بي\الكميرا\_organized_generation_workspace_20260612\06_portable_tools\PortableGit-2.54.0-64-bit\mingw64\share\doc\git-doc\git-survey.html","git-survey.html",".html","33449","0.032","03/11/47 08:51:24 م"
"06_portable_tools\PortableGit-2.54.0-64-bit\mingw64\share\doc\git-doc\git-switch.html","D:\zzipp\جي بي\الكميرا\_organized_generation_workspace_20260612\06_portable_tools\PortableGit-2.54.0-64-bit\mingw64\share\doc\git-doc\git-switch.html","git-switch.html",".html","46733","0.045","03/11/47 08:51:24 م"
"06_portable_tools\PortableGit-2.54.0-64-bit\mingw64\share\doc\git-doc\git-symbolic-ref.html","D:\zzipp\جي بي\الكميرا\_organized_generation_workspace_20260612\06_portable_tools\PortableGit-2.54.0-64-bit\mingw64\share\doc\git-doc\git-symbolic-ref.html","git-symbolic-ref.html",".html","33787","0.032","03/11/47 08:51:24 م"
"06_portable_tools\PortableGit-2.54.0-64-bit\mingw64\share\doc\git-doc\git-tag.html","D:\zzipp\جي بي\الكميرا\_organized_generation_workspace_20260612\06_portable_tools\PortableGit-2.54.0-64-bit\mingw64\share\doc\git-doc\git-tag.html","git-tag.html",".html","56116","0.054","03/11/47 08:51:24 م"
"06_portable_tools\PortableGit-2.54.0-64-bit\mingw64\share\doc\git-doc\git-tools.html","D:\zzipp\جي بي\الكميرا\_organized_generation_workspace_20260612\06_portable_tools\PortableGit-2.54.0-64-bit\mingw64\share\doc\git-doc\git-tools.html","git-tools.html",".html","30470","0.029","03/11/47 08:51:24 م"
"06_portable_tools\PortableGit-2.54.0-64-bit\mingw64\share\doc\git-doc\git-unpack-file.html","D:\zzipp\جي بي\الكميرا\_organized_generation_workspace_20260612\06_portable_tools\PortableGit-2.54.0-64-bit\mingw64\share\doc\git-doc\git-unpack-file.html","git-unpack-file.html",".html","30903","0.029","03/11/47 08:51:24 م"
"06_portable_tools\PortableGit-2.54.0-64-bit\mingw64\share\doc\git-doc\git-unpack-objects.html","D:\zzipp\جي بي\الكميرا\_organized_generation_workspace_20260612\06_portable_tools\PortableGit-2.54.0-64-bit\mingw64\share\doc\git-doc\git-unpack-objects.html","git-unpack-objects.html",".html","31957","0.03","03/11/47 08:51:24 م"
"06_portable_tools\PortableGit-2.54.0-64-bit\mingw64\share\doc\git-doc\git-update-index.html","D:\zzipp\جي بي\الكميرا\_organized_generation_workspace_20260612\06_portable_tools\PortableGit-2.54.0-64-bit\mingw64\share\doc\git-doc\git-update-index.html","git-update-index.html",".html","61942","0.059","03/11/47 08:51:24 م"
"06_portable_tools\PortableGit-2.54.0-64-bit\mingw64\share\doc\git-doc\git-update-ref.html","D:\zzipp\جي بي\الكميرا\_organized_generation_workspace_20260612\06_portable_tools\PortableGit-2.54.0-64-bit\mingw64\share\doc\git-doc\git-update-ref.html","git-update-ref.html",".html","40972","0.039","03/11/47 08:51:24 م"
"06_portable_tools\PortableGit-2.54.0-64-bit\mingw64\share\doc\git-doc\git-update-server-info.html","D:\zzipp\جي بي\الكميرا\_organized_generation_workspace_20260612\06_portable_tools\PortableGit-2.54.0-64-bit\mingw64\share\doc\git-doc\git-update-server-info.html","git-update-server-info.html",".html","31493","0.03","03/11/47 08:51:24 م"
"06_portable_tools\PortableGit-2.54.0-64-bit\mingw64\share\doc\git-doc\git-upload-archive.html","D:\zzipp\جي بي\الكميرا\_organized_generation_workspace_20260612\06_portable_tools\PortableGit-2.54.0-64-bit\mingw64\share\doc\git-doc\git-upload-archive.html","git-upload-archive.html",".html","33080","0.032","03/11/47 08:51:24 م"
"06_portable_tools\PortableGit-2.54.0-64-bit\mingw64\share\doc\git-doc\git-upload-pack.html","D:\zzipp\جي بي\الكميرا\_organized_generation_workspace_20260612\06_portable_tools\PortableGit-2.54.0-64-bit\mingw64\share\doc\git-doc\git-upload-pack.html","git-upload-pack.html",".html","34678","0.033","03/11/47 08:51:24 م"
"06_portable_tools\PortableGit-2.54.0-64-bit\mingw64\share\doc\git-doc\git-var.html","D:\zzipp\جي بي\الكميرا\_organized_generation_workspace_20260612\06_portable_tools\PortableGit-2.54.0-64-bit\mingw64\share\doc\git-doc\git-var.html","git-var.html",".html","34791","0.033","03/11/47 08:51:24 م"
"06_portable_tools\PortableGit-2.54.0-64-bit\mingw64\share\doc\git-doc\git-verify-commit.html","D:\zzipp\جي بي\الكميرا\_organized_generation_workspace_20260612\06_portable_tools\PortableGit-2.54.0-64-bit\mingw64\share\doc\git-doc\git-verify-commit.html","git-verify-commit.html",".html","31244","0.03","03/11/47 08:51:24 م"
"06_portable_tools\PortableGit-2.54.0-64-bit\mingw64\share\doc\git-doc\git-verify-pack.html","D:\zzipp\جي بي\الكميرا\_organized_generation_workspace_20260612\06_portable_tools\PortableGit-2.54.0-64-bit\mingw64\share\doc\git-doc\git-verify-pack.html","git-verify-pack.html",".html","32169","0.031","03/11/47 08:51:24 م"
"06_portable_tools\PortableGit-2.54.0-64-bit\mingw64\share\doc\git-doc\git-verify-tag.html","D:\zzipp\جي بي\الكميرا\_organized_generation_workspace_20260612\06_portable_tools\PortableGit-2.54.0-64-bit\mingw64\share\doc\git-doc\git-verify-tag.html","git-verify-tag.html",".html","31250","0.03","03/11/47 08:51:24 م"
"06_portable_tools\PortableGit-2.54.0-64-bit\mingw64\share\doc\git-doc\git-version.html","D:\zzipp\جي بي\الكميرا\_organized_generation_workspace_20260612\06_portable_tools\PortableGit-2.54.0-64-bit\mingw64\share\doc\git-doc\git-version.html","git-version.html",".html","31732","0.03","03/11/47 08:51:24 م"
"06_portable_tools\PortableGit-2.54.0-64-bit\mingw64\share\doc\git-doc\git-web--browse.html","D:\zzipp\جي بي\الكميرا\_organized_generation_workspace_20260612\06_portable_tools\PortableGit-2.54.0-64-bit\mingw64\share\doc\git-doc\git-web--browse.html","git-web--browse.html",".html","35461","0.034","03/11/47 08:51:24 م"
"06_portable_tools\PortableGit-2.54.0-64-bit\mingw64\share\doc\git-doc\git-whatchanged.html","D:\zzipp\جي بي\الكميرا\_organized_generation_workspace_20260612\06_portable_tools\PortableGit-2.54.0-64-bit\mingw64\share\doc\git-doc\git-whatchanged.html","git-whatchanged.html",".html","32415","0.031","03/11/47 08:51:24 م"
"06_portable_tools\PortableGit-2.54.0-64-bit\mingw64\share\doc\git-doc\git-worktree.html","D:\zzipp\جي بي\الكميرا\_organized_generation_workspace_20260612\06_portable_tools\PortableGit-2.54.0-64-bit\mingw64\share\doc\git-doc\git-worktree.html","git-worktree.html",".html","62950","0.06","03/11/47 08:51:24 م"
"06_portable_tools\PortableGit-2.54.0-64-bit\mingw64\share\doc\git-doc\git-write-tree.html","D:\zzipp\جي بي\الكميرا\_organized_generation_workspace_20260612\06_portable_tools\PortableGit-2.54.0-64-bit\mingw64\share\doc\git-doc\git-write-tree.html","git-write-tree.html",".html","31826","0.03","03/11/47 08:51:24 م"
"06_portable_tools\PortableGit-2.54.0-64-bit\mingw64\share\doc\git-doc\git.html","D:\zzipp\جي بي\الكميرا\_organized_generation_workspace_20260612\06_portable_tools\PortableGit-2.54.0-64-bit\mingw64\share\doc\git-doc\git.html","git.html",".html","118708","0.113","03/11/47 08:51:24 م"
"06_portable_tools\PortableGit-2.54.0-64-bit\mingw64\share\doc\git-doc\gitattributes.html","D:\zzipp\جي بي\الكميرا\_organized_generation_workspace_20260612\06_portable_tools\PortableGit-2.54.0-64-bit\mingw64\share\doc\git-doc\gitattributes.html","gitattributes.html",".html","96712","0.092","03/11/47 08:51:24 م"
"06_portable_tools\PortableGit-2.54.0-64-bit\mingw64\share\doc\git-doc\gitcli.html","D:\zzipp\جي بي\الكميرا\_organized_generation_workspace_20260612\06_portable_tools\PortableGit-2.54.0-64-bit\mingw64\share\doc\git-doc\gitcli.html","gitcli.html",".html","45296","0.043","03/11/47 08:51:24 م"
"06_portable_tools\PortableGit-2.54.0-64-bit\mingw64\share\doc\git-doc\gitcore-tutorial.html","D:\zzipp\جي بي\الكميرا\_organized_generation_workspace_20260612\06_portable_tools\PortableGit-2.54.0-64-bit\mingw64\share\doc\git-doc\gitcore-tutorial.html","gitcore-tutorial.html",".html","112408","0.107","03/11/47 08:51:24 م"
"06_portable_tools\PortableGit-2.54.0-64-bit\mingw64\share\doc\git-doc\gitcredentials.html","D:\zzipp\جي بي\الكميرا\_organized_generation_workspace_20260612\06_portable_tools\PortableGit-2.54.0-64-bit\mingw64\share\doc\git-doc\gitcredentials.html","gitcredentials.html",".html","46049","0.044","03/11/47 08:51:24 م"
"06_portable_tools\PortableGit-2.54.0-64-bit\mingw64\share\doc\git-doc\gitdatamodel.html","D:\zzipp\جي بي\الكميرا\_organized_generation_workspace_20260612\06_portable_tools\PortableGit-2.54.0-64-bit\mingw64\share\doc\git-doc\gitdatamodel.html","gitdatamodel.html",".html","46633","0.044","03/11/47 08:51:24 م"
"06_portable_tools\PortableGit-2.54.0-64-bit\mingw64\share\doc\git-doc\gitdiffcore.html","D:\zzipp\جي بي\الكميرا\_organized_generation_workspace_20260612\06_portable_tools\PortableGit-2.54.0-64-bit\mingw64\share\doc\git-doc\gitdiffcore.html","gitdiffcore.html",".html","46631","0.044","03/11/47 08:51:24 م"
"06_portable_tools\PortableGit-2.54.0-64-bit\mingw64\share\doc\git-doc\giteveryday.html","D:\zzipp\جي بي\الكميرا\_organized_generation_workspace_20260612\06_portable_tools\PortableGit-2.54.0-64-bit\mingw64\share\doc\git-doc\giteveryday.html","giteveryday.html",".html","50911","0.049","03/11/47 08:51:24 م"
"06_portable_tools\PortableGit-2.54.0-64-bit\mingw64\share\doc\git-doc\gitfaq.html","D:\zzipp\جي بي\الكميرا\_organized_generation_workspace_20260612\06_portable_tools\PortableGit-2.54.0-64-bit\mingw64\share\doc\git-doc\gitfaq.html","gitfaq.html",".html","66010","0.063","03/11/47 08:51:24 م"
"06_portable_tools\PortableGit-2.54.0-64-bit\mingw64\share\doc\git-doc\gitformat-bundle.html","D:\zzipp\جي بي\الكميرا\_organized_generation_workspace_20260612\06_portable_tools\PortableGit-2.54.0-64-bit\mingw64\share\doc\git-doc\gitformat-bundle.html","gitformat-bundle.html",".html","34582","0.033","03/11/47 08:51:24 م"
"06_portable_tools\PortableGit-2.54.0-64-bit\mingw64\share\doc\git-doc\gitformat-chunk.html","D:\zzipp\جي بي\الكميرا\_organized_generation_workspace_20260612\06_portable_tools\PortableGit-2.54.0-64-bit\mingw64\share\doc\git-doc\gitformat-chunk.html","gitformat-chunk.html",".html","37792","0.036","03/11/47 08:51:24 م"
"06_portable_tools\PortableGit-2.54.0-64-bit\mingw64\share\doc\git-doc\gitformat-commit-graph.html","D:\zzipp\جي بي\الكميرا\_organized_generation_workspace_20260612\06_portable_tools\PortableGit-2.54.0-64-bit\mingw64\share\doc\git-doc\gitformat-commit-graph.html","gitformat-commit-graph.html",".html","41230","0.039","03/11/47 08:51:24 م"
"06_portable_tools\PortableGit-2.54.0-64-bit\mingw64\share\doc\git-doc\gitformat-index.html","D:\zzipp\جي بي\الكميرا\_organized_generation_workspace_20260612\06_portable_tools\PortableGit-2.54.0-64-bit\mingw64\share\doc\git-doc\gitformat-index.html","gitformat-index.html",".html","51743","0.049","03/11/47 08:51:24 م"
"06_portable_tools\PortableGit-2.54.0-64-bit\mingw64\share\doc\git-doc\gitformat-loose.html","D:\zzipp\جي بي\الكميرا\_organized_generation_workspace_20260612\06_portable_tools\PortableGit-2.54.0-64-bit\mingw64\share\doc\git-doc\gitformat-loose.html","gitformat-loose.html",".html","37519","0.036","03/11/47 08:51:24 م"
"06_portable_tools\PortableGit-2.54.0-64-bit\mingw64\share\doc\git-doc\gitformat-pack.html","D:\zzipp\جي بي\الكميرا\_organized_generation_workspace_20260612\06_portable_tools\PortableGit-2.54.0-64-bit\mingw64\share\doc\git-doc\gitformat-pack.html","gitformat-pack.html",".html","67903","0.065","03/11/47 08:51:24 م"
"06_portable_tools\PortableGit-2.54.0-64-bit\mingw64\share\doc\git-doc\gitformat-signature.html","D:\zzipp\جي بي\الكميرا\_organized_generation_workspace_20260612\06_portable_tools\PortableGit-2.54.0-64-bit\mingw64\share\doc\git-doc\gitformat-signature.html","gitformat-signature.html",".html","40674","0.039","03/11/47 08:51:24 م"
"06_portable_tools\PortableGit-2.54.0-64-bit\mingw64\share\doc\git-doc\gitglossary.html","D:\zzipp\جي بي\الكميرا\_organized_generation_workspace_20260612\06_portable_tools\PortableGit-2.54.0-64-bit\mingw64\share\doc\git-doc\gitglossary.html","gitglossary.html",".html","73687","0.07","03/11/47 08:51:24 م"
"06_portable_tools\PortableGit-2.54.0-64-bit\mingw64\share\doc\git-doc\githooks.html","D:\zzipp\جي بي\الكميرا\_organized_generation_workspace_20260612\06_portable_tools\PortableGit-2.54.0-64-bit\mingw64\share\doc\git-doc\githooks.html","githooks.html",".html","70626","0.067","03/11/47 08:51:24 م"
"06_portable_tools\PortableGit-2.54.0-64-bit\mingw64\share\doc\git-doc\gitignore.html","D:\zzipp\جي بي\الكميرا\_organized_generation_workspace_20260612\06_portable_tools\PortableGit-2.54.0-64-bit\mingw64\share\doc\git-doc\gitignore.html","gitignore.html",".html","41766","0.04","03/11/47 08:51:24 م"
"06_portable_tools\PortableGit-2.54.0-64-bit\mingw64\share\doc\git-doc\gitk.html","D:\zzipp\جي بي\الكميرا\_organized_generation_workspace_20260612\06_portable_tools\PortableGit-2.54.0-64-bit\mingw64\share\doc\git-doc\gitk.html","gitk.html",".html","41350","0.039","03/11/47 08:51:24 م"
"06_portable_tools\PortableGit-2.54.0-64-bit\mingw64\share\doc\git-doc\gitmailmap.html","D:\zzipp\جي بي\الكميرا\_organized_generation_workspace_20260612\06_portable_tools\PortableGit-2.54.0-64-bit\mingw64\share\doc\git-doc\gitmailmap.html","gitmailmap.html",".html","35937","0.034","03/11/47 08:51:24 م"
"06_portable_tools\PortableGit-2.54.0-64-bit\mingw64\share\doc\git-doc\gitmodules.html","D:\zzipp\جي بي\الكميرا\_organized_generation_workspace_20260612\06_portable_tools\PortableGit-2.54.0-64-bit\mingw64\share\doc\git-doc\gitmodules.html","gitmodules.html",".html","37271","0.036","03/11/47 08:51:24 م"
"06_portable_tools\PortableGit-2.54.0-64-bit\mingw64\share\doc\git-doc\gitnamespaces.html","D:\zzipp\جي بي\الكميرا\_organized_generation_workspace_20260612\06_portable_tools\PortableGit-2.54.0-64-bit\mingw64\share\doc\git-doc\gitnamespaces.html","gitnamespaces.html",".html","35335","0.034","03/11/47 08:51:24 م"
"06_portable_tools\PortableGit-2.54.0-64-bit\mingw64\share\doc\git-doc\gitpacking.html","D:\zzipp\جي بي\الكميرا\_organized_generation_workspace_20260612\06_portable_tools\PortableGit-2.54.0-64-bit\mingw64\share\doc\git-doc\gitpacking.html","gitpacking.html",".html","45517","0.043","03/11/47 08:51:24 م"
"06_portable_tools\PortableGit-2.54.0-64-bit\mingw64\share\doc\git-doc\gitprotocol-capabilities.html","D:\zzipp\جي بي\الكميرا\_organized_generation_workspace_20260612\06_portable_tools\PortableGit-2.54.0-64-bit\mingw64\share\doc\git-doc\gitprotocol-capabilities.html","gitprotocol-capabilities.html",".html","50441","0.048","03/11/47 08:51:24 م"
"06_portable_tools\PortableGit-2.54.0-64-bit\mingw64\share\doc\git-doc\gitprotocol-common.html","D:\zzipp\جي بي\الكميرا\_organized_generation_workspace_20260612\06_portable_tools\PortableGit-2.54.0-64-bit\mingw64\share\doc\git-doc\gitprotocol-common.html","gitprotocol-common.html",".html","34633","0.033","03/11/47 08:51:24 م"
"06_portable_tools\PortableGit-2.54.0-64-bit\mingw64\share\doc\git-doc\gitprotocol-http.html","D:\zzipp\جي بي\الكميرا\_organized_generation_workspace_20260612\06_portable_tools\PortableGit-2.54.0-64-bit\mingw64\share\doc\git-doc\gitprotocol-http.html","gitprotocol-http.html",".html","56029","0.053","03/11/47 08:51:24 م"
"06_portable_tools\PortableGit-2.54.0-64-bit\mingw64\share\doc\git-doc\gitprotocol-pack.html","D:\zzipp\جي بي\الكميرا\_organized_generation_workspace_20260612\06_portable_tools\PortableGit-2.54.0-64-bit\mingw64\share\doc\git-doc\gitprotocol-pack.html","gitprotocol-pack.html",".html","65351","0.062","03/11/47 08:51:24 م"
"06_portable_tools\PortableGit-2.54.0-64-bit\mingw64\share\doc\git-doc\gitprotocol-v2.html","D:\zzipp\جي بي\الكميرا\_organized_generation_workspace_20260612\06_portable_tools\PortableGit-2.54.0-64-bit\mingw64\share\doc\git-doc\gitprotocol-v2.html","gitprotocol-v2.html",".html","76794","0.073","03/11/47 08:51:24 م"
"06_portable_tools\PortableGit-2.54.0-64-bit\mingw64\share\doc\git-doc\gitremote-helpers.html","D:\zzipp\جي بي\الكميرا\_organized_generation_workspace_20260612\06_portable_tools\PortableGit-2.54.0-64-bit\mingw64\share\doc\git-doc\gitremote-helpers.html","gitremote-helpers.html",".html","59047","0.056","03/11/47 08:51:24 م"
"06_portable_tools\PortableGit-2.54.0-64-bit\mingw64\share\doc\git-doc\gitrepository-layout.html","D:\zzipp\جي بي\الكميرا\_organized_generation_workspace_20260612\06_portable_tools\PortableGit-2.54.0-64-bit\mingw64\share\doc\git-doc\gitrepository-layout.html","gitrepository-layout.html",".html","49367","0.047","03/11/47 08:51:24 م"
"06_portable_tools\PortableGit-2.54.0-64-bit\mingw64\share\doc\git-doc\gitrevisions.html","D:\zzipp\جي بي\الكميرا\_organized_generation_workspace_20260612\06_portable_tools\PortableGit-2.54.0-64-bit\mingw64\share\doc\git-doc\gitrevisions.html","gitrevisions.html",".html","53755","0.051","03/11/47 08:51:24 م"
"06_portable_tools\PortableGit-2.54.0-64-bit\mingw64\share\doc\git-doc\gitsubmodules.html","D:\zzipp\جي بي\الكميرا\_organized_generation_workspace_20260612\06_portable_tools\PortableGit-2.54.0-64-bit\mingw64\share\doc\git-doc\gitsubmodules.html","gitsubmodules.html",".html","44761","0.043","03/11/47 08:51:24 م"
"06_portable_tools\PortableGit-2.54.0-64-bit\mingw64\share\doc\git-doc\gittutorial-2.html","D:\zzipp\جي بي\الكميرا\_organized_generation_workspace_20260612\06_portable_tools\PortableGit-2.54.0-64-bit\mingw64\share\doc\git-doc\gittutorial-2.html","gittutorial-2.html",".html","47292","0.045","03/11/47 08:51:24 م"
"06_portable_tools\PortableGit-2.54.0-64-bit\mingw64\share\doc\git-doc\gittutorial.html","D:\zzipp\جي بي\الكميرا\_organized_generation_workspace_20260612\06_portable_tools\PortableGit-2.54.0-64-bit\mingw64\share\doc\git-doc\gittutorial.html","gittutorial.html",".html","58803","0.056","03/11/47 08:51:24 م"
"06_portable_tools\PortableGit-2.54.0-64-bit\mingw64\share\doc\git-doc\gitworkflows.html","D:\zzipp\جي بي\الكميرا\_organized_generation_workspace_20260612\06_portable_tools\PortableGit-2.54.0-64-bit\mingw64\share\doc\git-doc\gitworkflows.html","gitworkflows.html",".html","53547","0.051","03/11/47 08:51:24 م"
"06_portable_tools\PortableGit-2.54.0-64-bit\mingw64\share\doc\git-doc\howto-index.html","D:\zzipp\جي بي\الكميرا\_organized_generation_workspace_20260612\06_portable_tools\PortableGit-2.54.0-64-bit\mingw64\share\doc\git-doc\howto-index.html","howto-index.html",".html","36133","0.034","03/11/47 08:51:24 م"
"06_portable_tools\PortableGit-2.54.0-64-bit\mingw64\share\doc\git-doc\index.html","D:\zzipp\جي بي\الكميرا\_organized_generation_workspace_20260612\06_portable_tools\PortableGit-2.54.0-64-bit\mingw64\share\doc\git-doc\index.html","index.html",".html","118708","0.113","03/11/47 08:51:24 م"
"06_portable_tools\PortableGit-2.54.0-64-bit\mingw64\share\doc\git-doc\MyFirstContribution.html","D:\zzipp\جي بي\الكميرا\_organized_generation_workspace_20260612\06_portable_tools\PortableGit-2.54.0-64-bit\mingw64\share\doc\git-doc\MyFirstContribution.html","MyFirstContribution.html",".html","108128","0.103","03/11/47 08:51:24 م"
"06_portable_tools\PortableGit-2.54.0-64-bit\mingw64\share\doc\git-doc\MyFirstObjectWalk.html","D:\zzipp\جي بي\الكميرا\_organized_generation_workspace_20260612\06_portable_tools\PortableGit-2.54.0-64-bit\mingw64\share\doc\git-doc\MyFirstObjectWalk.html","MyFirstObjectWalk.html",".html","74100","0.071","03/11/47 08:51:24 م"
"06_portable_tools\PortableGit-2.54.0-64-bit\mingw64\share\doc\git-doc\ReviewingGuidelines.html","D:\zzipp\جي بي\الكميرا\_organized_generation_workspace_20260612\06_portable_tools\PortableGit-2.54.0-64-bit\mingw64\share\doc\git-doc\ReviewingGuidelines.html","ReviewingGuidelines.html",".html","40568","0.039","03/11/47 08:51:24 م"
"06_portable_tools\PortableGit-2.54.0-64-bit\mingw64\share\doc\git-doc\scalar.html","D:\zzipp\جي بي\الكميرا\_organized_generation_workspace_20260612\06_portable_tools\PortableGit-2.54.0-64-bit\mingw64\share\doc\git-doc\scalar.html","scalar.html",".html","49967","0.048","03/11/47 08:51:24 م"
"06_portable_tools\PortableGit-2.54.0-64-bit\mingw64\share\doc\git-doc\SubmittingPatches.html","D:\zzipp\جي بي\الكميرا\_organized_generation_workspace_20260612\06_portable_tools\PortableGit-2.54.0-64-bit\mingw64\share\doc\git-doc\SubmittingPatches.html","SubmittingPatches.html",".html","81561","0.078","03/11/47 08:51:24 م"
"06_portable_tools\PortableGit-2.54.0-64-bit\mingw64\share\doc\git-doc\ToolsForGit.html","D:\zzipp\جي بي\الكميرا\_organized_generation_workspace_20260612\06_portable_tools\PortableGit-2.54.0-64-bit\mingw64\share\doc\git-doc\ToolsForGit.html","ToolsForGit.html",".html","32505","0.031","03/11/47 08:51:24 م"
"06_portable_tools\PortableGit-2.54.0-64-bit\mingw64\share\doc\git-doc\user-manual.html","D:\zzipp\جي بي\الكميرا\_organized_generation_workspace_20260612\06_portable_tools\PortableGit-2.54.0-64-bit\mingw64\share\doc\git-doc\user-manual.html","user-manual.html",".html","281669","0.269","03/11/47 08:51:24 م"
"06_portable_tools\PortableGit-2.54.0-64-bit\mingw64\share\doc\git-doc\technical\api-error-handling.html","D:\zzipp\جي بي\الكميرا\_organized_generation_workspace_20260612\06_portable_tools\PortableGit-2.54.0-64-bit\mingw64\share\doc\git-doc\technical\api-error-handling.html","api-error-handling.html",".html","35307","0.034","03/11/47 08:51:24 م"
"06_portable_tools\PortableGit-2.54.0-64-bit\mingw64\share\doc\git-doc\technical\api-index.html","D:\zzipp\جي بي\الكميرا\_organized_generation_workspace_20260612\06_portable_tools\PortableGit-2.54.0-64-bit\mingw64\share\doc\git-doc\technical\api-index.html","api-index.html",".html","30415","0.029","03/11/47 08:51:24 م"
"06_portable_tools\PortableGit-2.54.0-64-bit\mingw64\share\doc\git-doc\technical\api-merge.html","D:\zzipp\جي بي\الكميرا\_organized_generation_workspace_20260612\06_portable_tools\PortableGit-2.54.0-64-bit\mingw64\share\doc\git-doc\technical\api-merge.html","api-merge.html",".html","31517","0.03","03/11/47 08:51:24 م"
"06_portable_tools\PortableGit-2.54.0-64-bit\mingw64\share\doc\git-doc\technical\api-parse-options.html","D:\zzipp\جي بي\الكميرا\_organized_generation_workspace_20260612\06_portable_tools\PortableGit-2.54.0-64-bit\mingw64\share\doc\git-doc\technical\api-parse-options.html","api-parse-options.html",".html","49885","0.048","03/11/47 08:51:24 م"
"06_portable_tools\PortableGit-2.54.0-64-bit\mingw64\share\doc\git-doc\technical\api-path-walk.html","D:\zzipp\جي بي\الكميرا\_organized_generation_workspace_20260612\06_portable_tools\PortableGit-2.54.0-64-bit\mingw64\share\doc\git-doc\technical\api-path-walk.html","api-path-walk.html",".html","34358","0.033","03/11/47 08:51:24 م"
"06_portable_tools\PortableGit-2.54.0-64-bit\mingw64\share\doc\git-doc\technical\api-simple-ipc.html","D:\zzipp\جي بي\الكميرا\_organized_generation_workspace_20260612\06_portable_tools\PortableGit-2.54.0-64-bit\mingw64\share\doc\git-doc\technical\api-simple-ipc.html","api-simple-ipc.html",".html","35596","0.034","03/11/47 08:51:24 م"
"06_portable_tools\PortableGit-2.54.0-64-bit\mingw64\share\doc\git-doc\technical\api-trace2.html","D:\zzipp\جي بي\الكميرا\_organized_generation_workspace_20260612\06_portable_tools\PortableGit-2.54.0-64-bit\mingw64\share\doc\git-doc\technical\api-trace2.html","api-trace2.html",".html","87434","0.083","03/11/47 08:51:24 م"
"06_portable_tools\PortableGit-2.54.0-64-bit\mingw64\share\doc\git-doc\technical\bitmap-format.html","D:\zzipp\جي بي\الكميرا\_organized_generation_workspace_20260612\06_portable_tools\PortableGit-2.54.0-64-bit\mingw64\share\doc\git-doc\technical\bitmap-format.html","bitmap-format.html",".html","49745","0.047","03/11/47 08:51:24 م"
"06_portable_tools\PortableGit-2.54.0-64-bit\mingw64\share\doc\git-doc\technical\build-systems.html","D:\zzipp\جي بي\الكميرا\_organized_generation_workspace_20260612\06_portable_tools\PortableGit-2.54.0-64-bit\mingw64\share\doc\git-doc\technical\build-systems.html","build-systems.html",".html","41255","0.039","03/11/47 08:51:24 م"
"06_portable_tools\PortableGit-2.54.0-64-bit\mingw64\share\doc\git-doc\technical\bundle-uri.html","D:\zzipp\جي بي\الكميرا\_organized_generation_workspace_20260612\06_portable_tools\PortableGit-2.54.0-64-bit\mingw64\share\doc\git-doc\technical\bundle-uri.html","bundle-uri.html",".html","63844","0.061","03/11/47 08:51:24 م"
"06_portable_tools\PortableGit-2.54.0-64-bit\mingw64\share\doc\git-doc\technical\commit-graph.html","D:\zzipp\جي بي\الكميرا\_organized_generation_workspace_20260612\06_portable_tools\PortableGit-2.54.0-64-bit\mingw64\share\doc\git-doc\technical\commit-graph.html","commit-graph.html",".html","53122","0.051","03/11/47 08:51:24 م"
"06_portable_tools\PortableGit-2.54.0-64-bit\mingw64\share\doc\git-doc\technical\directory-rename-detection.html","D:\zzipp\جي بي\الكميرا\_organized_generation_workspace_20260612\06_portable_tools\PortableGit-2.54.0-64-bit\mingw64\share\doc\git-doc\technical\directory-rename-detection.html","directory-rename-detection.html",".html","36457","0.035","03/11/47 08:51:24 م"
"06_portable_tools\PortableGit-2.54.0-64-bit\mingw64\share\doc\git-doc\technical\hash-function-transition.html","D:\zzipp\جي بي\الكميرا\_organized_generation_workspace_20260612\06_portable_tools\PortableGit-2.54.0-64-bit\mingw64\share\doc\git-doc\technical\hash-function-transition.html","hash-function-transition.html",".html","76488","0.073","03/11/47 08:51:24 م"
"06_portable_tools\PortableGit-2.54.0-64-bit\mingw64\share\doc\git-doc\technical\large-object-promisors.html","D:\zzipp\جي بي\الكميرا\_organized_generation_workspace_20260612\06_portable_tools\PortableGit-2.54.0-64-bit\mingw64\share\doc\git-doc\technical\large-object-promisors.html","large-object-promisors.html",".html","63482","0.061","03/11/47 08:51:24 م"
"06_portable_tools\PortableGit-2.54.0-64-bit\mingw64\share\doc\git-doc\technical\long-running-process-protocol.html","D:\zzipp\جي بي\الكميرا\_organized_generation_workspace_20260612\06_portable_tools\PortableGit-2.54.0-64-bit\mingw64\share\doc\git-doc\technical\long-running-process-protocol.html","long-running-process-protocol.html",".html","32204","0.031","03/11/47 08:51:24 م"
"06_portable_tools\PortableGit-2.54.0-64-bit\mingw64\share\doc\git-doc\technical\multi-pack-index.html","D:\zzipp\جي بي\الكميرا\_organized_generation_workspace_20260612\06_portable_tools\PortableGit-2.54.0-64-bit\mingw64\share\doc\git-doc\technical\multi-pack-index.html","multi-pack-index.html",".html","44949","0.043","03/11/47 08:51:24 م"
"06_portable_tools\PortableGit-2.54.0-64-bit\mingw64\share\doc\git-doc\technical\pack-heuristics.html","D:\zzipp\جي بي\الكميرا\_organized_generation_workspace_20260612\06_portable_tools\PortableGit-2.54.0-64-bit\mingw64\share\doc\git-doc\technical\pack-heuristics.html","pack-heuristics.html",".html","55395","0.053","03/11/47 08:51:24 م"
"06_portable_tools\PortableGit-2.54.0-64-bit\mingw64\share\doc\git-doc\technical\packfile-uri.html","D:\zzipp\جي بي\الكميرا\_organized_generation_workspace_20260612\06_portable_tools\PortableGit-2.54.0-64-bit\mingw64\share\doc\git-doc\technical\packfile-uri.html","packfile-uri.html",".html","34722","0.033","03/11/47 08:51:24 م"
"06_portable_tools\PortableGit-2.54.0-64-bit\mingw64\share\doc\git-doc\technical\parallel-checkout.html","D:\zzipp\جي بي\الكميرا\_organized_generation_workspace_20260612\06_portable_tools\PortableGit-2.54.0-64-bit\mingw64\share\doc\git-doc\technical\parallel-checkout.html","parallel-checkout.html",".html","44584","0.043","03/11/47 08:51:24 م"
"06_portable_tools\PortableGit-2.54.0-64-bit\mingw64\share\doc\git-doc\technical\partial-clone.html","D:\zzipp\جي بي\الكميرا\_organized_generation_workspace_20260612\06_portable_tools\PortableGit-2.54.0-64-bit\mingw64\share\doc\git-doc\technical\partial-clone.html","partial-clone.html",".html","49393","0.047","03/11/47 08:51:24 م"
"06_portable_tools\PortableGit-2.54.0-64-bit\mingw64\share\doc\git-doc\technical\platform-support.html","D:\zzipp\جي بي\الكميرا\_organized_generation_workspace_20260612\06_portable_tools\PortableGit-2.54.0-64-bit\mingw64\share\doc\git-doc\technical\platform-support.html","platform-support.html",".html","40939","0.039","03/11/47 08:51:24 م"
"06_portable_tools\PortableGit-2.54.0-64-bit\mingw64\share\doc\git-doc\technical\racy-git.html","D:\zzipp\جي بي\الكميرا\_organized_generation_workspace_20260612\06_portable_tools\PortableGit-2.54.0-64-bit\mingw64\share\doc\git-doc\technical\racy-git.html","racy-git.html",".html","41281","0.039","03/11/47 08:51:24 م"
"06_portable_tools\PortableGit-2.54.0-64-bit\mingw64\share\doc\git-doc\technical\reftable.html","D:\zzipp\جي بي\الكميرا\_organized_generation_workspace_20260612\06_portable_tools\PortableGit-2.54.0-64-bit\mingw64\share\doc\git-doc\technical\reftable.html","reftable.html",".html","87791","0.084","03/11/47 08:51:24 م"
"06_portable_tools\PortableGit-2.54.0-64-bit\mingw64\share\doc\git-doc\technical\remembering-renames.html","D:\zzipp\جي بي\الكميرا\_organized_generation_workspace_20260612\06_portable_tools\PortableGit-2.54.0-64-bit\mingw64\share\doc\git-doc\technical\remembering-renames.html","remembering-renames.html",".html","66614","0.064","03/11/47 08:51:24 م"
"06_portable_tools\PortableGit-2.54.0-64-bit\mingw64\share\doc\git-doc\technical\repository-version.html","D:\zzipp\جي بي\الكميرا\_organized_generation_workspace_20260612\06_portable_tools\PortableGit-2.54.0-64-bit\mingw64\share\doc\git-doc\technical\repository-version.html","repository-version.html",".html","33987","0.032","03/11/47 08:51:24 م"
"06_portable_tools\PortableGit-2.54.0-64-bit\mingw64\share\doc\git-doc\technical\rerere.html","D:\zzipp\جي بي\الكميرا\_organized_generation_workspace_20260612\06_portable_tools\PortableGit-2.54.0-64-bit\mingw64\share\doc\git-doc\technical\rerere.html","rerere.html",".html","38509","0.037","03/11/47 08:51:24 م"
"06_portable_tools\PortableGit-2.54.0-64-bit\mingw64\share\doc\git-doc\technical\scalar.html","D:\zzipp\جي بي\الكميرا\_organized_generation_workspace_20260612\06_portable_tools\PortableGit-2.54.0-64-bit\mingw64\share\doc\git-doc\technical\scalar.html","scalar.html",".html","33674","0.032","03/11/47 08:51:24 م"
"06_portable_tools\PortableGit-2.54.0-64-bit\mingw64\share\doc\git-doc\technical\send-pack-pipeline.html","D:\zzipp\جي بي\الكميرا\_organized_generation_workspace_20260612\06_portable_tools\PortableGit-2.54.0-64-bit\mingw64\share\doc\git-doc\technical\send-pack-pipeline.html","send-pack-pipeline.html",".html","32442","0.031","03/11/47 08:51:24 م"
"06_portable_tools\PortableGit-2.54.0-64-bit\mingw64\share\doc\git-doc\technical\shallow.html","D:\zzipp\جي بي\الكميرا\_organized_generation_workspace_20260612\06_portable_tools\PortableGit-2.54.0-64-bit\mingw64\share\doc\git-doc\technical\shallow.html","shallow.html",".html","32813","0.031","03/11/47 08:51:24 م"
"06_portable_tools\PortableGit-2.54.0-64-bit\mingw64\share\doc\git-doc\technical\sparse-checkout.html","D:\zzipp\جي بي\الكميرا\_organized_generation_workspace_20260612\06_portable_tools\PortableGit-2.54.0-64-bit\mingw64\share\doc\git-doc\technical\sparse-checkout.html","sparse-checkout.html",".html","93834","0.089","03/11/47 08:51:24 م"
"06_portable_tools\PortableGit-2.54.0-64-bit\mingw64\share\doc\git-doc\technical\sparse-index.html","D:\zzipp\جي بي\الكميرا\_organized_generation_workspace_20260612\06_portable_tools\PortableGit-2.54.0-64-bit\mingw64\share\doc\git-doc\technical\sparse-index.html","sparse-index.html",".html","42048","0.04","03/11/47 08:51:24 م"
"06_portable_tools\PortableGit-2.54.0-64-bit\mingw64\share\doc\git-doc\technical\trivial-merge.html","D:\zzipp\جي بي\الكميرا\_organized_generation_workspace_20260612\06_portable_tools\PortableGit-2.54.0-64-bit\mingw64\share\doc\git-doc\technical\trivial-merge.html","trivial-merge.html",".html","35431","0.034","03/11/47 08:51:24 م"
"06_portable_tools\PortableGit-2.54.0-64-bit\mingw64\share\doc\git-doc\technical\unambiguous-types.html","D:\zzipp\جي بي\الكميرا\_organized_generation_workspace_20260612\06_portable_tools\PortableGit-2.54.0-64-bit\mingw64\share\doc\git-doc\technical\unambiguous-types.html","unambiguous-types.html",".html","43333","0.041","03/11/47 08:51:24 م"
"06_portable_tools\PortableGit-2.54.0-64-bit\mingw64\share\doc\git-doc\technical\unit-tests.html","D:\zzipp\جي بي\الكميرا\_organized_generation_workspace_20260612\06_portable_tools\PortableGit-2.54.0-64-bit\mingw64\share\doc\git-doc\technical\unit-tests.html","unit-tests.html",".html","51200","0.049","03/11/47 08:51:24 م"
"06_portable_tools\PortableGit-2.54.0-64-bit\mingw64\share\doc\git-doc\howto\coordinate-embargoed-releases.html","D:\zzipp\جي بي\الكميرا\_organized_generation_workspace_20260612\06_portable_tools\PortableGit-2.54.0-64-bit\mingw64\share\doc\git-doc\howto\coordinate-embargoed-releases.html","coordinate-embargoed-releases.html",".html","43430","0.041","03/11/47 08:51:24 م"
"06_portable_tools\PortableGit-2.54.0-64-bit\mingw64\share\doc\git-doc\howto\keep-canonical-history-correct.html","D:\zzipp\جي بي\الكميرا\_organized_generation_workspace_20260612\06_portable_tools\PortableGit-2.54.0-64-bit\mingw64\share\doc\git-doc\howto\keep-canonical-history-correct.html","keep-canonical-history-correct.html",".html","39936","0.038","03/11/47 08:51:24 م"
"06_portable_tools\PortableGit-2.54.0-64-bit\mingw64\share\doc\git-doc\howto\maintain-git.html","D:\zzipp\جي بي\الكميرا\_organized_generation_workspace_20260612\06_portable_tools\PortableGit-2.54.0-64-bit\mingw64\share\doc\git-doc\howto\maintain-git.html","maintain-git.html",".html","61496","0.059","03/11/47 08:51:24 م"
"06_portable_tools\PortableGit-2.54.0-64-bit\mingw64\share\doc\git-doc\howto\new-command.html","D:\zzipp\جي بي\الكميرا\_organized_generation_workspace_20260612\06_portable_tools\PortableGit-2.54.0-64-bit\mingw64\share\doc\git-doc\howto\new-command.html","new-command.html",".html","35794","0.034","03/11/47 08:51:24 م"
"06_portable_tools\PortableGit-2.54.0-64-bit\mingw64\share\doc\git-doc\howto\rebase-from-internal-branch.html","D:\zzipp\جي بي\الكميرا\_organized_generation_workspace_20260612\06_portable_tools\PortableGit-2.54.0-64-bit\mingw64\share\doc\git-doc\howto\rebase-from-internal-branch.html","rebase-from-internal-branch.html",".html","38077","0.036","03/11/47 08:51:24 م"
"06_portable_tools\PortableGit-2.54.0-64-bit\mingw64\share\doc\git-doc\howto\rebuild-from-update-hook.html","D:\zzipp\جي بي\الكميرا\_organized_generation_workspace_20260612\06_portable_tools\PortableGit-2.54.0-64-bit\mingw64\share\doc\git-doc\howto\rebuild-from-update-hook.html","rebuild-from-update-hook.html",".html","34000","0.032","03/11/47 08:51:24 م"
"06_portable_tools\PortableGit-2.54.0-64-bit\mingw64\share\doc\git-doc\howto\recover-corrupted-blob-object.html","D:\zzipp\جي بي\الكميرا\_organized_generation_workspace_20260612\06_portable_tools\PortableGit-2.54.0-64-bit\mingw64\share\doc\git-doc\howto\recover-corrupted-blob-object.html","recover-corrupted-blob-object.html",".html","37519","0.036","03/11/47 08:51:24 م"
"06_portable_tools\PortableGit-2.54.0-64-bit\mingw64\share\doc\git-doc\howto\recover-corrupted-object-harder.html","D:\zzipp\جي بي\الكميرا\_organized_generation_workspace_20260612\06_portable_tools\PortableGit-2.54.0-64-bit\mingw64\share\doc\git-doc\howto\recover-corrupted-object-harder.html","recover-corrupted-object-harder.html",".html","49815","0.048","03/11/47 08:51:24 م"
"06_portable_tools\PortableGit-2.54.0-64-bit\mingw64\share\doc\git-doc\howto\revert-a-faulty-merge.html","D:\zzipp\جي بي\الكميرا\_organized_generation_workspace_20260612\06_portable_tools\PortableGit-2.54.0-64-bit\mingw64\share\doc\git-doc\howto\revert-a-faulty-merge.html","revert-a-faulty-merge.html",".html","44613","0.043","03/11/47 08:51:24 م"
"06_portable_tools\PortableGit-2.54.0-64-bit\mingw64\share\doc\git-doc\howto\revert-branch-rebase.html","D:\zzipp\جي بي\الكميرا\_organized_generation_workspace_20260612\06_portable_tools\PortableGit-2.54.0-64-bit\mingw64\share\doc\git-doc\howto\revert-branch-rebase.html","revert-branch-rebase.html",".html","38382","0.037","03/11/47 08:51:24 م"
"06_portable_tools\PortableGit-2.54.0-64-bit\mingw64\share\doc\git-doc\howto\separating-topic-branches.html","D:\zzipp\جي بي\الكميرا\_organized_generation_workspace_20260612\06_portable_tools\PortableGit-2.54.0-64-bit\mingw64\share\doc\git-doc\howto\separating-topic-branches.html","separating-topic-branches.html",".html","34177","0.033","03/11/47 08:51:24 م"
"06_portable_tools\PortableGit-2.54.0-64-bit\mingw64\share\doc\git-doc\howto\setup-git-server-over-http.html","D:\zzipp\جي بي\الكميرا\_organized_generation_workspace_20260612\06_portable_tools\PortableGit-2.54.0-64-bit\mingw64\share\doc\git-doc\howto\setup-git-server-over-http.html","setup-git-server-over-http.html",".html","44260","0.042","03/11/47 08:51:24 م"
"06_portable_tools\PortableGit-2.54.0-64-bit\mingw64\share\doc\git-doc\howto\update-hook-example.html","D:\zzipp\جي بي\الكميرا\_organized_generation_workspace_20260612\06_portable_tools\PortableGit-2.54.0-64-bit\mingw64\share\doc\git-doc\howto\update-hook-example.html","update-hook-example.html",".html","36912","0.035","03/11/47 08:51:24 م"
"06_portable_tools\PortableGit-2.54.0-64-bit\mingw64\share\doc\git-doc\howto\use-git-daemon.html","D:\zzipp\جي بي\الكميرا\_organized_generation_workspace_20260612\06_portable_tools\PortableGit-2.54.0-64-bit\mingw64\share\doc\git-doc\howto\use-git-daemon.html","use-git-daemon.html",".html","33364","0.032","03/11/47 08:51:24 م"
"06_portable_tools\PortableGit-2.54.0-64-bit\mingw64\share\doc\git-doc\howto\using-merge-subtree.html","D:\zzipp\جي بي\الكميرا\_organized_generation_workspace_20260612\06_portable_tools\PortableGit-2.54.0-64-bit\mingw64\share\doc\git-doc\howto\using-merge-subtree.html","using-merge-subtree.html",".html","34005","0.032","03/11/47 08:51:24 م"
"06_portable_tools\PortableGit-2.54.0-64-bit\mingw64\share\doc\git-doc\howto\using-signed-tag-in-pull-request.html","D:\zzipp\جي بي\الكميرا\_organized_generation_workspace_20260612\06_portable_tools\PortableGit-2.54.0-64-bit\mingw64\share\doc\git-doc\howto\using-signed-tag-in-pull-request.html","using-signed-tag-in-pull-request.html",".html","40649","0.039","03/11/47 08:51:24 م"
"06_portable_tools\PortableGit-2.54.0-64-bit\mingw64\share\doc\connect\manual.html","D:\zzipp\جي بي\الكميرا\_organized_generation_workspace_20260612\06_portable_tools\PortableGit-2.54.0-64-bit\mingw64\share\doc\connect\manual.html","manual.html",".html","42566","0.041","03/11/47 08:50:04 م"
"06_portable_tools\PortableGit-2.54.0-64-bit\mingw64\share\licenses\pcre2\LICENCE.md","D:\zzipp\جي بي\الكميرا\_organized_generation_workspace_20260612\06_portable_tools\PortableGit-2.54.0-64-bit\mingw64\share\licenses\pcre2\LICENCE.md","LICENCE.md",".md","4011","0.004","03/11/47 08:50:04 م"
"06_portable_tools\PortableGit-2.54.0-64-bit\mingw64\share\licenses\c-ares\LICENSE.md","D:\zzipp\جي بي\الكميرا\_organized_generation_workspace_20260612\06_portable_tools\PortableGit-2.54.0-64-bit\mingw64\share\licenses\c-ares\LICENSE.md","LICENSE.md",".md","1211","0.001","03/11/47 08:50:04 م"
"06_portable_tools\PortableGit-2.54.0-64-bit\mingw64\doc\git-credential-manager\README.md","D:\zzipp\جي بي\الكميرا\_organized_generation_workspace_20260612\06_portable_tools\PortableGit-2.54.0-64-bit\mingw64\doc\git-credential-manager\README.md","README.md",".md","6766","0.006","03/11/47 08:50:06 م"
"06_portable_tools\PortableGit-2.54.0-64-bit\usr\share\vim\vim92\pack\dist\opt\editorconfig\README.md","D:\zzipp\جي بي\الكميرا\_organized_generation_workspace_20260612\06_portable_tools\PortableGit-2.54.0-64-bit\usr\share\vim\vim92\pack\dist\opt\editorconfig\README.md","README.md",".md","4915","0.005","03/11/47 08:50:06 م"
"06_portable_tools\PortableGit-2.54.0-64-bit\usr\share\vim\vim92\pack\dist\opt\netrw\README.md","D:\zzipp\جي بي\الكميرا\_organized_generation_workspace_20260612\06_portable_tools\PortableGit-2.54.0-64-bit\usr\share\vim\vim92\pack\dist\opt\netrw\README.md","README.md",".md","25057","0.024","03/11/47 08:50:04 م"
"06_portable_tools\PortableGit-2.54.0-64-bit\usr\share\gtk-doc\html\p11-kit\config-example.html","D:\zzipp\جي بي\الكميرا\_organized_generation_workspace_20260612\06_portable_tools\PortableGit-2.54.0-64-bit\usr\share\gtk-doc\html\p11-kit\config-example.html","config-example.html",".html","3836","0.004","03/11/47 08:50:04 م"
"06_portable_tools\PortableGit-2.54.0-64-bit\usr\share\gtk-doc\html\p11-kit\config-files.html","D:\zzipp\جي بي\الكميرا\_organized_generation_workspace_20260612\06_portable_tools\PortableGit-2.54.0-64-bit\usr\share\gtk-doc\html\p11-kit\config-files.html","config-files.html",".html","2172","0.002","03/11/47 08:50:04 م"
"06_portable_tools\PortableGit-2.54.0-64-bit\usr\share\gtk-doc\html\p11-kit\config.html","D:\zzipp\جي بي\الكميرا\_organized_generation_workspace_20260612\06_portable_tools\PortableGit-2.54.0-64-bit\usr\share\gtk-doc\html\p11-kit\config.html","config.html",".html","2576","0.002","03/11/47 08:50:04 م"
"06_portable_tools\PortableGit-2.54.0-64-bit\usr\share\gtk-doc\html\p11-kit\devel-building-style.html","D:\zzipp\جي بي\الكميرا\_organized_generation_workspace_20260612\06_portable_tools\PortableGit-2.54.0-64-bit\usr\share\gtk-doc\html\p11-kit\devel-building-style.html","devel-building-style.html",".html","3204","0.003","03/11/47 08:50:04 م"
"06_portable_tools\PortableGit-2.54.0-64-bit\usr\share\gtk-doc\html\p11-kit\devel-building.html","D:\zzipp\جي بي\الكميرا\_organized_generation_workspace_20260612\06_portable_tools\PortableGit-2.54.0-64-bit\usr\share\gtk-doc\html\p11-kit\devel-building.html","devel-building.html",".html","10048","0.01","03/11/47 08:50:04 م"
"06_portable_tools\PortableGit-2.54.0-64-bit\usr\share\gtk-doc\html\p11-kit\devel-commands.html","D:\zzipp\جي بي\الكميرا\_organized_generation_workspace_20260612\06_portable_tools\PortableGit-2.54.0-64-bit\usr\share\gtk-doc\html\p11-kit\devel-commands.html","devel-commands.html",".html","2538","0.002","03/11/47 08:50:04 م"
"06_portable_tools\PortableGit-2.54.0-64-bit\usr\share\gtk-doc\html\p11-kit\devel-debugging.html","D:\zzipp\جي بي\الكميرا\_organized_generation_workspace_20260612\06_portable_tools\PortableGit-2.54.0-64-bit\usr\share\gtk-doc\html\p11-kit\devel-debugging.html","devel-debugging.html",".html","1933","0.002","03/11/47 08:50:04 م"
"06_portable_tools\PortableGit-2.54.0-64-bit\usr\share\gtk-doc\html\p11-kit\devel-paths.html","D:\zzipp\جي بي\الكميرا\_organized_generation_workspace_20260612\06_portable_tools\PortableGit-2.54.0-64-bit\usr\share\gtk-doc\html\p11-kit\devel-paths.html","devel-paths.html",".html","3480","0.003","03/11/47 08:50:04 م"
"06_portable_tools\PortableGit-2.54.0-64-bit\usr\share\gtk-doc\html\p11-kit\devel-testing.html","D:\zzipp\جي بي\الكميرا\_organized_generation_workspace_20260612\06_portable_tools\PortableGit-2.54.0-64-bit\usr\share\gtk-doc\html\p11-kit\devel-testing.html","devel-testing.html",".html","2780","0.003","03/11/47 08:50:04 م"
"06_portable_tools\PortableGit-2.54.0-64-bit\usr\share\gtk-doc\html\p11-kit\devel.html","D:\zzipp\جي بي\الكميرا\_organized_generation_workspace_20260612\06_portable_tools\PortableGit-2.54.0-64-bit\usr\share\gtk-doc\html\p11-kit\devel.html","devel.html",".html","3725","0.004","03/11/47 08:50:04 م"
"06_portable_tools\PortableGit-2.54.0-64-bit\usr\share\gtk-doc\html\p11-kit\index.html","D:\zzipp\جي بي\الكميرا\_organized_generation_workspace_20260612\06_portable_tools\PortableGit-2.54.0-64-bit\usr\share\gtk-doc\html\p11-kit\index.html","index.html",".html","5625","0.005","03/11/47 08:50:04 م"
"06_portable_tools\PortableGit-2.54.0-64-bit\usr\share\gtk-doc\html\p11-kit\p11-kit-Deprecated.html","D:\zzipp\جي بي\الكميرا\_organized_generation_workspace_20260612\06_portable_tools\PortableGit-2.54.0-64-bit\usr\share\gtk-doc\html\p11-kit\p11-kit-Deprecated.html","p11-kit-Deprecated.html",".html","25681","0.024","03/11/47 08:50:04 م"
"06_portable_tools\PortableGit-2.54.0-64-bit\usr\share\gtk-doc\html\p11-kit\p11-kit-Future.html","D:\zzipp\جي بي\الكميرا\_organized_generation_workspace_20260612\06_portable_tools\PortableGit-2.54.0-64-bit\usr\share\gtk-doc\html\p11-kit\p11-kit-Future.html","p11-kit-Future.html",".html","62230","0.059","03/11/47 08:50:04 م"
"06_portable_tools\PortableGit-2.54.0-64-bit\usr\share\gtk-doc\html\p11-kit\p11-kit-Modules.html","D:\zzipp\جي بي\الكميرا\_organized_generation_workspace_20260612\06_portable_tools\PortableGit-2.54.0-64-bit\usr\share\gtk-doc\html\p11-kit\p11-kit-Modules.html","p11-kit-Modules.html",".html","40845","0.039","03/11/47 08:50:04 م"
"06_portable_tools\PortableGit-2.54.0-64-bit\usr\share\gtk-doc\html\p11-kit\p11-kit-PIN-Callbacks.html","D:\zzipp\جي بي\الكميرا\_organized_generation_workspace_20260612\06_portable_tools\PortableGit-2.54.0-64-bit\usr\share\gtk-doc\html\p11-kit\p11-kit-PIN-Callbacks.html","p11-kit-PIN-Callbacks.html",".html","45836","0.044","03/11/47 08:50:04 م"
"06_portable_tools\PortableGit-2.54.0-64-bit\usr\share\gtk-doc\html\p11-kit\p11-kit-URIs.html","D:\zzipp\جي بي\الكميرا\_organized_generation_workspace_20260612\06_portable_tools\PortableGit-2.54.0-64-bit\usr\share\gtk-doc\html\p11-kit\p11-kit-URIs.html","p11-kit-URIs.html",".html","71372","0.068","03/11/47 08:50:04 م"
"06_portable_tools\PortableGit-2.54.0-64-bit\usr\share\gtk-doc\html\p11-kit\p11-kit-Utilities.html","D:\zzipp\جي بي\الكميرا\_organized_generation_workspace_20260612\06_portable_tools\PortableGit-2.54.0-64-bit\usr\share\gtk-doc\html\p11-kit\p11-kit-Utilities.html","p11-kit-Utilities.html",".html","12465","0.012","03/11/47 08:50:04 م"
"06_portable_tools\PortableGit-2.54.0-64-bit\usr\share\gtk-doc\html\p11-kit\p11-kit.html","D:\zzipp\جي بي\الكميرا\_organized_generation_workspace_20260612\06_portable_tools\PortableGit-2.54.0-64-bit\usr\share\gtk-doc\html\p11-kit\p11-kit.html","p11-kit.html",".html","23200","0.022","03/11/47 08:50:04 م"
"06_portable_tools\PortableGit-2.54.0-64-bit\usr\share\gtk-doc\html\p11-kit\pkcs11-conf.html","D:\zzipp\جي بي\الكميرا\_organized_generation_workspace_20260612\06_portable_tools\PortableGit-2.54.0-64-bit\usr\share\gtk-doc\html\p11-kit\pkcs11-conf.html","pkcs11-conf.html",".html","13216","0.013","03/11/47 08:50:04 م"
"06_portable_tools\PortableGit-2.54.0-64-bit\usr\share\gtk-doc\html\p11-kit\proxy.html","D:\zzipp\جي بي\الكميرا\_organized_generation_workspace_20260612\06_portable_tools\PortableGit-2.54.0-64-bit\usr\share\gtk-doc\html\p11-kit\proxy.html","proxy.html",".html","2817","0.003","03/11/47 08:50:04 م"
"06_portable_tools\PortableGit-2.54.0-64-bit\usr\share\gtk-doc\html\p11-kit\reference.html","D:\zzipp\جي بي\الكميرا\_organized_generation_workspace_20260612\06_portable_tools\PortableGit-2.54.0-64-bit\usr\share\gtk-doc\html\p11-kit\reference.html","reference.html",".html","33349","0.032","03/11/47 08:50:04 م"
"06_portable_tools\PortableGit-2.54.0-64-bit\usr\share\gtk-doc\html\p11-kit\remoting.html","D:\zzipp\جي بي\الكميرا\_organized_generation_workspace_20260612\06_portable_tools\PortableGit-2.54.0-64-bit\usr\share\gtk-doc\html\p11-kit\remoting.html","remoting.html",".html","11266","0.011","03/11/47 08:50:04 م"
"06_portable_tools\PortableGit-2.54.0-64-bit\usr\share\gtk-doc\html\p11-kit\sharing-managed.html","D:\zzipp\جي بي\الكميرا\_organized_generation_workspace_20260612\06_portable_tools\PortableGit-2.54.0-64-bit\usr\share\gtk-doc\html\p11-kit\sharing-managed.html","sharing-managed.html",".html","4743","0.005","03/11/47 08:50:04 م"
"06_portable_tools\PortableGit-2.54.0-64-bit\usr\share\gtk-doc\html\p11-kit\sharing.html","D:\zzipp\جي بي\الكميرا\_organized_generation_workspace_20260612\06_portable_tools\PortableGit-2.54.0-64-bit\usr\share\gtk-doc\html\p11-kit\sharing.html","sharing.html",".html","3657","0.003","03/11/47 08:50:04 م"
"06_portable_tools\PortableGit-2.54.0-64-bit\usr\share\gtk-doc\html\p11-kit\tools.html","D:\zzipp\جي بي\الكميرا\_organized_generation_workspace_20260612\06_portable_tools\PortableGit-2.54.0-64-bit\usr\share\gtk-doc\html\p11-kit\tools.html","tools.html",".html","2028","0.002","03/11/47 08:50:04 م"
"06_portable_tools\PortableGit-2.54.0-64-bit\usr\share\gtk-doc\html\p11-kit\trust-disable.html","D:\zzipp\جي بي\الكميرا\_organized_generation_workspace_20260612\06_portable_tools\PortableGit-2.54.0-64-bit\usr\share\gtk-doc\html\p11-kit\trust-disable.html","trust-disable.html",".html","2645","0.003","03/11/47 08:50:04 م"
"06_portable_tools\PortableGit-2.54.0-64-bit\usr\share\gtk-doc\html\p11-kit\trust-glib-networking.html","D:\zzipp\جي بي\الكميرا\_organized_generation_workspace_20260612\06_portable_tools\PortableGit-2.54.0-64-bit\usr\share\gtk-doc\html\p11-kit\trust-glib-networking.html","trust-glib-networking.html",".html","2067","0.002","03/11/47 08:50:04 م"
"06_portable_tools\PortableGit-2.54.0-64-bit\usr\share\gtk-doc\html\p11-kit\trust-module.html","D:\zzipp\جي بي\الكميرا\_organized_generation_workspace_20260612\06_portable_tools\PortableGit-2.54.0-64-bit\usr\share\gtk-doc\html\p11-kit\trust-module.html","trust-module.html",".html","4906","0.005","03/11/47 08:50:04 م"
"06_portable_tools\PortableGit-2.54.0-64-bit\usr\share\gtk-doc\html\p11-kit\trust-nss.html","D:\zzipp\جي بي\الكميرا\_organized_generation_workspace_20260612\06_portable_tools\PortableGit-2.54.0-64-bit\usr\share\gtk-doc\html\p11-kit\trust-nss.html","trust-nss.html",".html","2328","0.002","03/11/47 08:50:04 م"
"06_portable_tools\PortableGit-2.54.0-64-bit\usr\share\gtk-doc\html\p11-kit\trust.html","D:\zzipp\جي بي\الكميرا\_organized_generation_workspace_20260612\06_portable_tools\PortableGit-2.54.0-64-bit\usr\share\gtk-doc\html\p11-kit\trust.html","trust.html",".html","16080","0.015","03/11/47 08:50:04 م"
"07_alzaeem_windows_ready\ALZaeem_Windows_Ready\README_AR.md","D:\zzipp\جي بي\الكميرا\_organized_generation_workspace_20260612\07_alzaeem_windows_ready\ALZaeem_Windows_Ready\README_AR.md","README_AR.md",".md","1967","0.002","28/10/47 01:08:24 م"
"07_alzaeem_windows_ready\ALZaeem_Windows_Ready\README_WINDOWS_AR.md","D:\zzipp\جي بي\الكميرا\_organized_generation_workspace_20260612\07_alzaeem_windows_ready\ALZaeem_Windows_Ready\README_WINDOWS_AR.md","README_WINDOWS_AR.md",".md","1941","0.002","28/10/47 01:45:06 م"
"07_alzaeem_windows_ready\ALZaeem_Windows_Ready\README.md","D:\zzipp\جي بي\الكميرا\_organized_generation_workspace_20260612\07_alzaeem_windows_ready\ALZaeem_Windows_Ready\README.md","README.md",".md","363","0","28/10/47 01:06:36 م"
"07_alzaeem_windows_ready\ALZaeem_Windows_Ready\optional_fooocus_source\development.md","D:\zzipp\جي بي\الكميرا\_organized_generation_workspace_20260612\07_alzaeem_windows_ready\ALZaeem_Windows_Ready\optional_fooocus_source\development.md","development.md",".md","178","0","28/10/47 01:06:36 م"
"07_alzaeem_windows_ready\ALZaeem_Windows_Ready\optional_fooocus_source\docker.md","D:\zzipp\جي بي\الكميرا\_organized_generation_workspace_20260612\07_alzaeem_windows_ready\ALZaeem_Windows_Ready\optional_fooocus_source\docker.md","docker.md",".md","5949","0.006","28/10/47 01:06:36 م"
"07_alzaeem_windows_ready\ALZaeem_Windows_Ready\optional_fooocus_source\readme.md","D:\zzipp\جي بي\الكميرا\_organized_generation_workspace_20260612\07_alzaeem_windows_ready\ALZaeem_Windows_Ready\optional_fooocus_source\readme.md","readme.md",".md","33354","0.032","28/10/47 01:06:36 م"
"07_alzaeem_windows_ready\ALZaeem_Windows_Ready\optional_fooocus_source\troubleshoot.md","D:\zzipp\جي بي\الكميرا\_organized_generation_workspace_20260612\07_alzaeem_windows_ready\ALZaeem_Windows_Ready\optional_fooocus_source\troubleshoot.md","troubleshoot.md",".md","8887","0.008","28/10/47 01:06:36 م"
"07_alzaeem_windows_ready\ALZaeem_Windows_Ready\optional_fooocus_source\update_log.md","D:\zzipp\جي بي\الكميرا\_organized_generation_workspace_20260612\07_alzaeem_windows_ready\ALZaeem_Windows_Ready\optional_fooocus_source\update_log.md","update_log.md",".md","29499","0.028","28/10/47 01:06:36 م"
"08_avatarforge\AvatarForge_Expanded_WithProfiles_And_Docs\AvatarForge_Expanded\docs\GUIDE_LABELSTUDIO_TO_COCO.md","D:\zzipp\جي بي\الكميرا\_organized_generation_workspace_20260612\08_avatarforge\AvatarForge_Expanded_WithProfiles_And_Docs\AvatarForge_Expanded\docs\GUIDE_LABELSTUDIO_TO_COCO.md","GUIDE_LABELSTUDIO_TO_COCO.md",".md","458","0","11/11/47 10:28:42 م"
"08_avatarforge\AvatarForge_Expanded_WithProfiles_And_Docs\AvatarForge_Expanded\docs\GUIDE_MMPOSE_COMBINED_DATASET.md","D:\zzipp\جي بي\الكميرا\_organized_generation_workspace_20260612\08_avatarforge\AvatarForge_Expanded_WithProfiles_And_Docs\AvatarForge_Expanded\docs\GUIDE_MMPOSE_COMBINED_DATASET.md","GUIDE_MMPOSE_COMBINED_DATASET.md",".md","407","0","11/11/47 10:28:42 م"
"08_avatarforge\AvatarForge_Expanded_WithProfiles_And_Docs\AvatarForge_Expanded\docs\GUIDE_SD_IMG2IMG_SAFE.md","D:\zzipp\جي بي\الكميرا\_organized_generation_workspace_20260612\08_avatarforge\AvatarForge_Expanded_WithProfiles_And_Docs\AvatarForge_Expanded\docs\GUIDE_SD_IMG2IMG_SAFE.md","GUIDE_SD_IMG2IMG_SAFE.md",".md","325","0","11/11/47 10:28:42 م"
"08_avatarforge\AvatarForge_Expanded_WithProfiles_And_Docs\AvatarForge_Expanded\docs\QUICKSTART.md","D:\zzipp\جي بي\الكميرا\_organized_generation_workspace_20260612\08_avatarforge\AvatarForge_Expanded_WithProfiles_And_Docs\AvatarForge_Expanded\docs\QUICKSTART.md","QUICKSTART.md",".md","795","0.001","11/11/47 10:21:56 م"
"08_avatarforge\AvatarForge_Expanded_WithProfiles_And_Docs_v2\AvatarForge_Expanded\docs\GUIDE_LABELSTUDIO_TO_COCO.md","D:\zzipp\جي بي\الكميرا\_organized_generation_workspace_20260612\08_avatarforge\AvatarForge_Expanded_WithProfiles_And_Docs_v2\AvatarForge_Expanded\docs\GUIDE_LABELSTUDIO_TO_COCO.md","GUIDE_LABELSTUDIO_TO_COCO.md",".md","458","0","11/11/47 10:28:42 م"
"08_avatarforge\AvatarForge_Expanded_WithProfiles_And_Docs_v2\AvatarForge_Expanded\docs\GUIDE_MMPOSE_COMBINED_DATASET.md","D:\zzipp\جي بي\الكميرا\_organized_generation_workspace_20260612\08_avatarforge\AvatarForge_Expanded_WithProfiles_And_Docs_v2\AvatarForge_Expanded\docs\GUIDE_MMPOSE_COMBINED_DATASET.md","GUIDE_MMPOSE_COMBINED_DATASET.md",".md","407","0","11/11/47 10:28:42 م"
"08_avatarforge\AvatarForge_Expanded_WithProfiles_And_Docs_v2\AvatarForge_Expanded\docs\GUIDE_MMPOSE_DEPLOY_MMDEPLOY.md","D:\zzipp\جي بي\الكميرا\_organized_generation_workspace_20260612\08_avatarforge\AvatarForge_Expanded_WithProfiles_And_Docs_v2\AvatarForge_Expanded\docs\GUIDE_MMPOSE_DEPLOY_MMDEPLOY.md","GUIDE_MMPOSE_DEPLOY_MMDEPLOY.md",".md","2321","0.002","11/11/47 10:30:00 م"
"08_avatarforge\AvatarForge_Expanded_WithProfiles_And_Docs_v2\AvatarForge_Expanded\docs\GUIDE_SD_IMG2IMG_SAFE.md","D:\zzipp\جي بي\الكميرا\_organized_generation_workspace_20260612\08_avatarforge\AvatarForge_Expanded_WithProfiles_And_Docs_v2\AvatarForge_Expanded\docs\GUIDE_SD_IMG2IMG_SAFE.md","GUIDE_SD_IMG2IMG_SAFE.md",".md","325","0","11/11/47 10:28:42 م"
"08_avatarforge\AvatarForge_Expanded_WithProfiles_And_Docs_v2\AvatarForge_Expanded\docs\QUICKSTART.md","D:\zzipp\جي بي\الكميرا\_organized_generation_workspace_20260612\08_avatarforge\AvatarForge_Expanded_WithProfiles_And_Docs_v2\AvatarForge_Expanded\docs\QUICKSTART.md","QUICKSTART.md",".md","795","0.001","11/11/47 10:21:56 م"
