"relative_path","full_path","Name","Extension","Length","size_mb","LastWriteTime"
"01_fooocus\Fooocus-main_canonical\Fooocus-main\sdxl_styles\samples\abstract_expressionism.jpg","D:\zzipp\جي بي\الكميرا\_organized_generation_workspace_20260612\01_fooocus\Fooocus-main_canonical\Fooocus-main\sdxl_styles\samples\abstract_expressionism.jpg","abstract_expressionism.jpg",".jpg","30109","0.029","10/03/47 01:28:40 م"
"01_fooocus\Fooocus-main_canonical\Fooocus-main\sdxl_styles\samples\academia.jpg","D:\zzipp\جي بي\الكميرا\_organized_generation_workspace_20260612\01_fooocus\Fooocus-main_canonical\Fooocus-main\sdxl_styles\samples\academia.jpg","academia.jpg",".jpg","29098","0.028","10/03/47 01:28:40 م"
"01_fooocus\Fooocus-main_canonical\Fooocus-main\sdxl_styles\samples\action_figure.jpg","D:\zzipp\جي بي\الكميرا\_organized_generation_workspace_20260612\01_fooocus\Fooocus-main_canonical\Fooocus-main\sdxl_styles\samples\action_figure.jpg","action_figure.jpg",".jpg","19890","0.019","10/03/47 01:28:40 م"
"01_fooocus\Fooocus-main_canonical\Fooocus-main\sdxl_styles\samples\adorable_3d_character.jpg","D:\zzipp\جي بي\الكميرا\_organized_generation_workspace_20260612\01_fooocus\Fooocus-main_canonical\Fooocus-main\sdxl_styles\samples\adorable_3d_character.jpg","adorable_3d_character.jpg",".jpg","20179","0.019","10/03/47 01:28:40 م"
"01_fooocus\Fooocus-main_canonical\Fooocus-main\sdxl_styles\samples\adorable_kawaii.jpg","D:\zzipp\جي بي\الكميرا\_organized_generation_workspace_20260612\01_fooocus\Fooocus-main_canonical\Fooocus-main\sdxl_styles\samples\adorable_kawaii.jpg","adorable_kawaii.jpg",".jpg","24606","0.023","10/03/47 01:28:40 م"
"01_fooocus\Fooocus-main_canonical\Fooocus-main\sdxl_styles\samples\ads_advertising.jpg","D:\zzipp\جي بي\الكميرا\_organized_generation_workspace_20260612\01_fooocus\Fooocus-main_canonical\Fooocus-main\sdxl_styles\samples\ads_advertising.jpg","ads_advertising.jpg",".jpg","22363","0.021","10/03/47 01:28:40 م"
"01_fooocus\Fooocus-main_canonical\Fooocus-main\sdxl_styles\samples\ads_automotive.jpg","D:\zzipp\جي بي\الكميرا\_organized_generation_workspace_20260612\01_fooocus\Fooocus-main_canonical\Fooocus-main\sdxl_styles\samples\ads_automotive.jpg","ads_automotive.jpg",".jpg","17314","0.017","10/03/47 01:28:40 م"
"01_fooocus\Fooocus-main_canonical\Fooocus-main\sdxl_styles\samples\ads_corporate.jpg","D:\zzipp\جي بي\الكميرا\_organized_generation_workspace_20260612\01_fooocus\Fooocus-main_canonical\Fooocus-main\sdxl_styles\samples\ads_corporate.jpg","ads_corporate.jpg",".jpg","12076","0.012","10/03/47 01:28:40 م"
"01_fooocus\Fooocus-main_canonical\Fooocus-main\sdxl_styles\samples\ads_fashion_editorial.jpg","D:\zzipp\جي بي\الكميرا\_organized_generation_workspace_20260612\01_fooocus\Fooocus-main_canonical\Fooocus-main\sdxl_styles\samples\ads_fashion_editorial.jpg","ads_fashion_editorial.jpg",".jpg","20181","0.019","10/03/47 01:28:40 م"
"01_fooocus\Fooocus-main_canonical\Fooocus-main\sdxl_styles\samples\ads_food_photography.jpg","D:\zzipp\جي بي\الكميرا\_organized_generation_workspace_20260612\01_fooocus\Fooocus-main_canonical\Fooocus-main\sdxl_styles\samples\ads_food_photography.jpg","ads_food_photography.jpg",".jpg","21856","0.021","10/03/47 01:28:40 م"
"01_fooocus\Fooocus-main_canonical\Fooocus-main\sdxl_styles\samples\ads_gourmet_food_photography.jpg","D:\zzipp\جي بي\الكميرا\_organized_generation_workspace_20260612\01_fooocus\Fooocus-main_canonical\Fooocus-main\sdxl_styles\samples\ads_gourmet_food_photography.jpg","ads_gourmet_food_photography.jpg",".jpg","29371","0.028","10/03/47 01:28:40 م"
"01_fooocus\Fooocus-main_canonical\Fooocus-main\sdxl_styles\samples\ads_luxury.jpg","D:\zzipp\جي بي\الكميرا\_organized_generation_workspace_20260612\01_fooocus\Fooocus-main_canonical\Fooocus-main\sdxl_styles\samples\ads_luxury.jpg","ads_luxury.jpg",".jpg","19954","0.019","10/03/47 01:28:40 م"
"01_fooocus\Fooocus-main_canonical\Fooocus-main\sdxl_styles\samples\ads_real_estate.jpg","D:\zzipp\جي بي\الكميرا\_organized_generation_workspace_20260612\01_fooocus\Fooocus-main_canonical\Fooocus-main\sdxl_styles\samples\ads_real_estate.jpg","ads_real_estate.jpg",".jpg","22476","0.021","10/03/47 01:28:40 م"
"01_fooocus\Fooocus-main_canonical\Fooocus-main\sdxl_styles\samples\ads_retail.jpg","D:\zzipp\جي بي\الكميرا\_organized_generation_workspace_20260612\01_fooocus\Fooocus-main_canonical\Fooocus-main\sdxl_styles\samples\ads_retail.jpg","ads_retail.jpg",".jpg","26148","0.025","10/03/47 01:28:40 م"
"01_fooocus\Fooocus-main_canonical\Fooocus-main\sdxl_styles\samples\art_deco.jpg","D:\zzipp\جي بي\الكميرا\_organized_generation_workspace_20260612\01_fooocus\Fooocus-main_canonical\Fooocus-main\sdxl_styles\samples\art_deco.jpg","art_deco.jpg",".jpg","30234","0.029","10/03/47 01:28:40 م"
"01_fooocus\Fooocus-main_canonical\Fooocus-main\sdxl_styles\samples\art_nouveau.jpg","D:\zzipp\جي بي\الكميرا\_organized_generation_workspace_20260612\01_fooocus\Fooocus-main_canonical\Fooocus-main\sdxl_styles\samples\art_nouveau.jpg","art_nouveau.jpg",".jpg","36642","0.035","10/03/47 01:28:40 م"
"01_fooocus\Fooocus-main_canonical\Fooocus-main\sdxl_styles\samples\artstyle_abstract_expressionism.jpg","D:\zzipp\جي بي\الكميرا\_organized_generation_workspace_20260612\01_fooocus\Fooocus-main_canonical\Fooocus-main\sdxl_styles\samples\artstyle_abstract_expressionism.jpg","artstyle_abstract_expressionism.jpg",".jpg","43068","0.041","10/03/47 01:28:40 م"
"01_fooocus\Fooocus-main_canonical\Fooocus-main\sdxl_styles\samples\artstyle_abstract.jpg","D:\zzipp\جي بي\الكميرا\_organized_generation_workspace_20260612\01_fooocus\Fooocus-main_canonical\Fooocus-main\sdxl_styles\samples\artstyle_abstract.jpg","artstyle_abstract.jpg",".jpg","39894","0.038","10/03/47 01:28:40 م"
"01_fooocus\Fooocus-main_canonical\Fooocus-main\sdxl_styles\samples\artstyle_art_deco.jpg","D:\zzipp\جي بي\الكميرا\_organized_generation_workspace_20260612\01_fooocus\Fooocus-main_canonical\Fooocus-main\sdxl_styles\samples\artstyle_art_deco.jpg","artstyle_art_deco.jpg",".jpg","46954","0.045","10/03/47 01:28:40 م"
"01_fooocus\Fooocus-main_canonical\Fooocus-main\sdxl_styles\samples\artstyle_art_nouveau.jpg","D:\zzipp\جي بي\الكميرا\_organized_generation_workspace_20260612\01_fooocus\Fooocus-main_canonical\Fooocus-main\sdxl_styles\samples\artstyle_art_nouveau.jpg","artstyle_art_nouveau.jpg",".jpg","41408","0.039","10/03/47 01:28:40 م"
"01_fooocus\Fooocus-main_canonical\Fooocus-main\sdxl_styles\samples\artstyle_constructivist.jpg","D:\zzipp\جي بي\الكميرا\_organized_generation_workspace_20260612\01_fooocus\Fooocus-main_canonical\Fooocus-main\sdxl_styles\samples\artstyle_constructivist.jpg","artstyle_constructivist.jpg",".jpg","29065","0.028","10/03/47 01:28:40 م"
"01_fooocus\Fooocus-main_canonical\Fooocus-main\sdxl_styles\samples\artstyle_cubist.jpg","D:\zzipp\جي بي\الكميرا\_organized_generation_workspace_20260612\01_fooocus\Fooocus-main_canonical\Fooocus-main\sdxl_styles\samples\artstyle_cubist.jpg","artstyle_cubist.jpg",".jpg","23538","0.022","10/03/47 01:28:40 م"
"01_fooocus\Fooocus-main_canonical\Fooocus-main\sdxl_styles\samples\artstyle_expressionist.jpg","D:\zzipp\جي بي\الكميرا\_organized_generation_workspace_20260612\01_fooocus\Fooocus-main_canonical\Fooocus-main\sdxl_styles\samples\artstyle_expressionist.jpg","artstyle_expressionist.jpg",".jpg","43406","0.041","10/03/47 01:28:40 م"
"01_fooocus\Fooocus-main_canonical\Fooocus-main\sdxl_styles\samples\artstyle_graffiti.jpg","D:\zzipp\جي بي\الكميرا\_organized_generation_workspace_20260612\01_fooocus\Fooocus-main_canonical\Fooocus-main\sdxl_styles\samples\artstyle_graffiti.jpg","artstyle_graffiti.jpg",".jpg","39353","0.038","10/03/47 01:28:40 م"
"01_fooocus\Fooocus-main_canonical\Fooocus-main\sdxl_styles\samples\artstyle_hyperrealism.jpg","D:\zzipp\جي بي\الكميرا\_organized_generation_workspace_20260612\01_fooocus\Fooocus-main_canonical\Fooocus-main\sdxl_styles\samples\artstyle_hyperrealism.jpg","artstyle_hyperrealism.jpg",".jpg","23905","0.023","10/03/47 01:28:40 م"
"01_fooocus\Fooocus-main_canonical\Fooocus-main\sdxl_styles\samples\artstyle_impressionist.jpg","D:\zzipp\جي بي\الكميرا\_organized_generation_workspace_20260612\01_fooocus\Fooocus-main_canonical\Fooocus-main\sdxl_styles\samples\artstyle_impressionist.jpg","artstyle_impressionist.jpg",".jpg","30077","0.029","10/03/47 01:28:40 م"
"01_fooocus\Fooocus-main_canonical\Fooocus-main\sdxl_styles\samples\artstyle_pointillism.jpg","D:\zzipp\جي بي\الكميرا\_organized_generation_workspace_20260612\01_fooocus\Fooocus-main_canonical\Fooocus-main\sdxl_styles\samples\artstyle_pointillism.jpg","artstyle_pointillism.jpg",".jpg","39952","0.038","10/03/47 01:28:40 م"
"01_fooocus\Fooocus-main_canonical\Fooocus-main\sdxl_styles\samples\artstyle_pop_art.jpg","D:\zzipp\جي بي\الكميرا\_organized_generation_workspace_20260612\01_fooocus\Fooocus-main_canonical\Fooocus-main\sdxl_styles\samples\artstyle_pop_art.jpg","artstyle_pop_art.jpg",".jpg","37929","0.036","10/03/47 01:28:40 م"
"01_fooocus\Fooocus-main_canonical\Fooocus-main\sdxl_styles\samples\artstyle_psychedelic.jpg","D:\zzipp\جي بي\الكميرا\_organized_generation_workspace_20260612\01_fooocus\Fooocus-main_canonical\Fooocus-main\sdxl_styles\samples\artstyle_psychedelic.jpg","artstyle_psychedelic.jpg",".jpg","47578","0.045","10/03/47 01:28:40 م"
"01_fooocus\Fooocus-main_canonical\Fooocus-main\sdxl_styles\samples\artstyle_renaissance.jpg","D:\zzipp\جي بي\الكميرا\_organized_generation_workspace_20260612\01_fooocus\Fooocus-main_canonical\Fooocus-main\sdxl_styles\samples\artstyle_renaissance.jpg","artstyle_renaissance.jpg",".jpg","25526","0.024","10/03/47 01:28:40 م"
"01_fooocus\Fooocus-main_canonical\Fooocus-main\sdxl_styles\samples\artstyle_steampunk.jpg","D:\zzipp\جي بي\الكميرا\_organized_generation_workspace_20260612\01_fooocus\Fooocus-main_canonical\Fooocus-main\sdxl_styles\samples\artstyle_steampunk.jpg","artstyle_steampunk.jpg",".jpg","25161","0.024","10/03/47 01:28:40 م"
"01_fooocus\Fooocus-main_canonical\Fooocus-main\sdxl_styles\samples\artstyle_surrealist.jpg","D:\zzipp\جي بي\الكميرا\_organized_generation_workspace_20260612\01_fooocus\Fooocus-main_canonical\Fooocus-main\sdxl_styles\samples\artstyle_surrealist.jpg","artstyle_surrealist.jpg",".jpg","26451","0.025","10/03/47 01:28:40 م"
"01_fooocus\Fooocus-main_canonical\Fooocus-main\sdxl_styles\samples\artstyle_typography.jpg","D:\zzipp\جي بي\الكميرا\_organized_generation_workspace_20260612\01_fooocus\Fooocus-main_canonical\Fooocus-main\sdxl_styles\samples\artstyle_typography.jpg","artstyle_typography.jpg",".jpg","28071","0.027","10/03/47 01:28:40 م"
"01_fooocus\Fooocus-main_canonical\Fooocus-main\sdxl_styles\samples\artstyle_watercolor.jpg","D:\zzipp\جي بي\الكميرا\_organized_generation_workspace_20260612\01_fooocus\Fooocus-main_canonical\Fooocus-main\sdxl_styles\samples\artstyle_watercolor.jpg","artstyle_watercolor.jpg",".jpg","33534","0.032","10/03/47 01:28:40 م"
"01_fooocus\Fooocus-main_canonical\Fooocus-main\sdxl_styles\samples\astral_aura.jpg","D:\zzipp\جي بي\الكميرا\_organized_generation_workspace_20260612\01_fooocus\Fooocus-main_canonical\Fooocus-main\sdxl_styles\samples\astral_aura.jpg","astral_aura.jpg",".jpg","32543","0.031","10/03/47 01:28:40 م"
"01_fooocus\Fooocus-main_canonical\Fooocus-main\sdxl_styles\samples\avant_garde.jpg","D:\zzipp\جي بي\الكميرا\_organized_generation_workspace_20260612\01_fooocus\Fooocus-main_canonical\Fooocus-main\sdxl_styles\samples\avant_garde.jpg","avant_garde.jpg",".jpg","18204","0.017","10/03/47 01:28:40 م"
"01_fooocus\Fooocus-main_canonical\Fooocus-main\sdxl_styles\samples\baroque.jpg","D:\zzipp\جي بي\الكميرا\_organized_generation_workspace_20260612\01_fooocus\Fooocus-main_canonical\Fooocus-main\sdxl_styles\samples\baroque.jpg","baroque.jpg",".jpg","33789","0.032","10/03/47 01:28:40 م"
"01_fooocus\Fooocus-main_canonical\Fooocus-main\sdxl_styles\samples\bauhaus_style_poster.jpg","D:\zzipp\جي بي\الكميرا\_organized_generation_workspace_20260612\01_fooocus\Fooocus-main_canonical\Fooocus-main\sdxl_styles\samples\bauhaus_style_poster.jpg","bauhaus_style_poster.jpg",".jpg","24066","0.023","10/03/47 01:28:40 م"
"01_fooocus\Fooocus-main_canonical\Fooocus-main\sdxl_styles\samples\blueprint_schematic_drawing.jpg","D:\zzipp\جي بي\الكميرا\_organized_generation_workspace_20260612\01_fooocus\Fooocus-main_canonical\Fooocus-main\sdxl_styles\samples\blueprint_schematic_drawing.jpg","blueprint_schematic_drawing.jpg",".jpg","17659","0.017","10/03/47 01:28:40 م"
"01_fooocus\Fooocus-main_canonical\Fooocus-main\sdxl_styles\samples\caricature.jpg","D:\zzipp\جي بي\الكميرا\_organized_generation_workspace_20260612\01_fooocus\Fooocus-main_canonical\Fooocus-main\sdxl_styles\samples\caricature.jpg","caricature.jpg",".jpg","25523","0.024","10/03/47 01:28:40 م"
"01_fooocus\Fooocus-main_canonical\Fooocus-main\sdxl_styles\samples\cel_shaded_art.jpg","D:\zzipp\جي بي\الكميرا\_organized_generation_workspace_20260612\01_fooocus\Fooocus-main_canonical\Fooocus-main\sdxl_styles\samples\cel_shaded_art.jpg","cel_shaded_art.jpg",".jpg","21970","0.021","10/03/47 01:28:40 م"
"01_fooocus\Fooocus-main_canonical\Fooocus-main\sdxl_styles\samples\character_design_sheet.jpg","D:\zzipp\جي بي\الكميرا\_organized_generation_workspace_20260612\01_fooocus\Fooocus-main_canonical\Fooocus-main\sdxl_styles\samples\character_design_sheet.jpg","character_design_sheet.jpg",".jpg","30771","0.029","10/03/47 01:28:40 م"
"01_fooocus\Fooocus-main_canonical\Fooocus-main\sdxl_styles\samples\cinematic_diva.jpg","D:\zzipp\جي بي\الكميرا\_organized_generation_workspace_20260612\01_fooocus\Fooocus-main_canonical\Fooocus-main\sdxl_styles\samples\cinematic_diva.jpg","cinematic_diva.jpg",".jpg","27446","0.026","10/03/47 01:28:40 م"
"01_fooocus\Fooocus-main_canonical\Fooocus-main\sdxl_styles\samples\classicism_art.jpg","D:\zzipp\جي بي\الكميرا\_organized_generation_workspace_20260612\01_fooocus\Fooocus-main_canonical\Fooocus-main\sdxl_styles\samples\classicism_art.jpg","classicism_art.jpg",".jpg","26754","0.026","10/03/47 01:28:40 م"
"01_fooocus\Fooocus-main_canonical\Fooocus-main\sdxl_styles\samples\color_field_painting.jpg","D:\zzipp\جي بي\الكميرا\_organized_generation_workspace_20260612\01_fooocus\Fooocus-main_canonical\Fooocus-main\sdxl_styles\samples\color_field_painting.jpg","color_field_painting.jpg",".jpg","25350","0.024","10/03/47 01:28:40 م"
"01_fooocus\Fooocus-main_canonical\Fooocus-main\sdxl_styles\samples\colored_pencil_art.jpg","D:\zzipp\جي بي\الكميرا\_organized_generation_workspace_20260612\01_fooocus\Fooocus-main_canonical\Fooocus-main\sdxl_styles\samples\colored_pencil_art.jpg","colored_pencil_art.jpg",".jpg","28864","0.028","10/03/47 01:28:40 م"
"01_fooocus\Fooocus-main_canonical\Fooocus-main\sdxl_styles\samples\conceptual_art.jpg","D:\zzipp\جي بي\الكميرا\_organized_generation_workspace_20260612\01_fooocus\Fooocus-main_canonical\Fooocus-main\sdxl_styles\samples\conceptual_art.jpg","conceptual_art.jpg",".jpg","20035","0.019","10/03/47 01:28:40 م"
"01_fooocus\Fooocus-main_canonical\Fooocus-main\sdxl_styles\samples\constructivism.jpg","D:\zzipp\جي بي\الكميرا\_organized_generation_workspace_20260612\01_fooocus\Fooocus-main_canonical\Fooocus-main\sdxl_styles\samples\constructivism.jpg","constructivism.jpg",".jpg","18820","0.018","10/03/47 01:28:40 م"
"01_fooocus\Fooocus-main_canonical\Fooocus-main\sdxl_styles\samples\cubism.jpg","D:\zzipp\جي بي\الكميرا\_organized_generation_workspace_20260612\01_fooocus\Fooocus-main_canonical\Fooocus-main\sdxl_styles\samples\cubism.jpg","cubism.jpg",".jpg","31588","0.03","10/03/47 01:28:40 م"
"01_fooocus\Fooocus-main_canonical\Fooocus-main\sdxl_styles\samples\dadaism.jpg","D:\zzipp\جي بي\الكميرا\_organized_generation_workspace_20260612\01_fooocus\Fooocus-main_canonical\Fooocus-main\sdxl_styles\samples\dadaism.jpg","dadaism.jpg",".jpg","29820","0.028","10/03/47 01:28:40 م"
"01_fooocus\Fooocus-main_canonical\Fooocus-main\sdxl_styles\samples\dark_fantasy.jpg","D:\zzipp\جي بي\الكميرا\_organized_generation_workspace_20260612\01_fooocus\Fooocus-main_canonical\Fooocus-main\sdxl_styles\samples\dark_fantasy.jpg","dark_fantasy.jpg",".jpg","22364","0.021","10/03/47 01:28:40 م"
"01_fooocus\Fooocus-main_canonical\Fooocus-main\sdxl_styles\samples\dark_moody_atmosphere.jpg","D:\zzipp\جي بي\الكميرا\_organized_generation_workspace_20260612\01_fooocus\Fooocus-main_canonical\Fooocus-main\sdxl_styles\samples\dark_moody_atmosphere.jpg","dark_moody_atmosphere.jpg",".jpg","14650","0.014","10/03/47 01:28:40 م"
"01_fooocus\Fooocus-main_canonical\Fooocus-main\sdxl_styles\samples\dmt_art_style.jpg","D:\zzipp\جي بي\الكميرا\_organized_generation_workspace_20260612\01_fooocus\Fooocus-main_canonical\Fooocus-main\sdxl_styles\samples\dmt_art_style.jpg","dmt_art_style.jpg",".jpg","47079","0.045","10/03/47 01:28:40 م"
"01_fooocus\Fooocus-main_canonical\Fooocus-main\sdxl_styles\samples\doodle_art.jpg","D:\zzipp\جي بي\الكميرا\_organized_generation_workspace_20260612\01_fooocus\Fooocus-main_canonical\Fooocus-main\sdxl_styles\samples\doodle_art.jpg","doodle_art.jpg",".jpg","23203","0.022","10/03/47 01:28:40 م"
"01_fooocus\Fooocus-main_canonical\Fooocus-main\sdxl_styles\samples\double_exposure.jpg","D:\zzipp\جي بي\الكميرا\_organized_generation_workspace_20260612\01_fooocus\Fooocus-main_canonical\Fooocus-main\sdxl_styles\samples\double_exposure.jpg","double_exposure.jpg",".jpg","24494","0.023","10/03/47 01:28:40 م"
"01_fooocus\Fooocus-main_canonical\Fooocus-main\sdxl_styles\samples\dripping_paint_splatter_art.jpg","D:\zzipp\جي بي\الكميرا\_organized_generation_workspace_20260612\01_fooocus\Fooocus-main_canonical\Fooocus-main\sdxl_styles\samples\dripping_paint_splatter_art.jpg","dripping_paint_splatter_art.jpg",".jpg","29641","0.028","10/03/47 01:28:40 م"
"01_fooocus\Fooocus-main_canonical\Fooocus-main\sdxl_styles\samples\expressionism.jpg","D:\zzipp\جي بي\الكميرا\_organized_generation_workspace_20260612\01_fooocus\Fooocus-main_canonical\Fooocus-main\sdxl_styles\samples\expressionism.jpg","expressionism.jpg",".jpg","36184","0.035","10/03/47 01:28:40 م"
"01_fooocus\Fooocus-main_canonical\Fooocus-main\sdxl_styles\samples\faded_polaroid_photo.jpg","D:\zzipp\جي بي\الكميرا\_organized_generation_workspace_20260612\01_fooocus\Fooocus-main_canonical\Fooocus-main\sdxl_styles\samples\faded_polaroid_photo.jpg","faded_polaroid_photo.jpg",".jpg","21798","0.021","10/03/47 01:28:40 م"
"01_fooocus\Fooocus-main_canonical\Fooocus-main\sdxl_styles\samples\fauvism.jpg","D:\zzipp\جي بي\الكميرا\_organized_generation_workspace_20260612\01_fooocus\Fooocus-main_canonical\Fooocus-main\sdxl_styles\samples\fauvism.jpg","fauvism.jpg",".jpg","39229","0.037","10/03/47 01:28:40 م"
"01_fooocus\Fooocus-main_canonical\Fooocus-main\sdxl_styles\samples\flat_2d_art.jpg","D:\zzipp\جي بي\الكميرا\_organized_generation_workspace_20260612\01_fooocus\Fooocus-main_canonical\Fooocus-main\sdxl_styles\samples\flat_2d_art.jpg","flat_2d_art.jpg",".jpg","17504","0.017","10/03/47 01:28:40 م"
"01_fooocus\Fooocus-main_canonical\Fooocus-main\sdxl_styles\samples\fooocus_cinematic.jpg","D:\zzipp\جي بي\الكميرا\_organized_generation_workspace_20260612\01_fooocus\Fooocus-main_canonical\Fooocus-main\sdxl_styles\samples\fooocus_cinematic.jpg","fooocus_cinematic.jpg",".jpg","25341","0.024","10/03/47 01:28:40 م"
"01_fooocus\Fooocus-main_canonical\Fooocus-main\sdxl_styles\samples\fooocus_enhance.jpg","D:\zzipp\جي بي\الكميرا\_organized_generation_workspace_20260612\01_fooocus\Fooocus-main_canonical\Fooocus-main\sdxl_styles\samples\fooocus_enhance.jpg","fooocus_enhance.jpg",".jpg","23156","0.022","10/03/47 01:28:40 م"
"01_fooocus\Fooocus-main_canonical\Fooocus-main\sdxl_styles\samples\fooocus_masterpiece.jpg","D:\zzipp\جي بي\الكميرا\_organized_generation_workspace_20260612\01_fooocus\Fooocus-main_canonical\Fooocus-main\sdxl_styles\samples\fooocus_masterpiece.jpg","fooocus_masterpiece.jpg",".jpg","21849","0.021","10/03/47 01:28:40 م"
"01_fooocus\Fooocus-main_canonical\Fooocus-main\sdxl_styles\samples\fooocus_negative.jpg","D:\zzipp\جي بي\الكميرا\_organized_generation_workspace_20260612\01_fooocus\Fooocus-main_canonical\Fooocus-main\sdxl_styles\samples\fooocus_negative.jpg","fooocus_negative.jpg",".jpg","23330","0.022","10/03/47 01:28:40 م"
"01_fooocus\Fooocus-main_canonical\Fooocus-main\sdxl_styles\samples\fooocus_photograph.jpg","D:\zzipp\جي بي\الكميرا\_organized_generation_workspace_20260612\01_fooocus\Fooocus-main_canonical\Fooocus-main\sdxl_styles\samples\fooocus_photograph.jpg","fooocus_photograph.jpg",".jpg","25952","0.025","10/03/47 01:28:40 م"
"01_fooocus\Fooocus-main_canonical\Fooocus-main\sdxl_styles\samples\fooocus_pony.jpg","D:\zzipp\جي بي\الكميرا\_organized_generation_workspace_20260612\01_fooocus\Fooocus-main_canonical\Fooocus-main\sdxl_styles\samples\fooocus_pony.jpg","fooocus_pony.jpg",".jpg","5200","0.005","10/03/47 01:28:40 م"
"01_fooocus\Fooocus-main_canonical\Fooocus-main\sdxl_styles\samples\fooocus_semi_realistic.jpg","D:\zzipp\جي بي\الكميرا\_organized_generation_workspace_20260612\01_fooocus\Fooocus-main_canonical\Fooocus-main\sdxl_styles\samples\fooocus_semi_realistic.jpg","fooocus_semi_realistic.jpg",".jpg","8565","0.008","10/03/47 01:28:40 م"
"01_fooocus\Fooocus-main_canonical\Fooocus-main\sdxl_styles\samples\fooocus_sharp.jpg","D:\zzipp\جي بي\الكميرا\_organized_generation_workspace_20260612\01_fooocus\Fooocus-main_canonical\Fooocus-main\sdxl_styles\samples\fooocus_sharp.jpg","fooocus_sharp.jpg",".jpg","23319","0.022","10/03/47 01:28:40 م"
"01_fooocus\Fooocus-main_canonical\Fooocus-main\sdxl_styles\samples\fooocus_v2.jpg","D:\zzipp\جي بي\الكميرا\_organized_generation_workspace_20260612\01_fooocus\Fooocus-main_canonical\Fooocus-main\sdxl_styles\samples\fooocus_v2.jpg","fooocus_v2.jpg",".jpg","24007","0.023","10/03/47 01:28:40 م"
"01_fooocus\Fooocus-main_canonical\Fooocus-main\sdxl_styles\samples\fortnite_art_style.jpg","D:\zzipp\جي بي\الكميرا\_organized_generation_workspace_20260612\01_fooocus\Fooocus-main_canonical\Fooocus-main\sdxl_styles\samples\fortnite_art_style.jpg","fortnite_art_style.jpg",".jpg","25256","0.024","10/03/47 01:28:40 م"
"01_fooocus\Fooocus-main_canonical\Fooocus-main\sdxl_styles\samples\futurism.jpg","D:\zzipp\جي بي\الكميرا\_organized_generation_workspace_20260612\01_fooocus\Fooocus-main_canonical\Fooocus-main\sdxl_styles\samples\futurism.jpg","futurism.jpg",".jpg","33946","0.032","10/03/47 01:28:40 م"
"01_fooocus\Fooocus-main_canonical\Fooocus-main\sdxl_styles\samples\futuristic_biomechanical_cyberpunk.jpg","D:\zzipp\جي بي\الكميرا\_organized_generation_workspace_20260612\01_fooocus\Fooocus-main_canonical\Fooocus-main\sdxl_styles\samples\futuristic_biomechanical_cyberpunk.jpg","futuristic_biomechanical_cyberpunk.jpg",".jpg","22922","0.022","10/03/47 01:28:40 م"
"01_fooocus\Fooocus-main_canonical\Fooocus-main\sdxl_styles\samples\futuristic_biomechanical.jpg","D:\zzipp\جي بي\الكميرا\_organized_generation_workspace_20260612\01_fooocus\Fooocus-main_canonical\Fooocus-main\sdxl_styles\samples\futuristic_biomechanical.jpg","futuristic_biomechanical.jpg",".jpg","21898","0.021","10/03/47 01:28:40 م"
"01_fooocus\Fooocus-main_canonical\Fooocus-main\sdxl_styles\samples\futuristic_cybernetic_robot.jpg","D:\zzipp\جي بي\الكميرا\_organized_generation_workspace_20260612\01_fooocus\Fooocus-main_canonical\Fooocus-main\sdxl_styles\samples\futuristic_cybernetic_robot.jpg","futuristic_cybernetic_robot.jpg",".jpg","23059","0.022","10/03/47 01:28:40 م"
"01_fooocus\Fooocus-main_canonical\Fooocus-main\sdxl_styles\samples\futuristic_cybernetic.jpg","D:\zzipp\جي بي\الكميرا\_organized_generation_workspace_20260612\01_fooocus\Fooocus-main_canonical\Fooocus-main\sdxl_styles\samples\futuristic_cybernetic.jpg","futuristic_cybernetic.jpg",".jpg","21767","0.021","10/03/47 01:28:40 م"
"01_fooocus\Fooocus-main_canonical\Fooocus-main\sdxl_styles\samples\futuristic_cyberpunk_cityscape.jpg","D:\zzipp\جي بي\الكميرا\_organized_generation_workspace_20260612\01_fooocus\Fooocus-main_canonical\Fooocus-main\sdxl_styles\samples\futuristic_cyberpunk_cityscape.jpg","futuristic_cyberpunk_cityscape.jpg",".jpg","36249","0.035","10/03/47 01:28:40 م"
"01_fooocus\Fooocus-main_canonical\Fooocus-main\sdxl_styles\samples\futuristic_futuristic.jpg","D:\zzipp\جي بي\الكميرا\_organized_generation_workspace_20260612\01_fooocus\Fooocus-main_canonical\Fooocus-main\sdxl_styles\samples\futuristic_futuristic.jpg","futuristic_futuristic.jpg",".jpg","19352","0.018","10/03/47 01:28:40 م"
"01_fooocus\Fooocus-main_canonical\Fooocus-main\sdxl_styles\samples\futuristic_retro_cyberpunk.jpg","D:\zzipp\جي بي\الكميرا\_organized_generation_workspace_20260612\01_fooocus\Fooocus-main_canonical\Fooocus-main\sdxl_styles\samples\futuristic_retro_cyberpunk.jpg","futuristic_retro_cyberpunk.jpg",".jpg","35526","0.034","10/03/47 01:28:40 م"
"01_fooocus\Fooocus-main_canonical\Fooocus-main\sdxl_styles\samples\futuristic_retro_futurism.jpg","D:\zzipp\جي بي\الكميرا\_organized_generation_workspace_20260612\01_fooocus\Fooocus-main_canonical\Fooocus-main\sdxl_styles\samples\futuristic_retro_futurism.jpg","futuristic_retro_futurism.jpg",".jpg","33230","0.032","10/03/47 01:28:40 م"
"01_fooocus\Fooocus-main_canonical\Fooocus-main\sdxl_styles\samples\futuristic_sci_fi.jpg","D:\zzipp\جي بي\الكميرا\_organized_generation_workspace_20260612\01_fooocus\Fooocus-main_canonical\Fooocus-main\sdxl_styles\samples\futuristic_sci_fi.jpg","futuristic_sci_fi.jpg",".jpg","24144","0.023","10/03/47 01:28:40 م"
"01_fooocus\Fooocus-main_canonical\Fooocus-main\sdxl_styles\samples\futuristic_vaporwave.jpg","D:\zzipp\جي بي\الكميرا\_organized_generation_workspace_20260612\01_fooocus\Fooocus-main_canonical\Fooocus-main\sdxl_styles\samples\futuristic_vaporwave.jpg","futuristic_vaporwave.jpg",".jpg","35793","0.034","10/03/47 01:28:40 م"
"01_fooocus\Fooocus-main_canonical\Fooocus-main\sdxl_styles\samples\game_bubble_bobble.jpg","D:\zzipp\جي بي\الكميرا\_organized_generation_workspace_20260612\01_fooocus\Fooocus-main_canonical\Fooocus-main\sdxl_styles\samples\game_bubble_bobble.jpg","game_bubble_bobble.jpg",".jpg","28292","0.027","10/03/47 01:28:40 م"
"01_fooocus\Fooocus-main_canonical\Fooocus-main\sdxl_styles\samples\game_cyberpunk_game.jpg","D:\zzipp\جي بي\الكميرا\_organized_generation_workspace_20260612\01_fooocus\Fooocus-main_canonical\Fooocus-main\sdxl_styles\samples\game_cyberpunk_game.jpg","game_cyberpunk_game.jpg",".jpg","33820","0.032","10/03/47 01:28:40 م"
"01_fooocus\Fooocus-main_canonical\Fooocus-main\sdxl_styles\samples\game_fighting_game.jpg","D:\zzipp\جي بي\الكميرا\_organized_generation_workspace_20260612\01_fooocus\Fooocus-main_canonical\Fooocus-main\sdxl_styles\samples\game_fighting_game.jpg","game_fighting_game.jpg",".jpg","28083","0.027","10/03/47 01:28:40 م"
"01_fooocus\Fooocus-main_canonical\Fooocus-main\sdxl_styles\samples\game_gta.jpg","D:\zzipp\جي بي\الكميرا\_organized_generation_workspace_20260612\01_fooocus\Fooocus-main_canonical\Fooocus-main\sdxl_styles\samples\game_gta.jpg","game_gta.jpg",".jpg","38714","0.037","10/03/47 01:28:40 م"
"01_fooocus\Fooocus-main_canonical\Fooocus-main\sdxl_styles\samples\game_mario.jpg","D:\zzipp\جي بي\الكميرا\_organized_generation_workspace_20260612\01_fooocus\Fooocus-main_canonical\Fooocus-main\sdxl_styles\samples\game_mario.jpg","game_mario.jpg",".jpg","22911","0.022","10/03/47 01:28:40 م"
"01_fooocus\Fooocus-main_canonical\Fooocus-main\sdxl_styles\samples\game_minecraft.jpg","D:\zzipp\جي بي\الكميرا\_organized_generation_workspace_20260612\01_fooocus\Fooocus-main_canonical\Fooocus-main\sdxl_styles\samples\game_minecraft.jpg","game_minecraft.jpg",".jpg","27250","0.026","10/03/47 01:28:40 م"
"01_fooocus\Fooocus-main_canonical\Fooocus-main\sdxl_styles\samples\game_pokemon.jpg","D:\zzipp\جي بي\الكميرا\_organized_generation_workspace_20260612\01_fooocus\Fooocus-main_canonical\Fooocus-main\sdxl_styles\samples\game_pokemon.jpg","game_pokemon.jpg",".jpg","23637","0.023","10/03/47 01:28:40 م"
"01_fooocus\Fooocus-main_canonical\Fooocus-main\sdxl_styles\samples\game_retro_arcade.jpg","D:\zzipp\جي بي\الكميرا\_organized_generation_workspace_20260612\01_fooocus\Fooocus-main_canonical\Fooocus-main\sdxl_styles\samples\game_retro_arcade.jpg","game_retro_arcade.jpg",".jpg","25434","0.024","10/03/47 01:28:40 م"
"01_fooocus\Fooocus-main_canonical\Fooocus-main\sdxl_styles\samples\game_retro_game.jpg","D:\zzipp\جي بي\الكميرا\_organized_generation_workspace_20260612\01_fooocus\Fooocus-main_canonical\Fooocus-main\sdxl_styles\samples\game_retro_game.jpg","game_retro_game.jpg",".jpg","40854","0.039","10/03/47 01:28:40 م"
"01_fooocus\Fooocus-main_canonical\Fooocus-main\sdxl_styles\samples\game_rpg_fantasy_game.jpg","D:\zzipp\جي بي\الكميرا\_organized_generation_workspace_20260612\01_fooocus\Fooocus-main_canonical\Fooocus-main\sdxl_styles\samples\game_rpg_fantasy_game.jpg","game_rpg_fantasy_game.jpg",".jpg","31778","0.03","10/03/47 01:28:40 م"
"01_fooocus\Fooocus-main_canonical\Fooocus-main\sdxl_styles\samples\game_strategy_game.jpg","D:\zzipp\جي بي\الكميرا\_organized_generation_workspace_20260612\01_fooocus\Fooocus-main_canonical\Fooocus-main\sdxl_styles\samples\game_strategy_game.jpg","game_strategy_game.jpg",".jpg","40624","0.039","10/03/47 01:28:40 م"
"01_fooocus\Fooocus-main_canonical\Fooocus-main\sdxl_styles\samples\game_streetfighter.jpg","D:\zzipp\جي بي\الكميرا\_organized_generation_workspace_20260612\01_fooocus\Fooocus-main_canonical\Fooocus-main\sdxl_styles\samples\game_streetfighter.jpg","game_streetfighter.jpg",".jpg","30223","0.029","10/03/47 01:28:40 م"
"01_fooocus\Fooocus-main_canonical\Fooocus-main\sdxl_styles\samples\game_zelda.jpg","D:\zzipp\جي بي\الكميرا\_organized_generation_workspace_20260612\01_fooocus\Fooocus-main_canonical\Fooocus-main\sdxl_styles\samples\game_zelda.jpg","game_zelda.jpg",".jpg","25663","0.024","10/03/47 01:28:40 م"
"01_fooocus\Fooocus-main_canonical\Fooocus-main\sdxl_styles\samples\glitchcore.jpg","D:\zzipp\جي بي\الكميرا\_organized_generation_workspace_20260612\01_fooocus\Fooocus-main_canonical\Fooocus-main\sdxl_styles\samples\glitchcore.jpg","glitchcore.jpg",".jpg","34579","0.033","10/03/47 01:28:40 م"
"01_fooocus\Fooocus-main_canonical\Fooocus-main\sdxl_styles\samples\glo_fi.jpg","D:\zzipp\جي بي\الكميرا\_organized_generation_workspace_20260612\01_fooocus\Fooocus-main_canonical\Fooocus-main\sdxl_styles\samples\glo_fi.jpg","glo_fi.jpg",".jpg","36145","0.034","10/03/47 01:28:40 م"
"01_fooocus\Fooocus-main_canonical\Fooocus-main\sdxl_styles\samples\googie_art_style.jpg","D:\zzipp\جي بي\الكميرا\_organized_generation_workspace_20260612\01_fooocus\Fooocus-main_canonical\Fooocus-main\sdxl_styles\samples\googie_art_style.jpg","googie_art_style.jpg",".jpg","27940","0.027","10/03/47 01:28:40 م"
"01_fooocus\Fooocus-main_canonical\Fooocus-main\sdxl_styles\samples\graffiti_art.jpg","D:\zzipp\جي بي\الكميرا\_organized_generation_workspace_20260612\01_fooocus\Fooocus-main_canonical\Fooocus-main\sdxl_styles\samples\graffiti_art.jpg","graffiti_art.jpg",".jpg","41525","0.04","10/03/47 01:28:40 م"
"01_fooocus\Fooocus-main_canonical\Fooocus-main\sdxl_styles\samples\harlem_renaissance_art.jpg","D:\zzipp\جي بي\الكميرا\_organized_generation_workspace_20260612\01_fooocus\Fooocus-main_canonical\Fooocus-main\sdxl_styles\samples\harlem_renaissance_art.jpg","harlem_renaissance_art.jpg",".jpg","36673","0.035","10/03/47 01:28:40 م"
"01_fooocus\Fooocus-main_canonical\Fooocus-main\sdxl_styles\samples\high_fashion.jpg","D:\zzipp\جي بي\الكميرا\_organized_generation_workspace_20260612\01_fooocus\Fooocus-main_canonical\Fooocus-main\sdxl_styles\samples\high_fashion.jpg","high_fashion.jpg",".jpg","22049","0.021","10/03/47 01:28:40 م"
"01_fooocus\Fooocus-main_canonical\Fooocus-main\sdxl_styles\samples\idyllic.jpg","D:\zzipp\جي بي\الكميرا\_organized_generation_workspace_20260612\01_fooocus\Fooocus-main_canonical\Fooocus-main\sdxl_styles\samples\idyllic.jpg","idyllic.jpg",".jpg","24524","0.023","10/03/47 01:28:40 م"
"01_fooocus\Fooocus-main_canonical\Fooocus-main\sdxl_styles\samples\impressionism.jpg","D:\zzipp\جي بي\الكميرا\_organized_generation_workspace_20260612\01_fooocus\Fooocus-main_canonical\Fooocus-main\sdxl_styles\samples\impressionism.jpg","impressionism.jpg",".jpg","32614","0.031","10/03/47 01:28:40 م"
"01_fooocus\Fooocus-main_canonical\Fooocus-main\sdxl_styles\samples\infographic_drawing.jpg","D:\zzipp\جي بي\الكميرا\_organized_generation_workspace_20260612\01_fooocus\Fooocus-main_canonical\Fooocus-main\sdxl_styles\samples\infographic_drawing.jpg","infographic_drawing.jpg",".jpg","27721","0.026","10/03/47 01:28:40 م"
"01_fooocus\Fooocus-main_canonical\Fooocus-main\sdxl_styles\samples\ink_dripping_drawing.jpg","D:\zzipp\جي بي\الكميرا\_organized_generation_workspace_20260612\01_fooocus\Fooocus-main_canonical\Fooocus-main\sdxl_styles\samples\ink_dripping_drawing.jpg","ink_dripping_drawing.jpg",".jpg","17893","0.017","10/03/47 01:28:40 م"
"01_fooocus\Fooocus-main_canonical\Fooocus-main\sdxl_styles\samples\japanese_ink_drawing.jpg","D:\zzipp\جي بي\الكميرا\_organized_generation_workspace_20260612\01_fooocus\Fooocus-main_canonical\Fooocus-main\sdxl_styles\samples\japanese_ink_drawing.jpg","japanese_ink_drawing.jpg",".jpg","21805","0.021","10/03/47 01:28:40 م"
"01_fooocus\Fooocus-main_canonical\Fooocus-main\sdxl_styles\samples\knolling_photography.jpg","D:\zzipp\جي بي\الكميرا\_organized_generation_workspace_20260612\01_fooocus\Fooocus-main_canonical\Fooocus-main\sdxl_styles\samples\knolling_photography.jpg","knolling_photography.jpg",".jpg","26087","0.025","10/03/47 01:28:40 م"
"01_fooocus\Fooocus-main_canonical\Fooocus-main\sdxl_styles\samples\light_cheery_atmosphere.jpg","D:\zzipp\جي بي\الكميرا\_organized_generation_workspace_20260612\01_fooocus\Fooocus-main_canonical\Fooocus-main\sdxl_styles\samples\light_cheery_atmosphere.jpg","light_cheery_atmosphere.jpg",".jpg","25779","0.025","10/03/47 01:28:40 م"
"01_fooocus\Fooocus-main_canonical\Fooocus-main\sdxl_styles\samples\logo_design.jpg","D:\zzipp\جي بي\الكميرا\_organized_generation_workspace_20260612\01_fooocus\Fooocus-main_canonical\Fooocus-main\sdxl_styles\samples\logo_design.jpg","logo_design.jpg",".jpg","14496","0.014","10/03/47 01:28:40 م"
"01_fooocus\Fooocus-main_canonical\Fooocus-main\sdxl_styles\samples\luxurious_elegance.jpg","D:\zzipp\جي بي\الكميرا\_organized_generation_workspace_20260612\01_fooocus\Fooocus-main_canonical\Fooocus-main\sdxl_styles\samples\luxurious_elegance.jpg","luxurious_elegance.jpg",".jpg","31242","0.03","10/03/47 01:28:40 م"
"01_fooocus\Fooocus-main_canonical\Fooocus-main\sdxl_styles\samples\macro_photography.jpg","D:\zzipp\جي بي\الكميرا\_organized_generation_workspace_20260612\01_fooocus\Fooocus-main_canonical\Fooocus-main\sdxl_styles\samples\macro_photography.jpg","macro_photography.jpg",".jpg","29688","0.028","10/03/47 01:28:40 م"
"01_fooocus\Fooocus-main_canonical\Fooocus-main\sdxl_styles\samples\mandola_art.jpg","D:\zzipp\جي بي\الكميرا\_organized_generation_workspace_20260612\01_fooocus\Fooocus-main_canonical\Fooocus-main\sdxl_styles\samples\mandola_art.jpg","mandola_art.jpg",".jpg","29440","0.028","10/03/47 01:28:40 م"
"01_fooocus\Fooocus-main_canonical\Fooocus-main\sdxl_styles\samples\marker_drawing.jpg","D:\zzipp\جي بي\الكميرا\_organized_generation_workspace_20260612\01_fooocus\Fooocus-main_canonical\Fooocus-main\sdxl_styles\samples\marker_drawing.jpg","marker_drawing.jpg",".jpg","35027","0.033","10/03/47 01:28:40 م"
"01_fooocus\Fooocus-main_canonical\Fooocus-main\sdxl_styles\samples\medievalism.jpg","D:\zzipp\جي بي\الكميرا\_organized_generation_workspace_20260612\01_fooocus\Fooocus-main_canonical\Fooocus-main\sdxl_styles\samples\medievalism.jpg","medievalism.jpg",".jpg","46579","0.044","10/03/47 01:28:40 م"
"01_fooocus\Fooocus-main_canonical\Fooocus-main\sdxl_styles\samples\minimalism.jpg","D:\zzipp\جي بي\الكميرا\_organized_generation_workspace_20260612\01_fooocus\Fooocus-main_canonical\Fooocus-main\sdxl_styles\samples\minimalism.jpg","minimalism.jpg",".jpg","17664","0.017","10/03/47 01:28:40 م"
"01_fooocus\Fooocus-main_canonical\Fooocus-main\sdxl_styles\samples\misc_architectural.jpg","D:\zzipp\جي بي\الكميرا\_organized_generation_workspace_20260612\01_fooocus\Fooocus-main_canonical\Fooocus-main\sdxl_styles\samples\misc_architectural.jpg","misc_architectural.jpg",".jpg","12479","0.012","10/03/47 01:28:40 م"
"01_fooocus\Fooocus-main_canonical\Fooocus-main\sdxl_styles\samples\misc_disco.jpg","D:\zzipp\جي بي\الكميرا\_organized_generation_workspace_20260612\01_fooocus\Fooocus-main_canonical\Fooocus-main\sdxl_styles\samples\misc_disco.jpg","misc_disco.jpg",".jpg","31828","0.03","10/03/47 01:28:40 م"
"01_fooocus\Fooocus-main_canonical\Fooocus-main\sdxl_styles\samples\misc_dreamscape.jpg","D:\zzipp\جي بي\الكميرا\_organized_generation_workspace_20260612\01_fooocus\Fooocus-main_canonical\Fooocus-main\sdxl_styles\samples\misc_dreamscape.jpg","misc_dreamscape.jpg",".jpg","27416","0.026","10/03/47 01:28:40 م"
"01_fooocus\Fooocus-main_canonical\Fooocus-main\sdxl_styles\samples\misc_dystopian.jpg","D:\zzipp\جي بي\الكميرا\_organized_generation_workspace_20260612\01_fooocus\Fooocus-main_canonical\Fooocus-main\sdxl_styles\samples\misc_dystopian.jpg","misc_dystopian.jpg",".jpg","26652","0.025","10/03/47 01:28:40 م"
"01_fooocus\Fooocus-main_canonical\Fooocus-main\sdxl_styles\samples\misc_fairy_tale.jpg","D:\zzipp\جي بي\الكميرا\_organized_generation_workspace_20260612\01_fooocus\Fooocus-main_canonical\Fooocus-main\sdxl_styles\samples\misc_fairy_tale.jpg","misc_fairy_tale.jpg",".jpg","27944","0.027","10/03/47 01:28:40 م"
"01_fooocus\Fooocus-main_canonical\Fooocus-main\sdxl_styles\samples\misc_gothic.jpg","D:\zzipp\جي بي\الكميرا\_organized_generation_workspace_20260612\01_fooocus\Fooocus-main_canonical\Fooocus-main\sdxl_styles\samples\misc_gothic.jpg","misc_gothic.jpg",".jpg","25484","0.024","10/03/47 01:28:40 م"
"01_fooocus\Fooocus-main_canonical\Fooocus-main\sdxl_styles\samples\misc_grunge.jpg","D:\zzipp\جي بي\الكميرا\_organized_generation_workspace_20260612\01_fooocus\Fooocus-main_canonical\Fooocus-main\sdxl_styles\samples\misc_grunge.jpg","misc_grunge.jpg",".jpg","37391","0.036","10/03/47 01:28:40 م"
"01_fooocus\Fooocus-main_canonical\Fooocus-main\sdxl_styles\samples\misc_horror.jpg","D:\zzipp\جي بي\الكميرا\_organized_generation_workspace_20260612\01_fooocus\Fooocus-main_canonical\Fooocus-main\sdxl_styles\samples\misc_horror.jpg","misc_horror.jpg",".jpg","19612","0.019","10/03/47 01:28:40 م"
"01_fooocus\Fooocus-main_canonical\Fooocus-main\sdxl_styles\samples\misc_kawaii.jpg","D:\zzipp\جي بي\الكميرا\_organized_generation_workspace_20260612\01_fooocus\Fooocus-main_canonical\Fooocus-main\sdxl_styles\samples\misc_kawaii.jpg","misc_kawaii.jpg",".jpg","24538","0.023","10/03/47 01:28:40 م"
"01_fooocus\Fooocus-main_canonical\Fooocus-main\sdxl_styles\samples\misc_lovecraftian.jpg","D:\zzipp\جي بي\الكميرا\_organized_generation_workspace_20260612\01_fooocus\Fooocus-main_canonical\Fooocus-main\sdxl_styles\samples\misc_lovecraftian.jpg","misc_lovecraftian.jpg",".jpg","30186","0.029","10/03/47 01:28:40 م"
"01_fooocus\Fooocus-main_canonical\Fooocus-main\sdxl_styles\samples\misc_macabre.jpg","D:\zzipp\جي بي\الكميرا\_organized_generation_workspace_20260612\01_fooocus\Fooocus-main_canonical\Fooocus-main\sdxl_styles\samples\misc_macabre.jpg","misc_macabre.jpg",".jpg","18237","0.017","10/03/47 01:28:40 م"
"01_fooocus\Fooocus-main_canonical\Fooocus-main\sdxl_styles\samples\misc_manga.jpg","D:\zzipp\جي بي\الكميرا\_organized_generation_workspace_20260612\01_fooocus\Fooocus-main_canonical\Fooocus-main\sdxl_styles\samples\misc_manga.jpg","misc_manga.jpg",".jpg","41095","0.039","10/03/47 01:28:40 م"
"01_fooocus\Fooocus-main_canonical\Fooocus-main\sdxl_styles\samples\misc_metropolis.jpg","D:\zzipp\جي بي\الكميرا\_organized_generation_workspace_20260612\01_fooocus\Fooocus-main_canonical\Fooocus-main\sdxl_styles\samples\misc_metropolis.jpg","misc_metropolis.jpg",".jpg","25659","0.024","10/03/47 01:28:40 م"
"01_fooocus\Fooocus-main_canonical\Fooocus-main\sdxl_styles\samples\misc_minimalist.jpg","D:\zzipp\جي بي\الكميرا\_organized_generation_workspace_20260612\01_fooocus\Fooocus-main_canonical\Fooocus-main\sdxl_styles\samples\misc_minimalist.jpg","misc_minimalist.jpg",".jpg","13395","0.013","10/03/47 01:28:40 م"
"01_fooocus\Fooocus-main_canonical\Fooocus-main\sdxl_styles\samples\misc_monochrome.jpg","D:\zzipp\جي بي\الكميرا\_organized_generation_workspace_20260612\01_fooocus\Fooocus-main_canonical\Fooocus-main\sdxl_styles\samples\misc_monochrome.jpg","misc_monochrome.jpg",".jpg","14690","0.014","10/03/47 01:28:40 م"
"01_fooocus\Fooocus-main_canonical\Fooocus-main\sdxl_styles\samples\misc_nautical.jpg","D:\zzipp\جي بي\الكميرا\_organized_generation_workspace_20260612\01_fooocus\Fooocus-main_canonical\Fooocus-main\sdxl_styles\samples\misc_nautical.jpg","misc_nautical.jpg",".jpg","29630","0.028","10/03/47 01:28:40 م"
"01_fooocus\Fooocus-main_canonical\Fooocus-main\sdxl_styles\samples\misc_space.jpg","D:\zzipp\جي بي\الكميرا\_organized_generation_workspace_20260612\01_fooocus\Fooocus-main_canonical\Fooocus-main\sdxl_styles\samples\misc_space.jpg","misc_space.jpg",".jpg","33012","0.031","10/03/47 01:28:40 م"
"01_fooocus\Fooocus-main_canonical\Fooocus-main\sdxl_styles\samples\misc_stained_glass.jpg","D:\zzipp\جي بي\الكميرا\_organized_generation_workspace_20260612\01_fooocus\Fooocus-main_canonical\Fooocus-main\sdxl_styles\samples\misc_stained_glass.jpg","misc_stained_glass.jpg",".jpg","41526","0.04","10/03/47 01:28:40 م"
"01_fooocus\Fooocus-main_canonical\Fooocus-main\sdxl_styles\samples\misc_techwear_fashion.jpg","D:\zzipp\جي بي\الكميرا\_organized_generation_workspace_20260612\01_fooocus\Fooocus-main_canonical\Fooocus-main\sdxl_styles\samples\misc_techwear_fashion.jpg","misc_techwear_fashion.jpg",".jpg","20697","0.02","10/03/47 01:28:40 م"
"01_fooocus\Fooocus-main_canonical\Fooocus-main\sdxl_styles\samples\misc_tribal.jpg","D:\zzipp\جي بي\الكميرا\_organized_generation_workspace_20260612\01_fooocus\Fooocus-main_canonical\Fooocus-main\sdxl_styles\samples\misc_tribal.jpg","misc_tribal.jpg",".jpg","45155","0.043","10/03/47 01:28:40 م"
"01_fooocus\Fooocus-main_canonical\Fooocus-main\sdxl_styles\samples\misc_zentangle.jpg","D:\zzipp\جي بي\الكميرا\_organized_generation_workspace_20260612\01_fooocus\Fooocus-main_canonical\Fooocus-main\sdxl_styles\samples\misc_zentangle.jpg","misc_zentangle.jpg",".jpg","23940","0.023","10/03/47 01:28:40 م"
"01_fooocus\Fooocus-main_canonical\Fooocus-main\sdxl_styles\samples\mk_adnate_style.jpg","D:\zzipp\جي بي\الكميرا\_organized_generation_workspace_20260612\01_fooocus\Fooocus-main_canonical\Fooocus-main\sdxl_styles\samples\mk_adnate_style.jpg","mk_adnate_style.jpg",".jpg","26738","0.025","10/03/47 01:28:40 م"
"01_fooocus\Fooocus-main_canonical\Fooocus-main\sdxl_styles\samples\mk_afrofuturism.jpg","D:\zzipp\جي بي\الكميرا\_organized_generation_workspace_20260612\01_fooocus\Fooocus-main_canonical\Fooocus-main\sdxl_styles\samples\mk_afrofuturism.jpg","mk_afrofuturism.jpg",".jpg","36045","0.034","10/03/47 01:28:40 م"
"01_fooocus\Fooocus-main_canonical\Fooocus-main\sdxl_styles\samples\mk_albumen_print.jpg","D:\zzipp\جي بي\الكميرا\_organized_generation_workspace_20260612\01_fooocus\Fooocus-main_canonical\Fooocus-main\sdxl_styles\samples\mk_albumen_print.jpg","mk_albumen_print.jpg",".jpg","22720","0.022","10/03/47 01:28:40 م"
"01_fooocus\Fooocus-main_canonical\Fooocus-main\sdxl_styles\samples\mk_alcohol_ink_art.jpg","D:\zzipp\جي بي\الكميرا\_organized_generation_workspace_20260612\01_fooocus\Fooocus-main_canonical\Fooocus-main\sdxl_styles\samples\mk_alcohol_ink_art.jpg","mk_alcohol_ink_art.jpg",".jpg","38324","0.037","10/03/47 01:28:40 م"
"01_fooocus\Fooocus-main_canonical\Fooocus-main\sdxl_styles\samples\mk_andy_warhol.jpg","D:\zzipp\جي بي\الكميرا\_organized_generation_workspace_20260612\01_fooocus\Fooocus-main_canonical\Fooocus-main\sdxl_styles\samples\mk_andy_warhol.jpg","mk_andy_warhol.jpg",".jpg","41526","0.04","10/03/47 01:28:40 م"
"01_fooocus\Fooocus-main_canonical\Fooocus-main\sdxl_styles\samples\mk_anthotype_print.jpg","D:\zzipp\جي بي\الكميرا\_organized_generation_workspace_20260612\01_fooocus\Fooocus-main_canonical\Fooocus-main\sdxl_styles\samples\mk_anthotype_print.jpg","mk_anthotype_print.jpg",".jpg","22678","0.022","10/03/47 01:28:40 م"
"01_fooocus\Fooocus-main_canonical\Fooocus-main\sdxl_styles\samples\mk_aquatint_print.jpg","D:\zzipp\جي بي\الكميرا\_organized_generation_workspace_20260612\01_fooocus\Fooocus-main_canonical\Fooocus-main\sdxl_styles\samples\mk_aquatint_print.jpg","mk_aquatint_print.jpg",".jpg","28331","0.027","10/03/47 01:28:40 م"
"01_fooocus\Fooocus-main_canonical\Fooocus-main\sdxl_styles\samples\mk_atompunk.jpg","D:\zzipp\جي بي\الكميرا\_organized_generation_workspace_20260612\01_fooocus\Fooocus-main_canonical\Fooocus-main\sdxl_styles\samples\mk_atompunk.jpg","mk_atompunk.jpg",".jpg","28608","0.027","10/03/47 01:28:40 م"
"01_fooocus\Fooocus-main_canonical\Fooocus-main\sdxl_styles\samples\mk_basquiat.jpg","D:\zzipp\جي بي\الكميرا\_organized_generation_workspace_20260612\01_fooocus\Fooocus-main_canonical\Fooocus-main\sdxl_styles\samples\mk_basquiat.jpg","mk_basquiat.jpg",".jpg","40186","0.038","10/03/47 01:28:40 م"
"01_fooocus\Fooocus-main_canonical\Fooocus-main\sdxl_styles\samples\mk_bauhaus_style.jpg","D:\zzipp\جي بي\الكميرا\_organized_generation_workspace_20260612\01_fooocus\Fooocus-main_canonical\Fooocus-main\sdxl_styles\samples\mk_bauhaus_style.jpg","mk_bauhaus_style.jpg",".jpg","18747","0.018","10/03/47 01:28:40 م"
"01_fooocus\Fooocus-main_canonical\Fooocus-main\sdxl_styles\samples\mk_blacklight_paint.jpg","D:\zzipp\جي بي\الكميرا\_organized_generation_workspace_20260612\01_fooocus\Fooocus-main_canonical\Fooocus-main\sdxl_styles\samples\mk_blacklight_paint.jpg","mk_blacklight_paint.jpg",".jpg","36144","0.034","10/03/47 01:28:40 م"
"01_fooocus\Fooocus-main_canonical\Fooocus-main\sdxl_styles\samples\mk_bromoil_print.jpg","D:\zzipp\جي بي\الكميرا\_organized_generation_workspace_20260612\01_fooocus\Fooocus-main_canonical\Fooocus-main\sdxl_styles\samples\mk_bromoil_print.jpg","mk_bromoil_print.jpg",".jpg","26433","0.025","10/03/47 01:28:40 م"
"01_fooocus\Fooocus-main_canonical\Fooocus-main\sdxl_styles\samples\mk_calotype_print.jpg","D:\zzipp\جي بي\الكميرا\_organized_generation_workspace_20260612\01_fooocus\Fooocus-main_canonical\Fooocus-main\sdxl_styles\samples\mk_calotype_print.jpg","mk_calotype_print.jpg",".jpg","21738","0.021","10/03/47 01:28:40 م"
"01_fooocus\Fooocus-main_canonical\Fooocus-main\sdxl_styles\samples\mk_carnival_glass.jpg","D:\zzipp\جي بي\الكميرا\_organized_generation_workspace_20260612\01_fooocus\Fooocus-main_canonical\Fooocus-main\sdxl_styles\samples\mk_carnival_glass.jpg","mk_carnival_glass.jpg",".jpg","27955","0.027","10/03/47 01:28:40 م"
"01_fooocus\Fooocus-main_canonical\Fooocus-main\sdxl_styles\samples\mk_chicano_art.jpg","D:\zzipp\جي بي\الكميرا\_organized_generation_workspace_20260612\01_fooocus\Fooocus-main_canonical\Fooocus-main\sdxl_styles\samples\mk_chicano_art.jpg","mk_chicano_art.jpg",".jpg","43541","0.042","10/03/47 01:28:40 م"
"01_fooocus\Fooocus-main_canonical\Fooocus-main\sdxl_styles\samples\mk_chromolithography.jpg","D:\zzipp\جي بي\الكميرا\_organized_generation_workspace_20260612\01_fooocus\Fooocus-main_canonical\Fooocus-main\sdxl_styles\samples\mk_chromolithography.jpg","mk_chromolithography.jpg",".jpg","39890","0.038","10/03/47 01:28:40 م"
"01_fooocus\Fooocus-main_canonical\Fooocus-main\sdxl_styles\samples\mk_cibulak_porcelain.jpg","D:\zzipp\جي بي\الكميرا\_organized_generation_workspace_20260612\01_fooocus\Fooocus-main_canonical\Fooocus-main\sdxl_styles\samples\mk_cibulak_porcelain.jpg","mk_cibulak_porcelain.jpg",".jpg","19593","0.019","10/03/47 01:28:40 م"
"01_fooocus\Fooocus-main_canonical\Fooocus-main\sdxl_styles\samples\mk_color_sketchnote.jpg","D:\zzipp\جي بي\الكميرا\_organized_generation_workspace_20260612\01_fooocus\Fooocus-main_canonical\Fooocus-main\sdxl_styles\samples\mk_color_sketchnote.jpg","mk_color_sketchnote.jpg",".jpg","40562","0.039","10/03/47 01:28:40 م"
"01_fooocus\Fooocus-main_canonical\Fooocus-main\sdxl_styles\samples\mk_coloring_book.jpg","D:\zzipp\جي بي\الكميرا\_organized_generation_workspace_20260612\01_fooocus\Fooocus-main_canonical\Fooocus-main\sdxl_styles\samples\mk_coloring_book.jpg","mk_coloring_book.jpg",".jpg","20531","0.02","10/03/47 01:28:40 م"
"01_fooocus\Fooocus-main_canonical\Fooocus-main\sdxl_styles\samples\mk_constructivism.jpg","D:\zzipp\جي بي\الكميرا\_organized_generation_workspace_20260612\01_fooocus\Fooocus-main_canonical\Fooocus-main\sdxl_styles\samples\mk_constructivism.jpg","mk_constructivism.jpg",".jpg","29021","0.028","10/03/47 01:28:40 م"
"01_fooocus\Fooocus-main_canonical\Fooocus-main\sdxl_styles\samples\mk_cross_processing_print.jpg","D:\zzipp\جي بي\الكميرا\_organized_generation_workspace_20260612\01_fooocus\Fooocus-main_canonical\Fooocus-main\sdxl_styles\samples\mk_cross_processing_print.jpg","mk_cross_processing_print.jpg",".jpg","28999","0.028","10/03/47 01:28:40 م"
"01_fooocus\Fooocus-main_canonical\Fooocus-main\sdxl_styles\samples\mk_cross_stitching.jpg","D:\zzipp\جي بي\الكميرا\_organized_generation_workspace_20260612\01_fooocus\Fooocus-main_canonical\Fooocus-main\sdxl_styles\samples\mk_cross_stitching.jpg","mk_cross_stitching.jpg",".jpg","33688","0.032","10/03/47 01:28:40 م"
"01_fooocus\Fooocus-main_canonical\Fooocus-main\sdxl_styles\samples\mk_cyanotype_print.jpg","D:\zzipp\جي بي\الكميرا\_organized_generation_workspace_20260612\01_fooocus\Fooocus-main_canonical\Fooocus-main\sdxl_styles\samples\mk_cyanotype_print.jpg","mk_cyanotype_print.jpg",".jpg","26707","0.025","10/03/47 01:28:40 م"
"01_fooocus\Fooocus-main_canonical\Fooocus-main\sdxl_styles\samples\mk_dayak_art.jpg","D:\zzipp\جي بي\الكميرا\_organized_generation_workspace_20260612\01_fooocus\Fooocus-main_canonical\Fooocus-main\sdxl_styles\samples\mk_dayak_art.jpg","mk_dayak_art.jpg",".jpg","29088","0.028","10/03/47 01:28:40 م"
"01_fooocus\Fooocus-main_canonical\Fooocus-main\sdxl_styles\samples\mk_de_stijl.jpg","D:\zzipp\جي بي\الكميرا\_organized_generation_workspace_20260612\01_fooocus\Fooocus-main_canonical\Fooocus-main\sdxl_styles\samples\mk_de_stijl.jpg","mk_de_stijl.jpg",".jpg","19115","0.018","10/03/47 01:28:40 م"
"01_fooocus\Fooocus-main_canonical\Fooocus-main\sdxl_styles\samples\mk_dufaycolor_photograph.jpg","D:\zzipp\جي بي\الكميرا\_organized_generation_workspace_20260612\01_fooocus\Fooocus-main_canonical\Fooocus-main\sdxl_styles\samples\mk_dufaycolor_photograph.jpg","mk_dufaycolor_photograph.jpg",".jpg","23515","0.022","10/03/47 01:28:40 م"
"01_fooocus\Fooocus-main_canonical\Fooocus-main\sdxl_styles\samples\mk_embroidery.jpg","D:\zzipp\جي بي\الكميرا\_organized_generation_workspace_20260612\01_fooocus\Fooocus-main_canonical\Fooocus-main\sdxl_styles\samples\mk_embroidery.jpg","mk_embroidery.jpg",".jpg","39556","0.038","10/03/47 01:28:40 م"
"01_fooocus\Fooocus-main_canonical\Fooocus-main\sdxl_styles\samples\mk_encaustic_paint.jpg","D:\zzipp\جي بي\الكميرا\_organized_generation_workspace_20260612\01_fooocus\Fooocus-main_canonical\Fooocus-main\sdxl_styles\samples\mk_encaustic_paint.jpg","mk_encaustic_paint.jpg",".jpg","38898","0.037","10/03/47 01:28:40 م"
"01_fooocus\Fooocus-main_canonical\Fooocus-main\sdxl_styles\samples\mk_fayum_portrait.jpg","D:\zzipp\جي بي\الكميرا\_organized_generation_workspace_20260612\01_fooocus\Fooocus-main_canonical\Fooocus-main\sdxl_styles\samples\mk_fayum_portrait.jpg","mk_fayum_portrait.jpg",".jpg","29298","0.028","10/03/47 01:28:40 م"
"01_fooocus\Fooocus-main_canonical\Fooocus-main\sdxl_styles\samples\mk_gond_painting.jpg","D:\zzipp\جي بي\الكميرا\_organized_generation_workspace_20260612\01_fooocus\Fooocus-main_canonical\Fooocus-main\sdxl_styles\samples\mk_gond_painting.jpg","mk_gond_painting.jpg",".jpg","43206","0.041","10/03/47 01:28:40 م"
"01_fooocus\Fooocus-main_canonical\Fooocus-main\sdxl_styles\samples\mk_gyotaku.jpg","D:\zzipp\جي بي\الكميرا\_organized_generation_workspace_20260612\01_fooocus\Fooocus-main_canonical\Fooocus-main\sdxl_styles\samples\mk_gyotaku.jpg","mk_gyotaku.jpg",".jpg","24725","0.024","10/03/47 01:28:40 م"
"01_fooocus\Fooocus-main_canonical\Fooocus-main\sdxl_styles\samples\mk_halftone_print.jpg","D:\zzipp\جي بي\الكميرا\_organized_generation_workspace_20260612\01_fooocus\Fooocus-main_canonical\Fooocus-main\sdxl_styles\samples\mk_halftone_print.jpg","mk_halftone_print.jpg",".jpg","29840","0.028","10/03/47 01:28:40 م"
"01_fooocus\Fooocus-main_canonical\Fooocus-main\sdxl_styles\samples\mk_herbarium.jpg","D:\zzipp\جي بي\الكميرا\_organized_generation_workspace_20260612\01_fooocus\Fooocus-main_canonical\Fooocus-main\sdxl_styles\samples\mk_herbarium.jpg","mk_herbarium.jpg",".jpg","25207","0.024","10/03/47 01:28:40 م"
"01_fooocus\Fooocus-main_canonical\Fooocus-main\sdxl_styles\samples\mk_illuminated_manuscript.jpg","D:\zzipp\جي بي\الكميرا\_organized_generation_workspace_20260612\01_fooocus\Fooocus-main_canonical\Fooocus-main\sdxl_styles\samples\mk_illuminated_manuscript.jpg","mk_illuminated_manuscript.jpg",".jpg","44321","0.042","10/03/47 01:28:40 م"
"01_fooocus\Fooocus-main_canonical\Fooocus-main\sdxl_styles\samples\mk_inuit_carving.jpg","D:\zzipp\جي بي\الكميرا\_organized_generation_workspace_20260612\01_fooocus\Fooocus-main_canonical\Fooocus-main\sdxl_styles\samples\mk_inuit_carving.jpg","mk_inuit_carving.jpg",".jpg","20545","0.02","10/03/47 01:28:40 م"
"01_fooocus\Fooocus-main_canonical\Fooocus-main\sdxl_styles\samples\mk_kalighat_painting.jpg","D:\zzipp\جي بي\الكميرا\_organized_generation_workspace_20260612\01_fooocus\Fooocus-main_canonical\Fooocus-main\sdxl_styles\samples\mk_kalighat_painting.jpg","mk_kalighat_painting.jpg",".jpg","31738","0.03","10/03/47 01:28:40 م"
"01_fooocus\Fooocus-main_canonical\Fooocus-main\sdxl_styles\samples\mk_lite_brite_art.jpg","D:\zzipp\جي بي\الكميرا\_organized_generation_workspace_20260612\01_fooocus\Fooocus-main_canonical\Fooocus-main\sdxl_styles\samples\mk_lite_brite_art.jpg","mk_lite_brite_art.jpg",".jpg","28983","0.028","10/03/47 01:28:40 م"
"01_fooocus\Fooocus-main_canonical\Fooocus-main\sdxl_styles\samples\mk_luminogram.jpg","D:\zzipp\جي بي\الكميرا\_organized_generation_workspace_20260612\01_fooocus\Fooocus-main_canonical\Fooocus-main\sdxl_styles\samples\mk_luminogram.jpg","mk_luminogram.jpg",".jpg","18896","0.018","10/03/47 01:28:40 م"
"01_fooocus\Fooocus-main_canonical\Fooocus-main\sdxl_styles\samples\mk_madhubani_painting.jpg","D:\zzipp\جي بي\الكميرا\_organized_generation_workspace_20260612\01_fooocus\Fooocus-main_canonical\Fooocus-main\sdxl_styles\samples\mk_madhubani_painting.jpg","mk_madhubani_painting.jpg",".jpg","48886","0.047","10/03/47 01:28:40 م"
"01_fooocus\Fooocus-main_canonical\Fooocus-main\sdxl_styles\samples\mk_mokume_gane.jpg","D:\zzipp\جي بي\الكميرا\_organized_generation_workspace_20260612\01_fooocus\Fooocus-main_canonical\Fooocus-main\sdxl_styles\samples\mk_mokume_gane.jpg","mk_mokume_gane.jpg",".jpg","21747","0.021","10/03/47 01:28:40 م"
"01_fooocus\Fooocus-main_canonical\Fooocus-main\sdxl_styles\samples\mk_mosaic.jpg","D:\zzipp\جي بي\الكميرا\_organized_generation_workspace_20260612\01_fooocus\Fooocus-main_canonical\Fooocus-main\sdxl_styles\samples\mk_mosaic.jpg","mk_mosaic.jpg",".jpg","43283","0.041","10/03/47 01:28:40 م"
"01_fooocus\Fooocus-main_canonical\Fooocus-main\sdxl_styles\samples\mk_one_line_art.jpg","D:\zzipp\جي بي\الكميرا\_organized_generation_workspace_20260612\01_fooocus\Fooocus-main_canonical\Fooocus-main\sdxl_styles\samples\mk_one_line_art.jpg","mk_one_line_art.jpg",".jpg","5494","0.005","10/03/47 01:28:40 م"
"01_fooocus\Fooocus-main_canonical\Fooocus-main\sdxl_styles\samples\mk_palekh.jpg","D:\zzipp\جي بي\الكميرا\_organized_generation_workspace_20260612\01_fooocus\Fooocus-main_canonical\Fooocus-main\sdxl_styles\samples\mk_palekh.jpg","mk_palekh.jpg",".jpg","44315","0.042","10/03/47 01:28:40 م"
"01_fooocus\Fooocus-main_canonical\Fooocus-main\sdxl_styles\samples\mk_patachitra_painting.jpg","D:\zzipp\جي بي\الكميرا\_organized_generation_workspace_20260612\01_fooocus\Fooocus-main_canonical\Fooocus-main\sdxl_styles\samples\mk_patachitra_painting.jpg","mk_patachitra_painting.jpg",".jpg","46111","0.044","10/03/47 01:28:40 م"
"01_fooocus\Fooocus-main_canonical\Fooocus-main\sdxl_styles\samples\mk_pichwai_painting.jpg","D:\zzipp\جي بي\الكميرا\_organized_generation_workspace_20260612\01_fooocus\Fooocus-main_canonical\Fooocus-main\sdxl_styles\samples\mk_pichwai_painting.jpg","mk_pichwai_painting.jpg",".jpg","39910","0.038","10/03/47 01:28:40 م"
"01_fooocus\Fooocus-main_canonical\Fooocus-main\sdxl_styles\samples\mk_pictorialism.jpg","D:\zzipp\جي بي\الكميرا\_organized_generation_workspace_20260612\01_fooocus\Fooocus-main_canonical\Fooocus-main\sdxl_styles\samples\mk_pictorialism.jpg","mk_pictorialism.jpg",".jpg","19595","0.019","10/03/47 01:28:40 م"
"01_fooocus\Fooocus-main_canonical\Fooocus-main\sdxl_styles\samples\mk_pollock.jpg","D:\zzipp\جي بي\الكميرا\_organized_generation_workspace_20260612\01_fooocus\Fooocus-main_canonical\Fooocus-main\sdxl_styles\samples\mk_pollock.jpg","mk_pollock.jpg",".jpg","48697","0.046","10/03/47 01:28:40 م"
"01_fooocus\Fooocus-main_canonical\Fooocus-main\sdxl_styles\samples\mk_punk_collage.jpg","D:\zzipp\جي بي\الكميرا\_organized_generation_workspace_20260612\01_fooocus\Fooocus-main_canonical\Fooocus-main\sdxl_styles\samples\mk_punk_collage.jpg","mk_punk_collage.jpg",".jpg","34863","0.033","10/03/47 01:28:40 م"
"01_fooocus\Fooocus-main_canonical\Fooocus-main\sdxl_styles\samples\mk_ron_english_style.jpg","D:\zzipp\جي بي\الكميرا\_organized_generation_workspace_20260612\01_fooocus\Fooocus-main_canonical\Fooocus-main\sdxl_styles\samples\mk_ron_english_style.jpg","mk_ron_english_style.jpg",".jpg","33109","0.032","10/03/47 01:28:40 م"
"01_fooocus\Fooocus-main_canonical\Fooocus-main\sdxl_styles\samples\mk_samoan_art_inspired.jpg","D:\zzipp\جي بي\الكميرا\_organized_generation_workspace_20260612\01_fooocus\Fooocus-main_canonical\Fooocus-main\sdxl_styles\samples\mk_samoan_art_inspired.jpg","mk_samoan_art_inspired.jpg",".jpg","25854","0.025","10/03/47 01:28:40 م"
"01_fooocus\Fooocus-main_canonical\Fooocus-main\sdxl_styles\samples\mk_scrimshaw.jpg","D:\zzipp\جي بي\الكميرا\_organized_generation_workspace_20260612\01_fooocus\Fooocus-main_canonical\Fooocus-main\sdxl_styles\samples\mk_scrimshaw.jpg","mk_scrimshaw.jpg",".jpg","23678","0.023","10/03/47 01:28:40 م"
"01_fooocus\Fooocus-main_canonical\Fooocus-main\sdxl_styles\samples\mk_shepard_fairey_style.jpg","D:\zzipp\جي بي\الكميرا\_organized_generation_workspace_20260612\01_fooocus\Fooocus-main_canonical\Fooocus-main\sdxl_styles\samples\mk_shepard_fairey_style.jpg","mk_shepard_fairey_style.jpg",".jpg","32803","0.031","10/03/47 01:28:40 م"
"01_fooocus\Fooocus-main_canonical\Fooocus-main\sdxl_styles\samples\mk_shibori.jpg","D:\zzipp\جي بي\الكميرا\_organized_generation_workspace_20260612\01_fooocus\Fooocus-main_canonical\Fooocus-main\sdxl_styles\samples\mk_shibori.jpg","mk_shibori.jpg",".jpg","39932","0.038","10/03/47 01:28:40 م"
"01_fooocus\Fooocus-main_canonical\Fooocus-main\sdxl_styles\samples\mk_singer_sargent.jpg","D:\zzipp\جي بي\الكميرا\_organized_generation_workspace_20260612\01_fooocus\Fooocus-main_canonical\Fooocus-main\sdxl_styles\samples\mk_singer_sargent.jpg","mk_singer_sargent.jpg",".jpg","23465","0.022","10/03/47 01:28:40 م"
"01_fooocus\Fooocus-main_canonical\Fooocus-main\sdxl_styles\samples\mk_suminagashi.jpg","D:\zzipp\جي بي\الكميرا\_organized_generation_workspace_20260612\01_fooocus\Fooocus-main_canonical\Fooocus-main\sdxl_styles\samples\mk_suminagashi.jpg","mk_suminagashi.jpg",".jpg","28998","0.028","10/03/47 01:28:40 م"
"01_fooocus\Fooocus-main_canonical\Fooocus-main\sdxl_styles\samples\mk_tlingit_art.jpg","D:\zzipp\جي بي\الكميرا\_organized_generation_workspace_20260612\01_fooocus\Fooocus-main_canonical\Fooocus-main\sdxl_styles\samples\mk_tlingit_art.jpg","mk_tlingit_art.jpg",".jpg","43408","0.041","10/03/47 01:28:40 م"
"01_fooocus\Fooocus-main_canonical\Fooocus-main\sdxl_styles\samples\mk_ukiyo_e.jpg","D:\zzipp\جي بي\الكميرا\_organized_generation_workspace_20260612\01_fooocus\Fooocus-main_canonical\Fooocus-main\sdxl_styles\samples\mk_ukiyo_e.jpg","mk_ukiyo_e.jpg",".jpg","31329","0.03","10/03/47 01:28:40 م"
"01_fooocus\Fooocus-main_canonical\Fooocus-main\sdxl_styles\samples\mk_van_gogh.jpg","D:\zzipp\جي بي\الكميرا\_organized_generation_workspace_20260612\01_fooocus\Fooocus-main_canonical\Fooocus-main\sdxl_styles\samples\mk_van_gogh.jpg","mk_van_gogh.jpg",".jpg","43689","0.042","10/03/47 01:28:40 م"
"01_fooocus\Fooocus-main_canonical\Fooocus-main\sdxl_styles\samples\mk_vintage_airline_poster.jpg","D:\zzipp\جي بي\الكميرا\_organized_generation_workspace_20260612\01_fooocus\Fooocus-main_canonical\Fooocus-main\sdxl_styles\samples\mk_vintage_airline_poster.jpg","mk_vintage_airline_poster.jpg",".jpg","31296","0.03","10/03/47 01:28:40 م"
"01_fooocus\Fooocus-main_canonical\Fooocus-main\sdxl_styles\samples\mk_vintage_travel_poster.jpg","D:\zzipp\جي بي\الكميرا\_organized_generation_workspace_20260612\01_fooocus\Fooocus-main_canonical\Fooocus-main\sdxl_styles\samples\mk_vintage_travel_poster.jpg","mk_vintage_travel_poster.jpg",".jpg","28284","0.027","10/03/47 01:28:40 م"
"01_fooocus\Fooocus-main_canonical\Fooocus-main\sdxl_styles\samples\mk_vitreous_enamel.jpg","D:\zzipp\جي بي\الكميرا\_organized_generation_workspace_20260612\01_fooocus\Fooocus-main_canonical\Fooocus-main\sdxl_styles\samples\mk_vitreous_enamel.jpg","mk_vitreous_enamel.jpg",".jpg","24713","0.024","10/03/47 01:28:40 م"
"01_fooocus\Fooocus-main_canonical\Fooocus-main\sdxl_styles\samples\mre_ancient_illustration.jpg","D:\zzipp\جي بي\الكميرا\_organized_generation_workspace_20260612\01_fooocus\Fooocus-main_canonical\Fooocus-main\sdxl_styles\samples\mre_ancient_illustration.jpg","mre_ancient_illustration.jpg",".jpg","28253","0.027","10/03/47 01:28:40 م"
"01_fooocus\Fooocus-main_canonical\Fooocus-main\sdxl_styles\samples\mre_anime.jpg","D:\zzipp\جي بي\الكميرا\_organized_generation_workspace_20260612\01_fooocus\Fooocus-main_canonical\Fooocus-main\sdxl_styles\samples\mre_anime.jpg","mre_anime.jpg",".jpg","25681","0.024","10/03/47 01:28:40 م"
"01_fooocus\Fooocus-main_canonical\Fooocus-main\sdxl_styles\samples\mre_artistic_vision.jpg","D:\zzipp\جي بي\الكميرا\_organized_generation_workspace_20260612\01_fooocus\Fooocus-main_canonical\Fooocus-main\sdxl_styles\samples\mre_artistic_vision.jpg","mre_artistic_vision.jpg",".jpg","25512","0.024","10/03/47 01:28:40 م"
"01_fooocus\Fooocus-main_canonical\Fooocus-main\sdxl_styles\samples\mre_bad_dream.jpg","D:\zzipp\جي بي\الكميرا\_organized_generation_workspace_20260612\01_fooocus\Fooocus-main_canonical\Fooocus-main\sdxl_styles\samples\mre_bad_dream.jpg","mre_bad_dream.jpg",".jpg","24245","0.023","10/03/47 01:28:40 م"
"01_fooocus\Fooocus-main_canonical\Fooocus-main\sdxl_styles\samples\mre_brave_art.jpg","D:\zzipp\جي بي\الكميرا\_organized_generation_workspace_20260612\01_fooocus\Fooocus-main_canonical\Fooocus-main\sdxl_styles\samples\mre_brave_art.jpg","mre_brave_art.jpg",".jpg","26947","0.026","10/03/47 01:28:40 م"
"01_fooocus\Fooocus-main_canonical\Fooocus-main\sdxl_styles\samples\mre_cinematic_dynamic.jpg","D:\zzipp\جي بي\الكميرا\_organized_generation_workspace_20260612\01_fooocus\Fooocus-main_canonical\Fooocus-main\sdxl_styles\samples\mre_cinematic_dynamic.jpg","mre_cinematic_dynamic.jpg",".jpg","23871","0.023","10/03/47 01:28:40 م"
"01_fooocus\Fooocus-main_canonical\Fooocus-main\sdxl_styles\samples\mre_comic.jpg","D:\zzipp\جي بي\الكميرا\_organized_generation_workspace_20260612\01_fooocus\Fooocus-main_canonical\Fooocus-main\sdxl_styles\samples\mre_comic.jpg","mre_comic.jpg",".jpg","26527","0.025","10/03/47 01:28:40 م"
"01_fooocus\Fooocus-main_canonical\Fooocus-main\sdxl_styles\samples\mre_dark_cyberpunk.jpg","D:\zzipp\جي بي\الكميرا\_organized_generation_workspace_20260612\01_fooocus\Fooocus-main_canonical\Fooocus-main\sdxl_styles\samples\mre_dark_cyberpunk.jpg","mre_dark_cyberpunk.jpg",".jpg","29542","0.028","10/03/47 01:28:40 م"
"01_fooocus\Fooocus-main_canonical\Fooocus-main\sdxl_styles\samples\mre_dark_dream.jpg","D:\zzipp\جي بي\الكميرا\_organized_generation_workspace_20260612\01_fooocus\Fooocus-main_canonical\Fooocus-main\sdxl_styles\samples\mre_dark_dream.jpg","mre_dark_dream.jpg",".jpg","19480","0.019","10/03/47 01:28:40 م"
"01_fooocus\Fooocus-main_canonical\Fooocus-main\sdxl_styles\samples\mre_dynamic_illustration.jpg","D:\zzipp\جي بي\الكميرا\_organized_generation_workspace_20260612\01_fooocus\Fooocus-main_canonical\Fooocus-main\sdxl_styles\samples\mre_dynamic_illustration.jpg","mre_dynamic_illustration.jpg",".jpg","28906","0.028","10/03/47 01:28:40 م"
"01_fooocus\Fooocus-main_canonical\Fooocus-main\sdxl_styles\samples\mre_elemental_art.jpg","D:\zzipp\جي بي\الكميرا\_organized_generation_workspace_20260612\01_fooocus\Fooocus-main_canonical\Fooocus-main\sdxl_styles\samples\mre_elemental_art.jpg","mre_elemental_art.jpg",".jpg","36956","0.035","10/03/47 01:28:40 م"
"01_fooocus\Fooocus-main_canonical\Fooocus-main\sdxl_styles\samples\mre_gloomy_art.jpg","D:\zzipp\جي بي\الكميرا\_organized_generation_workspace_20260612\01_fooocus\Fooocus-main_canonical\Fooocus-main\sdxl_styles\samples\mre_gloomy_art.jpg","mre_gloomy_art.jpg",".jpg","12769","0.012","10/03/47 01:28:40 م"
"01_fooocus\Fooocus-main_canonical\Fooocus-main\sdxl_styles\samples\mre_heroic_fantasy.jpg","D:\zzipp\جي بي\الكميرا\_organized_generation_workspace_20260612\01_fooocus\Fooocus-main_canonical\Fooocus-main\sdxl_styles\samples\mre_heroic_fantasy.jpg","mre_heroic_fantasy.jpg",".jpg","31394","0.03","10/03/47 01:28:40 م"
"01_fooocus\Fooocus-main_canonical\Fooocus-main\sdxl_styles\samples\mre_lyrical_geometry.jpg","D:\zzipp\جي بي\الكميرا\_organized_generation_workspace_20260612\01_fooocus\Fooocus-main_canonical\Fooocus-main\sdxl_styles\samples\mre_lyrical_geometry.jpg","mre_lyrical_geometry.jpg",".jpg","38608","0.037","10/03/47 01:28:40 م"
"01_fooocus\Fooocus-main_canonical\Fooocus-main\sdxl_styles\samples\mre_manga.jpg","D:\zzipp\جي بي\الكميرا\_organized_generation_workspace_20260612\01_fooocus\Fooocus-main_canonical\Fooocus-main\sdxl_styles\samples\mre_manga.jpg","mre_manga.jpg",".jpg","26208","0.025","10/03/47 01:28:40 م"
"01_fooocus\Fooocus-main_canonical\Fooocus-main\sdxl_styles\samples\mre_space_art.jpg","D:\zzipp\جي بي\الكميرا\_organized_generation_workspace_20260612\01_fooocus\Fooocus-main_canonical\Fooocus-main\sdxl_styles\samples\mre_space_art.jpg","mre_space_art.jpg",".jpg","26968","0.026","10/03/47 01:28:40 م"
"01_fooocus\Fooocus-main_canonical\Fooocus-main\sdxl_styles\samples\mre_spontaneous_picture.jpg","D:\zzipp\جي بي\الكميرا\_organized_generation_workspace_20260612\01_fooocus\Fooocus-main_canonical\Fooocus-main\sdxl_styles\samples\mre_spontaneous_picture.jpg","mre_spontaneous_picture.jpg",".jpg","23037","0.022","10/03/47 01:28:40 م"
"01_fooocus\Fooocus-main_canonical\Fooocus-main\sdxl_styles\samples\mre_sumi_e_detailed.jpg","D:\zzipp\جي بي\الكميرا\_organized_generation_workspace_20260612\01_fooocus\Fooocus-main_canonical\Fooocus-main\sdxl_styles\samples\mre_sumi_e_detailed.jpg","mre_sumi_e_detailed.jpg",".jpg","21833","0.021","10/03/47 01:28:40 م"
"01_fooocus\Fooocus-main_canonical\Fooocus-main\sdxl_styles\samples\mre_sumi_e_symbolic.jpg","D:\zzipp\جي بي\الكميرا\_organized_generation_workspace_20260612\01_fooocus\Fooocus-main_canonical\Fooocus-main\sdxl_styles\samples\mre_sumi_e_symbolic.jpg","mre_sumi_e_symbolic.jpg",".jpg","20087","0.019","10/03/47 01:28:40 م"
"01_fooocus\Fooocus-main_canonical\Fooocus-main\sdxl_styles\samples\mre_surreal_painting.jpg","D:\zzipp\جي بي\الكميرا\_organized_generation_workspace_20260612\01_fooocus\Fooocus-main_canonical\Fooocus-main\sdxl_styles\samples\mre_surreal_painting.jpg","mre_surreal_painting.jpg",".jpg","38135","0.036","10/03/47 01:28:40 م"
"01_fooocus\Fooocus-main_canonical\Fooocus-main\sdxl_styles\samples\mre_undead_art.jpg","D:\zzipp\جي بي\الكميرا\_organized_generation_workspace_20260612\01_fooocus\Fooocus-main_canonical\Fooocus-main\sdxl_styles\samples\mre_undead_art.jpg","mre_undead_art.jpg",".jpg","24205","0.023","10/03/47 01:28:40 م"
"01_fooocus\Fooocus-main_canonical\Fooocus-main\sdxl_styles\samples\mre_underground.jpg","D:\zzipp\جي بي\الكميرا\_organized_generation_workspace_20260612\01_fooocus\Fooocus-main_canonical\Fooocus-main\sdxl_styles\samples\mre_underground.jpg","mre_underground.jpg",".jpg","22443","0.021","10/03/47 01:28:40 م"
"01_fooocus\Fooocus-main_canonical\Fooocus-main\sdxl_styles\samples\neo_baroque.jpg","D:\zzipp\جي بي\الكميرا\_organized_generation_workspace_20260612\01_fooocus\Fooocus-main_canonical\Fooocus-main\sdxl_styles\samples\neo_baroque.jpg","neo_baroque.jpg",".jpg","41511","0.04","10/03/47 01:28:40 م"
"01_fooocus\Fooocus-main_canonical\Fooocus-main\sdxl_styles\samples\neo_byzantine.jpg","D:\zzipp\جي بي\الكميرا\_organized_generation_workspace_20260612\01_fooocus\Fooocus-main_canonical\Fooocus-main\sdxl_styles\samples\neo_byzantine.jpg","neo_byzantine.jpg",".jpg","21379","0.02","10/03/47 01:28:40 م"
"01_fooocus\Fooocus-main_canonical\Fooocus-main\sdxl_styles\samples\neo_futurism.jpg","D:\zzipp\جي بي\الكميرا\_organized_generation_workspace_20260612\01_fooocus\Fooocus-main_canonical\Fooocus-main\sdxl_styles\samples\neo_futurism.jpg","neo_futurism.jpg",".jpg","17086","0.016","10/03/47 01:28:40 م"
"01_fooocus\Fooocus-main_canonical\Fooocus-main\sdxl_styles\samples\neo_impressionism.jpg","D:\zzipp\جي بي\الكميرا\_organized_generation_workspace_20260612\01_fooocus\Fooocus-main_canonical\Fooocus-main\sdxl_styles\samples\neo_impressionism.jpg","neo_impressionism.jpg",".jpg","45141","0.043","10/03/47 01:28:40 م"
"01_fooocus\Fooocus-main_canonical\Fooocus-main\sdxl_styles\samples\neo_rococo.jpg","D:\zzipp\جي بي\الكميرا\_organized_generation_workspace_20260612\01_fooocus\Fooocus-main_canonical\Fooocus-main\sdxl_styles\samples\neo_rococo.jpg","neo_rococo.jpg",".jpg","41541","0.04","10/03/47 01:28:40 م"
"01_fooocus\Fooocus-main_canonical\Fooocus-main\sdxl_styles\samples\neoclassicism.jpg","D:\zzipp\جي بي\الكميرا\_organized_generation_workspace_20260612\01_fooocus\Fooocus-main_canonical\Fooocus-main\sdxl_styles\samples\neoclassicism.jpg","neoclassicism.jpg",".jpg","33394","0.032","10/03/47 01:28:40 م"
"01_fooocus\Fooocus-main_canonical\Fooocus-main\sdxl_styles\samples\op_art.jpg","D:\zzipp\جي بي\الكميرا\_organized_generation_workspace_20260612\01_fooocus\Fooocus-main_canonical\Fooocus-main\sdxl_styles\samples\op_art.jpg","op_art.jpg",".jpg","26491","0.025","10/03/47 01:28:40 م"
"01_fooocus\Fooocus-main_canonical\Fooocus-main\sdxl_styles\samples\ornate_and_intricate.jpg","D:\zzipp\جي بي\الكميرا\_organized_generation_workspace_20260612\01_fooocus\Fooocus-main_canonical\Fooocus-main\sdxl_styles\samples\ornate_and_intricate.jpg","ornate_and_intricate.jpg",".jpg","24689","0.024","10/03/47 01:28:40 م"
"01_fooocus\Fooocus-main_canonical\Fooocus-main\sdxl_styles\samples\papercraft_collage.jpg","D:\zzipp\جي بي\الكميرا\_organized_generation_workspace_20260612\01_fooocus\Fooocus-main_canonical\Fooocus-main\sdxl_styles\samples\papercraft_collage.jpg","papercraft_collage.jpg",".jpg","34509","0.033","10/03/47 01:28:40 م"
"01_fooocus\Fooocus-main_canonical\Fooocus-main\sdxl_styles\samples\papercraft_flat_papercut.jpg","D:\zzipp\جي بي\الكميرا\_organized_generation_workspace_20260612\01_fooocus\Fooocus-main_canonical\Fooocus-main\sdxl_styles\samples\papercraft_flat_papercut.jpg","papercraft_flat_papercut.jpg",".jpg","10881","0.01","10/03/47 01:28:40 م"
"01_fooocus\Fooocus-main_canonical\Fooocus-main\sdxl_styles\samples\papercraft_kirigami.jpg","D:\zzipp\جي بي\الكميرا\_organized_generation_workspace_20260612\01_fooocus\Fooocus-main_canonical\Fooocus-main\sdxl_styles\samples\papercraft_kirigami.jpg","papercraft_kirigami.jpg",".jpg","21713","0.021","10/03/47 01:28:40 م"
"01_fooocus\Fooocus-main_canonical\Fooocus-main\sdxl_styles\samples\papercraft_paper_mache.jpg","D:\zzipp\جي بي\الكميرا\_organized_generation_workspace_20260612\01_fooocus\Fooocus-main_canonical\Fooocus-main\sdxl_styles\samples\papercraft_paper_mache.jpg","papercraft_paper_mache.jpg",".jpg","21845","0.021","10/03/47 01:28:40 م"
"01_fooocus\Fooocus-main_canonical\Fooocus-main\sdxl_styles\samples\papercraft_paper_quilling.jpg","D:\zzipp\جي بي\الكميرا\_organized_generation_workspace_20260612\01_fooocus\Fooocus-main_canonical\Fooocus-main\sdxl_styles\samples\papercraft_paper_quilling.jpg","papercraft_paper_quilling.jpg",".jpg","30711","0.029","10/03/47 01:28:40 م"
"01_fooocus\Fooocus-main_canonical\Fooocus-main\sdxl_styles\samples\papercraft_papercut_collage.jpg","D:\zzipp\جي بي\الكميرا\_organized_generation_workspace_20260612\01_fooocus\Fooocus-main_canonical\Fooocus-main\sdxl_styles\samples\papercraft_papercut_collage.jpg","papercraft_papercut_collage.jpg",".jpg","34266","0.033","10/03/47 01:28:40 م"
"01_fooocus\Fooocus-main_canonical\Fooocus-main\sdxl_styles\samples\papercraft_papercut_shadow_box.jpg","D:\zzipp\جي بي\الكميرا\_organized_generation_workspace_20260612\01_fooocus\Fooocus-main_canonical\Fooocus-main\sdxl_styles\samples\papercraft_papercut_shadow_box.jpg","papercraft_papercut_shadow_box.jpg",".jpg","25656","0.024","10/03/47 01:28:40 م"
"01_fooocus\Fooocus-main_canonical\Fooocus-main\sdxl_styles\samples\papercraft_stacked_papercut.jpg","D:\zzipp\جي بي\الكميرا\_organized_generation_workspace_20260612\01_fooocus\Fooocus-main_canonical\Fooocus-main\sdxl_styles\samples\papercraft_stacked_papercut.jpg","papercraft_stacked_papercut.jpg",".jpg","20825","0.02","10/03/47 01:28:40 م"
"01_fooocus\Fooocus-main_canonical\Fooocus-main\sdxl_styles\samples\papercraft_thick_layered_papercut.jpg","D:\zzipp\جي بي\الكميرا\_organized_generation_workspace_20260612\01_fooocus\Fooocus-main_canonical\Fooocus-main\sdxl_styles\samples\papercraft_thick_layered_papercut.jpg","papercraft_thick_layered_papercut.jpg",".jpg","23319","0.022","10/03/47 01:28:40 م"
"01_fooocus\Fooocus-main_canonical\Fooocus-main\sdxl_styles\samples\pebble_art.jpg","D:\zzipp\جي بي\الكميرا\_organized_generation_workspace_20260612\01_fooocus\Fooocus-main_canonical\Fooocus-main\sdxl_styles\samples\pebble_art.jpg","pebble_art.jpg",".jpg","27471","0.026","10/03/47 01:28:40 م"
"01_fooocus\Fooocus-main_canonical\Fooocus-main\sdxl_styles\samples\pencil_sketch_drawing.jpg","D:\zzipp\جي بي\الكميرا\_organized_generation_workspace_20260612\01_fooocus\Fooocus-main_canonical\Fooocus-main\sdxl_styles\samples\pencil_sketch_drawing.jpg","pencil_sketch_drawing.jpg",".jpg","17984","0.017","10/03/47 01:28:40 م"
"01_fooocus\Fooocus-main_canonical\Fooocus-main\sdxl_styles\samples\photo_alien.jpg","D:\zzipp\جي بي\الكميرا\_organized_generation_workspace_20260612\01_fooocus\Fooocus-main_canonical\Fooocus-main\sdxl_styles\samples\photo_alien.jpg","photo_alien.jpg",".jpg","27005","0.026","10/03/47 01:28:40 م"
"01_fooocus\Fooocus-main_canonical\Fooocus-main\sdxl_styles\samples\photo_film_noir.jpg","D:\zzipp\جي بي\الكميرا\_organized_generation_workspace_20260612\01_fooocus\Fooocus-main_canonical\Fooocus-main\sdxl_styles\samples\photo_film_noir.jpg","photo_film_noir.jpg",".jpg","12277","0.012","10/03/47 01:28:40 م"
"01_fooocus\Fooocus-main_canonical\Fooocus-main\sdxl_styles\samples\photo_glamour.jpg","D:\zzipp\جي بي\الكميرا\_organized_generation_workspace_20260612\01_fooocus\Fooocus-main_canonical\Fooocus-main\sdxl_styles\samples\photo_glamour.jpg","photo_glamour.jpg",".jpg","25483","0.024","10/03/47 01:28:40 م"
"01_fooocus\Fooocus-main_canonical\Fooocus-main\sdxl_styles\samples\photo_hdr.jpg","D:\zzipp\جي بي\الكميرا\_organized_generation_workspace_20260612\01_fooocus\Fooocus-main_canonical\Fooocus-main\sdxl_styles\samples\photo_hdr.jpg","photo_hdr.jpg",".jpg","27925","0.027","10/03/47 01:28:40 م"
"01_fooocus\Fooocus-main_canonical\Fooocus-main\sdxl_styles\samples\photo_iphone_photographic.jpg","D:\zzipp\جي بي\الكميرا\_organized_generation_workspace_20260612\01_fooocus\Fooocus-main_canonical\Fooocus-main\sdxl_styles\samples\photo_iphone_photographic.jpg","photo_iphone_photographic.jpg",".jpg","25415","0.024","10/03/47 01:28:40 م"
"01_fooocus\Fooocus-main_canonical\Fooocus-main\sdxl_styles\samples\photo_long_exposure.jpg","D:\zzipp\جي بي\الكميرا\_organized_generation_workspace_20260612\01_fooocus\Fooocus-main_canonical\Fooocus-main\sdxl_styles\samples\photo_long_exposure.jpg","photo_long_exposure.jpg",".jpg","23453","0.022","10/03/47 01:28:40 م"
"01_fooocus\Fooocus-main_canonical\Fooocus-main\sdxl_styles\samples\photo_neon_noir.jpg","D:\zzipp\جي بي\الكميرا\_organized_generation_workspace_20260612\01_fooocus\Fooocus-main_canonical\Fooocus-main\sdxl_styles\samples\photo_neon_noir.jpg","photo_neon_noir.jpg",".jpg","30014","0.029","10/03/47 01:28:40 م"
"01_fooocus\Fooocus-main_canonical\Fooocus-main\sdxl_styles\samples\photo_silhouette.jpg","D:\zzipp\جي بي\الكميرا\_organized_generation_workspace_20260612\01_fooocus\Fooocus-main_canonical\Fooocus-main\sdxl_styles\samples\photo_silhouette.jpg","photo_silhouette.jpg",".jpg","8835","0.008","10/03/47 01:28:40 م"
"01_fooocus\Fooocus-main_canonical\Fooocus-main\sdxl_styles\samples\photo_tilt_shift.jpg","D:\zzipp\جي بي\الكميرا\_organized_generation_workspace_20260612\01_fooocus\Fooocus-main_canonical\Fooocus-main\sdxl_styles\samples\photo_tilt_shift.jpg","photo_tilt_shift.jpg",".jpg","23731","0.023","10/03/47 01:28:40 م"
"01_fooocus\Fooocus-main_canonical\Fooocus-main\sdxl_styles\samples\pop_art_2.jpg","D:\zzipp\جي بي\الكميرا\_organized_generation_workspace_20260612\01_fooocus\Fooocus-main_canonical\Fooocus-main\sdxl_styles\samples\pop_art_2.jpg","pop_art_2.jpg",".jpg","35133","0.034","10/03/47 01:28:40 م"
"01_fooocus\Fooocus-main_canonical\Fooocus-main\sdxl_styles\samples\random_style.jpg","D:\zzipp\جي بي\الكميرا\_organized_generation_workspace_20260612\01_fooocus\Fooocus-main_canonical\Fooocus-main\sdxl_styles\samples\random_style.jpg","random_style.jpg",".jpg","1454","0.001","10/03/47 01:28:40 م"
"01_fooocus\Fooocus-main_canonical\Fooocus-main\sdxl_styles\samples\rococo.jpg","D:\zzipp\جي بي\الكميرا\_organized_generation_workspace_20260612\01_fooocus\Fooocus-main_canonical\Fooocus-main\sdxl_styles\samples\rococo.jpg","rococo.jpg",".jpg","37900","0.036","10/03/47 01:28:40 م"
"01_fooocus\Fooocus-main_canonical\Fooocus-main\sdxl_styles\samples\sai_3d_model.jpg","D:\zzipp\جي بي\الكميرا\_organized_generation_workspace_20260612\01_fooocus\Fooocus-main_canonical\Fooocus-main\sdxl_styles\samples\sai_3d_model.jpg","sai_3d_model.jpg",".jpg","17087","0.016","10/03/47 01:28:40 م"
"01_fooocus\Fooocus-main_canonical\Fooocus-main\sdxl_styles\samples\sai_analog_film.jpg","D:\zzipp\جي بي\الكميرا\_organized_generation_workspace_20260612\01_fooocus\Fooocus-main_canonical\Fooocus-main\sdxl_styles\samples\sai_analog_film.jpg","sai_analog_film.jpg",".jpg","24405","0.023","10/03/47 01:28:40 م"
"01_fooocus\Fooocus-main_canonical\Fooocus-main\sdxl_styles\samples\sai_anime.jpg","D:\zzipp\جي بي\الكميرا\_organized_generation_workspace_20260612\01_fooocus\Fooocus-main_canonical\Fooocus-main\sdxl_styles\samples\sai_anime.jpg","sai_anime.jpg",".jpg","29150","0.028","10/03/47 01:28:40 م"
"01_fooocus\Fooocus-main_canonical\Fooocus-main\sdxl_styles\samples\sai_cinematic.jpg","D:\zzipp\جي بي\الكميرا\_organized_generation_workspace_20260612\01_fooocus\Fooocus-main_canonical\Fooocus-main\sdxl_styles\samples\sai_cinematic.jpg","sai_cinematic.jpg",".jpg","25497","0.024","10/03/47 01:28:40 م"
"01_fooocus\Fooocus-main_canonical\Fooocus-main\sdxl_styles\samples\sai_comic_book.jpg","D:\zzipp\جي بي\الكميرا\_organized_generation_workspace_20260612\01_fooocus\Fooocus-main_canonical\Fooocus-main\sdxl_styles\samples\sai_comic_book.jpg","sai_comic_book.jpg",".jpg","27342","0.026","10/03/47 01:28:40 م"
"01_fooocus\Fooocus-main_canonical\Fooocus-main\sdxl_styles\samples\sai_craft_clay.jpg","D:\zzipp\جي بي\الكميرا\_organized_generation_workspace_20260612\01_fooocus\Fooocus-main_canonical\Fooocus-main\sdxl_styles\samples\sai_craft_clay.jpg","sai_craft_clay.jpg",".jpg","19842","0.019","10/03/47 01:28:40 م"
"01_fooocus\Fooocus-main_canonical\Fooocus-main\sdxl_styles\samples\sai_digital_art.jpg","D:\zzipp\جي بي\الكميرا\_organized_generation_workspace_20260612\01_fooocus\Fooocus-main_canonical\Fooocus-main\sdxl_styles\samples\sai_digital_art.jpg","sai_digital_art.jpg",".jpg","23601","0.023","10/03/47 01:28:40 م"
"01_fooocus\Fooocus-main_canonical\Fooocus-main\sdxl_styles\samples\sai_enhance.jpg","D:\zzipp\جي بي\الكميرا\_organized_generation_workspace_20260612\01_fooocus\Fooocus-main_canonical\Fooocus-main\sdxl_styles\samples\sai_enhance.jpg","sai_enhance.jpg",".jpg","20942","0.02","10/03/47 01:28:40 م"
"01_fooocus\Fooocus-main_canonical\Fooocus-main\sdxl_styles\samples\sai_fantasy_art.jpg","D:\zzipp\جي بي\الكميرا\_organized_generation_workspace_20260612\01_fooocus\Fooocus-main_canonical\Fooocus-main\sdxl_styles\samples\sai_fantasy_art.jpg","sai_fantasy_art.jpg",".jpg","28140","0.027","10/03/47 01:28:40 م"
"01_fooocus\Fooocus-main_canonical\Fooocus-main\sdxl_styles\samples\sai_isometric.jpg","D:\zzipp\جي بي\الكميرا\_organized_generation_workspace_20260612\01_fooocus\Fooocus-main_canonical\Fooocus-main\sdxl_styles\samples\sai_isometric.jpg","sai_isometric.jpg",".jpg","21152","0.02","10/03/47 01:28:40 م"
"01_fooocus\Fooocus-main_canonical\Fooocus-main\sdxl_styles\samples\sai_line_art.jpg","D:\zzipp\جي بي\الكميرا\_organized_generation_workspace_20260612\01_fooocus\Fooocus-main_canonical\Fooocus-main\sdxl_styles\samples\sai_line_art.jpg","sai_line_art.jpg",".jpg","10939","0.01","10/03/47 01:28:40 م"
"01_fooocus\Fooocus-main_canonical\Fooocus-main\sdxl_styles\samples\sai_lowpoly.jpg","D:\zzipp\جي بي\الكميرا\_organized_generation_workspace_20260612\01_fooocus\Fooocus-main_canonical\Fooocus-main\sdxl_styles\samples\sai_lowpoly.jpg","sai_lowpoly.jpg",".jpg","20273","0.019","10/03/47 01:28:40 م"
"01_fooocus\Fooocus-main_canonical\Fooocus-main\sdxl_styles\samples\sai_neonpunk.jpg","D:\zzipp\جي بي\الكميرا\_organized_generation_workspace_20260612\01_fooocus\Fooocus-main_canonical\Fooocus-main\sdxl_styles\samples\sai_neonpunk.jpg","sai_neonpunk.jpg",".jpg","32841","0.031","10/03/47 01:28:40 م"
"01_fooocus\Fooocus-main_canonical\Fooocus-main\sdxl_styles\samples\sai_origami.jpg","D:\zzipp\جي بي\الكميرا\_organized_generation_workspace_20260612\01_fooocus\Fooocus-main_canonical\Fooocus-main\sdxl_styles\samples\sai_origami.jpg","sai_origami.jpg",".jpg","21323","0.02","10/03/47 01:28:40 م"
"01_fooocus\Fooocus-main_canonical\Fooocus-main\sdxl_styles\samples\sai_photographic.jpg","D:\zzipp\جي بي\الكميرا\_organized_generation_workspace_20260612\01_fooocus\Fooocus-main_canonical\Fooocus-main\sdxl_styles\samples\sai_photographic.jpg","sai_photographic.jpg",".jpg","25201","0.024","10/03/47 01:28:40 م"
"01_fooocus\Fooocus-main_canonical\Fooocus-main\sdxl_styles\samples\sai_pixel_art.jpg","D:\zzipp\جي بي\الكميرا\_organized_generation_workspace_20260612\01_fooocus\Fooocus-main_canonical\Fooocus-main\sdxl_styles\samples\sai_pixel_art.jpg","sai_pixel_art.jpg",".jpg","25597","0.024","10/03/47 01:28:40 م"
"01_fooocus\Fooocus-main_canonical\Fooocus-main\sdxl_styles\samples\sai_texture.jpg","D:\zzipp\جي بي\الكميرا\_organized_generation_workspace_20260612\01_fooocus\Fooocus-main_canonical\Fooocus-main\sdxl_styles\samples\sai_texture.jpg","sai_texture.jpg",".jpg","26198","0.025","10/03/47 01:28:40 م"
"01_fooocus\Fooocus-main_canonical\Fooocus-main\sdxl_styles\samples\silhouette_art.jpg","D:\zzipp\جي بي\الكميرا\_organized_generation_workspace_20260612\01_fooocus\Fooocus-main_canonical\Fooocus-main\sdxl_styles\samples\silhouette_art.jpg","silhouette_art.jpg",".jpg","13781","0.013","10/03/47 01:28:40 م"
"01_fooocus\Fooocus-main_canonical\Fooocus-main\sdxl_styles\samples\simple_vector_art.jpg","D:\zzipp\جي بي\الكميرا\_organized_generation_workspace_20260612\01_fooocus\Fooocus-main_canonical\Fooocus-main\sdxl_styles\samples\simple_vector_art.jpg","simple_vector_art.jpg",".jpg","12029","0.011","10/03/47 01:28:40 م"
"01_fooocus\Fooocus-main_canonical\Fooocus-main\sdxl_styles\samples\sketchup.jpg","D:\zzipp\جي بي\الكميرا\_organized_generation_workspace_20260612\01_fooocus\Fooocus-main_canonical\Fooocus-main\sdxl_styles\samples\sketchup.jpg","sketchup.jpg",".jpg","13847","0.013","10/03/47 01:28:40 م"
"01_fooocus\Fooocus-main_canonical\Fooocus-main\sdxl_styles\samples\steampunk_2.jpg","D:\zzipp\جي بي\الكميرا\_organized_generation_workspace_20260612\01_fooocus\Fooocus-main_canonical\Fooocus-main\sdxl_styles\samples\steampunk_2.jpg","steampunk_2.jpg",".jpg","33819","0.032","10/03/47 01:28:40 م"
"01_fooocus\Fooocus-main_canonical\Fooocus-main\sdxl_styles\samples\sticker_designs.jpg","D:\zzipp\جي بي\الكميرا\_organized_generation_workspace_20260612\01_fooocus\Fooocus-main_canonical\Fooocus-main\sdxl_styles\samples\sticker_designs.jpg","sticker_designs.jpg",".jpg","31785","0.03","10/03/47 01:28:40 م"
"01_fooocus\Fooocus-main_canonical\Fooocus-main\sdxl_styles\samples\suprematism.jpg","D:\zzipp\جي بي\الكميرا\_organized_generation_workspace_20260612\01_fooocus\Fooocus-main_canonical\Fooocus-main\sdxl_styles\samples\suprematism.jpg","suprematism.jpg",".jpg","21291","0.02","10/03/47 01:28:40 م"
"01_fooocus\Fooocus-main_canonical\Fooocus-main\sdxl_styles\samples\surrealism.jpg","D:\zzipp\جي بي\الكميرا\_organized_generation_workspace_20260612\01_fooocus\Fooocus-main_canonical\Fooocus-main\sdxl_styles\samples\surrealism.jpg","surrealism.jpg",".jpg","24047","0.023","10/03/47 01:28:40 م"
"01_fooocus\Fooocus-main_canonical\Fooocus-main\sdxl_styles\samples\terragen.jpg","D:\zzipp\جي بي\الكميرا\_organized_generation_workspace_20260612\01_fooocus\Fooocus-main_canonical\Fooocus-main\sdxl_styles\samples\terragen.jpg","terragen.jpg",".jpg","27343","0.026","10/03/47 01:28:40 م"
"01_fooocus\Fooocus-main_canonical\Fooocus-main\sdxl_styles\samples\tranquil_relaxing_atmosphere.jpg","D:\zzipp\جي بي\الكميرا\_organized_generation_workspace_20260612\01_fooocus\Fooocus-main_canonical\Fooocus-main\sdxl_styles\samples\tranquil_relaxing_atmosphere.jpg","tranquil_relaxing_atmosphere.jpg",".jpg","21176","0.02","10/03/47 01:28:40 م"
"01_fooocus\Fooocus-main_canonical\Fooocus-main\sdxl_styles\samples\vibrant_rim_light.jpg","D:\zzipp\جي بي\الكميرا\_organized_generation_workspace_20260612\01_fooocus\Fooocus-main_canonical\Fooocus-main\sdxl_styles\samples\vibrant_rim_light.jpg","vibrant_rim_light.jpg",".jpg","23551","0.022","10/03/47 01:28:40 م"
"01_fooocus\Fooocus-main_canonical\Fooocus-main\sdxl_styles\samples\volumetric_lighting.jpg","D:\zzipp\جي بي\الكميرا\_organized_generation_workspace_20260612\01_fooocus\Fooocus-main_canonical\Fooocus-main\sdxl_styles\samples\volumetric_lighting.jpg","volumetric_lighting.jpg",".jpg","22614","0.022","10/03/47 01:28:40 م"
"01_fooocus\Fooocus-main_canonical\Fooocus-main\sdxl_styles\samples\watercolor_2.jpg","D:\zzipp\جي بي\الكميرا\_organized_generation_workspace_20260612\01_fooocus\Fooocus-main_canonical\Fooocus-main\sdxl_styles\samples\watercolor_2.jpg","watercolor_2.jpg",".jpg","30947","0.03","10/03/47 01:28:40 م"
"01_fooocus\Fooocus-main_canonical\Fooocus-main\sdxl_styles\samples\whimsical_and_playful.jpg","D:\zzipp\جي بي\الكميرا\_organized_generation_workspace_20260612\01_fooocus\Fooocus-main_canonical\Fooocus-main\sdxl_styles\samples\whimsical_and_playful.jpg","whimsical_and_playful.jpg",".jpg","43174","0.041","10/03/47 01:28:40 م"
"01_fooocus\Fooocus-main_canonical\Fooocus-main\outputs\2026-06-12\2026-06-12_11-26-11_8531.png","D:\zzipp\جي بي\الكميرا\_organized_generation_workspace_20260612\01_fooocus\Fooocus-main_canonical\Fooocus-main\outputs\2026-06-12\2026-06-12_11-26-11_8531.png","2026-06-12_11-26-11_8531.png",".png","455285","0.434","26/12/47 11:26:14 ص"
"01_fooocus\Fooocus-main_canonical\Fooocus-main\outputs\2026-06-12\2026-06-12_11-34-30_8434.png","D:\zzipp\جي بي\الكميرا\_organized_generation_workspace_20260612\01_fooocus\Fooocus-main_canonical\Fooocus-main\outputs\2026-06-12\2026-06-12_11-34-30_8434.png","2026-06-12_11-34-30_8434.png",".png","456509","0.435","26/12/47 11:34:32 ص"
"01_fooocus\Fooocus-main_canonical\Fooocus-main\outputs\2026-06-12\2026-06-12_11-43-46_7985.png","D:\zzipp\جي بي\الكميرا\_organized_generation_workspace_20260612\01_fooocus\Fooocus-main_canonical\Fooocus-main\outputs\2026-06-12\2026-06-12_11-43-46_7985.png","2026-06-12_11-43-46_7985.png",".png","456700","0.436","26/12/47 11:43:48 ص"
"01_fooocus\Fooocus-main_canonical\Fooocus-main\outputs\2026-06-12\2026-06-12_11-56-19_8147.png","D:\zzipp\جي بي\الكميرا\_organized_generation_workspace_20260612\01_fooocus\Fooocus-main_canonical\Fooocus-main\outputs\2026-06-12\2026-06-12_11-56-19_8147.png","2026-06-12_11-56-19_8147.png",".png","1787871","1.705","26/12/47 11:56:20 ص"
"01_fooocus\Fooocus-main_canonical\Fooocus-main\outputs\2026-06-12\2026-06-12_12-18-19_3856.png","D:\zzipp\جي بي\الكميرا\_organized_generation_workspace_20260612\01_fooocus\Fooocus-main_canonical\Fooocus-main\outputs\2026-06-12\2026-06-12_12-18-19_3856.png","2026-06-12_12-18-19_3856.png",".png","456705","0.436","26/12/47 12:18:22 م"
"01_fooocus\Fooocus-main_canonical\Fooocus-main\outputs\2026-06-12\2026-06-12_12-44-19_8093.png","D:\zzipp\جي بي\الكميرا\_organized_generation_workspace_20260612\01_fooocus\Fooocus-main_canonical\Fooocus-main\outputs\2026-06-12\2026-06-12_12-44-19_8093.png","2026-06-12_12-44-19_8093.png",".png","233363","0.223","26/12/47 12:44:20 م"
"01_fooocus\entry_with_update_full\sdxl_styles\samples\abstract_expressionism.jpg","D:\zzipp\جي بي\الكميرا\_organized_generation_workspace_20260612\01_fooocus\entry_with_update_full\sdxl_styles\samples\abstract_expressionism.jpg","abstract_expressionism.jpg",".jpg","30109","0.029","11/01/46 01:20:50 م"
"01_fooocus\entry_with_update_full\sdxl_styles\samples\academia.jpg","D:\zzipp\جي بي\الكميرا\_organized_generation_workspace_20260612\01_fooocus\entry_with_update_full\sdxl_styles\samples\academia.jpg","academia.jpg",".jpg","29098","0.028","11/01/46 01:20:50 م"
"01_fooocus\entry_with_update_full\sdxl_styles\samples\action_figure.jpg","D:\zzipp\جي بي\الكميرا\_organized_generation_workspace_20260612\01_fooocus\entry_with_update_full\sdxl_styles\samples\action_figure.jpg","action_figure.jpg",".jpg","19890","0.019","11/01/46 01:20:50 م"
"01_fooocus\entry_with_update_full\sdxl_styles\samples\adorable_3d_character.jpg","D:\zzipp\جي بي\الكميرا\_organized_generation_workspace_20260612\01_fooocus\entry_with_update_full\sdxl_styles\samples\adorable_3d_character.jpg","adorable_3d_character.jpg",".jpg","20179","0.019","11/01/46 01:20:50 م"
"01_fooocus\entry_with_update_full\sdxl_styles\samples\adorable_kawaii.jpg","D:\zzipp\جي بي\الكميرا\_organized_generation_workspace_20260612\01_fooocus\entry_with_update_full\sdxl_styles\samples\adorable_kawaii.jpg","adorable_kawaii.jpg",".jpg","24606","0.023","11/01/46 01:20:50 م"
"01_fooocus\entry_with_update_full\sdxl_styles\samples\ads_advertising.jpg","D:\zzipp\جي بي\الكميرا\_organized_generation_workspace_20260612\01_fooocus\entry_with_update_full\sdxl_styles\samples\ads_advertising.jpg","ads_advertising.jpg",".jpg","22363","0.021","11/01/46 01:20:50 م"
"01_fooocus\entry_with_update_full\sdxl_styles\samples\ads_automotive.jpg","D:\zzipp\جي بي\الكميرا\_organized_generation_workspace_20260612\01_fooocus\entry_with_update_full\sdxl_styles\samples\ads_automotive.jpg","ads_automotive.jpg",".jpg","17314","0.017","11/01/46 01:20:50 م"
"01_fooocus\entry_with_update_full\sdxl_styles\samples\ads_corporate.jpg","D:\zzipp\جي بي\الكميرا\_organized_generation_workspace_20260612\01_fooocus\entry_with_update_full\sdxl_styles\samples\ads_corporate.jpg","ads_corporate.jpg",".jpg","12076","0.012","11/01/46 01:20:50 م"
"01_fooocus\entry_with_update_full\sdxl_styles\samples\ads_fashion_editorial.jpg","D:\zzipp\جي بي\الكميرا\_organized_generation_workspace_20260612\01_fooocus\entry_with_update_full\sdxl_styles\samples\ads_fashion_editorial.jpg","ads_fashion_editorial.jpg",".jpg","20181","0.019","11/01/46 01:20:50 م"
"01_fooocus\entry_with_update_full\sdxl_styles\samples\ads_food_photography.jpg","D:\zzipp\جي بي\الكميرا\_organized_generation_workspace_20260612\01_fooocus\entry_with_update_full\sdxl_styles\samples\ads_food_photography.jpg","ads_food_photography.jpg",".jpg","21856","0.021","11/01/46 01:20:50 م"
"01_fooocus\entry_with_update_full\sdxl_styles\samples\ads_gourmet_food_photography.jpg","D:\zzipp\جي بي\الكميرا\_organized_generation_workspace_20260612\01_fooocus\entry_with_update_full\sdxl_styles\samples\ads_gourmet_food_photography.jpg","ads_gourmet_food_photography.jpg",".jpg","29371","0.028","11/01/46 01:20:50 م"
"01_fooocus\entry_with_update_full\sdxl_styles\samples\ads_luxury.jpg","D:\zzipp\جي بي\الكميرا\_organized_generation_workspace_20260612\01_fooocus\entry_with_update_full\sdxl_styles\samples\ads_luxury.jpg","ads_luxury.jpg",".jpg","19954","0.019","11/01/46 01:20:50 م"
"01_fooocus\entry_with_update_full\sdxl_styles\samples\ads_real_estate.jpg","D:\zzipp\جي بي\الكميرا\_organized_generation_workspace_20260612\01_fooocus\entry_with_update_full\sdxl_styles\samples\ads_real_estate.jpg","ads_real_estate.jpg",".jpg","22476","0.021","11/01/46 01:20:50 م"
"01_fooocus\entry_with_update_full\sdxl_styles\samples\ads_retail.jpg","D:\zzipp\جي بي\الكميرا\_organized_generation_workspace_20260612\01_fooocus\entry_with_update_full\sdxl_styles\samples\ads_retail.jpg","ads_retail.jpg",".jpg","26148","0.025","11/01/46 01:20:50 م"
"01_fooocus\entry_with_update_full\sdxl_styles\samples\art_deco.jpg","D:\zzipp\جي بي\الكميرا\_organized_generation_workspace_20260612\01_fooocus\entry_with_update_full\sdxl_styles\samples\art_deco.jpg","art_deco.jpg",".jpg","30234","0.029","11/01/46 01:20:50 م"
"01_fooocus\entry_with_update_full\sdxl_styles\samples\art_nouveau.jpg","D:\zzipp\جي بي\الكميرا\_organized_generation_workspace_20260612\01_fooocus\entry_with_update_full\sdxl_styles\samples\art_nouveau.jpg","art_nouveau.jpg",".jpg","36642","0.035","11/01/46 01:20:50 م"
"01_fooocus\entry_with_update_full\sdxl_styles\samples\artstyle_abstract_expressionism.jpg","D:\zzipp\جي بي\الكميرا\_organized_generation_workspace_20260612\01_fooocus\entry_with_update_full\sdxl_styles\samples\artstyle_abstract_expressionism.jpg","artstyle_abstract_expressionism.jpg",".jpg","43068","0.041","11/01/46 01:20:50 م"
"01_fooocus\entry_with_update_full\sdxl_styles\samples\artstyle_abstract.jpg","D:\zzipp\جي بي\الكميرا\_organized_generation_workspace_20260612\01_fooocus\entry_with_update_full\sdxl_styles\samples\artstyle_abstract.jpg","artstyle_abstract.jpg",".jpg","39894","0.038","11/01/46 01:20:50 م"
"01_fooocus\entry_with_update_full\sdxl_styles\samples\artstyle_art_deco.jpg","D:\zzipp\جي بي\الكميرا\_organized_generation_workspace_20260612\01_fooocus\entry_with_update_full\sdxl_styles\samples\artstyle_art_deco.jpg","artstyle_art_deco.jpg",".jpg","46954","0.045","11/01/46 01:20:50 م"
"01_fooocus\entry_with_update_full\sdxl_styles\samples\artstyle_art_nouveau.jpg","D:\zzipp\جي بي\الكميرا\_organized_generation_workspace_20260612\01_fooocus\entry_with_update_full\sdxl_styles\samples\artstyle_art_nouveau.jpg","artstyle_art_nouveau.jpg",".jpg","41408","0.039","11/01/46 01:20:50 م"
"01_fooocus\entry_with_update_full\sdxl_styles\samples\artstyle_constructivist.jpg","D:\zzipp\جي بي\الكميرا\_organized_generation_workspace_20260612\01_fooocus\entry_with_update_full\sdxl_styles\samples\artstyle_constructivist.jpg","artstyle_constructivist.jpg",".jpg","29065","0.028","11/01/46 01:20:50 م"
"01_fooocus\entry_with_update_full\sdxl_styles\samples\artstyle_cubist.jpg","D:\zzipp\جي بي\الكميرا\_organized_generation_workspace_20260612\01_fooocus\entry_with_update_full\sdxl_styles\samples\artstyle_cubist.jpg","artstyle_cubist.jpg",".jpg","23538","0.022","11/01/46 01:20:50 م"
"01_fooocus\entry_with_update_full\sdxl_styles\samples\artstyle_expressionist.jpg","D:\zzipp\جي بي\الكميرا\_organized_generation_workspace_20260612\01_fooocus\entry_with_update_full\sdxl_styles\samples\artstyle_expressionist.jpg","artstyle_expressionist.jpg",".jpg","43406","0.041","11/01/46 01:20:50 م"
"01_fooocus\entry_with_update_full\sdxl_styles\samples\artstyle_graffiti.jpg","D:\zzipp\جي بي\الكميرا\_organized_generation_workspace_20260612\01_fooocus\entry_with_update_full\sdxl_styles\samples\artstyle_graffiti.jpg","artstyle_graffiti.jpg",".jpg","39353","0.038","11/01/46 01:20:50 م"
"01_fooocus\entry_with_update_full\sdxl_styles\samples\artstyle_hyperrealism.jpg","D:\zzipp\جي بي\الكميرا\_organized_generation_workspace_20260612\01_fooocus\entry_with_update_full\sdxl_styles\samples\artstyle_hyperrealism.jpg","artstyle_hyperrealism.jpg",".jpg","23905","0.023","11/01/46 01:20:50 م"
"01_fooocus\entry_with_update_full\sdxl_styles\samples\artstyle_impressionist.jpg","D:\zzipp\جي بي\الكميرا\_organized_generation_workspace_20260612\01_fooocus\entry_with_update_full\sdxl_styles\samples\artstyle_impressionist.jpg","artstyle_impressionist.jpg",".jpg","30077","0.029","11/01/46 01:20:50 م"
"01_fooocus\entry_with_update_full\sdxl_styles\samples\artstyle_pointillism.jpg","D:\zzipp\جي بي\الكميرا\_organized_generation_workspace_20260612\01_fooocus\entry_with_update_full\sdxl_styles\samples\artstyle_pointillism.jpg","artstyle_pointillism.jpg",".jpg","39952","0.038","11/01/46 01:20:50 م"
"01_fooocus\entry_with_update_full\sdxl_styles\samples\artstyle_pop_art.jpg","D:\zzipp\جي بي\الكميرا\_organized_generation_workspace_20260612\01_fooocus\entry_with_update_full\sdxl_styles\samples\artstyle_pop_art.jpg","artstyle_pop_art.jpg",".jpg","37929","0.036","11/01/46 01:20:50 م"
"01_fooocus\entry_with_update_full\sdxl_styles\samples\artstyle_psychedelic.jpg","D:\zzipp\جي بي\الكميرا\_organized_generation_workspace_20260612\01_fooocus\entry_with_update_full\sdxl_styles\samples\artstyle_psychedelic.jpg","artstyle_psychedelic.jpg",".jpg","47578","0.045","11/01/46 01:20:50 م"
"01_fooocus\entry_with_update_full\sdxl_styles\samples\artstyle_renaissance.jpg","D:\zzipp\جي بي\الكميرا\_organized_generation_workspace_20260612\01_fooocus\entry_with_update_full\sdxl_styles\samples\artstyle_renaissance.jpg","artstyle_renaissance.jpg",".jpg","25526","0.024","11/01/46 01:20:50 م"
"01_fooocus\entry_with_update_full\sdxl_styles\samples\artstyle_steampunk.jpg","D:\zzipp\جي بي\الكميرا\_organized_generation_workspace_20260612\01_fooocus\entry_with_update_full\sdxl_styles\samples\artstyle_steampunk.jpg","artstyle_steampunk.jpg",".jpg","25161","0.024","11/01/46 01:20:50 م"
"01_fooocus\entry_with_update_full\sdxl_styles\samples\artstyle_surrealist.jpg","D:\zzipp\جي بي\الكميرا\_organized_generation_workspace_20260612\01_fooocus\entry_with_update_full\sdxl_styles\samples\artstyle_surrealist.jpg","artstyle_surrealist.jpg",".jpg","26451","0.025","11/01/46 01:20:50 م"
"01_fooocus\entry_with_update_full\sdxl_styles\samples\artstyle_typography.jpg","D:\zzipp\جي بي\الكميرا\_organized_generation_workspace_20260612\01_fooocus\entry_with_update_full\sdxl_styles\samples\artstyle_typography.jpg","artstyle_typography.jpg",".jpg","28071","0.027","11/01/46 01:20:50 م"
"01_fooocus\entry_with_update_full\sdxl_styles\samples\artstyle_watercolor.jpg","D:\zzipp\جي بي\الكميرا\_organized_generation_workspace_20260612\01_fooocus\entry_with_update_full\sdxl_styles\samples\artstyle_watercolor.jpg","artstyle_watercolor.jpg",".jpg","33534","0.032","11/01/46 01:20:50 م"
"01_fooocus\entry_with_update_full\sdxl_styles\samples\astral_aura.jpg","D:\zzipp\جي بي\الكميرا\_organized_generation_workspace_20260612\01_fooocus\entry_with_update_full\sdxl_styles\samples\astral_aura.jpg","astral_aura.jpg",".jpg","32543","0.031","11/01/46 01:20:50 م"
"01_fooocus\entry_with_update_full\sdxl_styles\samples\avant_garde.jpg","D:\zzipp\جي بي\الكميرا\_organized_generation_workspace_20260612\01_fooocus\entry_with_update_full\sdxl_styles\samples\avant_garde.jpg","avant_garde.jpg",".jpg","18204","0.017","11/01/46 01:20:50 م"
"01_fooocus\entry_with_update_full\sdxl_styles\samples\baroque.jpg","D:\zzipp\جي بي\الكميرا\_organized_generation_workspace_20260612\01_fooocus\entry_with_update_full\sdxl_styles\samples\baroque.jpg","baroque.jpg",".jpg","33789","0.032","11/01/46 01:20:50 م"
"01_fooocus\entry_with_update_full\sdxl_styles\samples\bauhaus_style_poster.jpg","D:\zzipp\جي بي\الكميرا\_organized_generation_workspace_20260612\01_fooocus\entry_with_update_full\sdxl_styles\samples\bauhaus_style_poster.jpg","bauhaus_style_poster.jpg",".jpg","24066","0.023","11/01/46 01:20:50 م"
"01_fooocus\entry_with_update_full\sdxl_styles\samples\blueprint_schematic_drawing.jpg","D:\zzipp\جي بي\الكميرا\_organized_generation_workspace_20260612\01_fooocus\entry_with_update_full\sdxl_styles\samples\blueprint_schematic_drawing.jpg","blueprint_schematic_drawing.jpg",".jpg","17659","0.017","11/01/46 01:20:50 م"
"01_fooocus\entry_with_update_full\sdxl_styles\samples\caricature.jpg","D:\zzipp\جي بي\الكميرا\_organized_generation_workspace_20260612\01_fooocus\entry_with_update_full\sdxl_styles\samples\caricature.jpg","caricature.jpg",".jpg","25523","0.024","11/01/46 01:20:50 م"
"01_fooocus\entry_with_update_full\sdxl_styles\samples\cel_shaded_art.jpg","D:\zzipp\جي بي\الكميرا\_organized_generation_workspace_20260612\01_fooocus\entry_with_update_full\sdxl_styles\samples\cel_shaded_art.jpg","cel_shaded_art.jpg",".jpg","21970","0.021","11/01/46 01:20:50 م"
"01_fooocus\entry_with_update_full\sdxl_styles\samples\character_design_sheet.jpg","D:\zzipp\جي بي\الكميرا\_organized_generation_workspace_20260612\01_fooocus\entry_with_update_full\sdxl_styles\samples\character_design_sheet.jpg","character_design_sheet.jpg",".jpg","30771","0.029","11/01/46 01:20:50 م"
"01_fooocus\entry_with_update_full\sdxl_styles\samples\cinematic_diva.jpg","D:\zzipp\جي بي\الكميرا\_organized_generation_workspace_20260612\01_fooocus\entry_with_update_full\sdxl_styles\samples\cinematic_diva.jpg","cinematic_diva.jpg",".jpg","27446","0.026","11/01/46 01:20:50 م"
"01_fooocus\entry_with_update_full\sdxl_styles\samples\classicism_art.jpg","D:\zzipp\جي بي\الكميرا\_organized_generation_workspace_20260612\01_fooocus\entry_with_update_full\sdxl_styles\samples\classicism_art.jpg","classicism_art.jpg",".jpg","26754","0.026","11/01/46 01:20:50 م"
"01_fooocus\entry_with_update_full\sdxl_styles\samples\color_field_painting.jpg","D:\zzipp\جي بي\الكميرا\_organized_generation_workspace_20260612\01_fooocus\entry_with_update_full\sdxl_styles\samples\color_field_painting.jpg","color_field_painting.jpg",".jpg","25350","0.024","11/01/46 01:20:50 م"
"01_fooocus\entry_with_update_full\sdxl_styles\samples\colored_pencil_art.jpg","D:\zzipp\جي بي\الكميرا\_organized_generation_workspace_20260612\01_fooocus\entry_with_update_full\sdxl_styles\samples\colored_pencil_art.jpg","colored_pencil_art.jpg",".jpg","28864","0.028","11/01/46 01:20:50 م"
"01_fooocus\entry_with_update_full\sdxl_styles\samples\conceptual_art.jpg","D:\zzipp\جي بي\الكميرا\_organized_generation_workspace_20260612\01_fooocus\entry_with_update_full\sdxl_styles\samples\conceptual_art.jpg","conceptual_art.jpg",".jpg","20035","0.019","11/01/46 01:20:50 م"
"01_fooocus\entry_with_update_full\sdxl_styles\samples\constructivism.jpg","D:\zzipp\جي بي\الكميرا\_organized_generation_workspace_20260612\01_fooocus\entry_with_update_full\sdxl_styles\samples\constructivism.jpg","constructivism.jpg",".jpg","18820","0.018","11/01/46 01:20:50 م"
"01_fooocus\entry_with_update_full\sdxl_styles\samples\cubism.jpg","D:\zzipp\جي بي\الكميرا\_organized_generation_workspace_20260612\01_fooocus\entry_with_update_full\sdxl_styles\samples\cubism.jpg","cubism.jpg",".jpg","31588","0.03","11/01/46 01:20:50 م"
"01_fooocus\entry_with_update_full\sdxl_styles\samples\dadaism.jpg","D:\zzipp\جي بي\الكميرا\_organized_generation_workspace_20260612\01_fooocus\entry_with_update_full\sdxl_styles\samples\dadaism.jpg","dadaism.jpg",".jpg","29820","0.028","11/01/46 01:20:50 م"
"01_fooocus\entry_with_update_full\sdxl_styles\samples\dark_fantasy.jpg","D:\zzipp\جي بي\الكميرا\_organized_generation_workspace_20260612\01_fooocus\entry_with_update_full\sdxl_styles\samples\dark_fantasy.jpg","dark_fantasy.jpg",".jpg","22364","0.021","11/01/46 01:20:50 م"
"01_fooocus\entry_with_update_full\sdxl_styles\samples\dark_moody_atmosphere.jpg","D:\zzipp\جي بي\الكميرا\_organized_generation_workspace_20260612\01_fooocus\entry_with_update_full\sdxl_styles\samples\dark_moody_atmosphere.jpg","dark_moody_atmosphere.jpg",".jpg","14650","0.014","11/01/46 01:20:50 م"
"01_fooocus\entry_with_update_full\sdxl_styles\samples\dmt_art_style.jpg","D:\zzipp\جي بي\الكميرا\_organized_generation_workspace_20260612\01_fooocus\entry_with_update_full\sdxl_styles\samples\dmt_art_style.jpg","dmt_art_style.jpg",".jpg","47079","0.045","11/01/46 01:20:50 م"
"01_fooocus\entry_with_update_full\sdxl_styles\samples\doodle_art.jpg","D:\zzipp\جي بي\الكميرا\_organized_generation_workspace_20260612\01_fooocus\entry_with_update_full\sdxl_styles\samples\doodle_art.jpg","doodle_art.jpg",".jpg","23203","0.022","11/01/46 01:20:50 م"
"01_fooocus\entry_with_update_full\sdxl_styles\samples\double_exposure.jpg","D:\zzipp\جي بي\الكميرا\_organized_generation_workspace_20260612\01_fooocus\entry_with_update_full\sdxl_styles\samples\double_exposure.jpg","double_exposure.jpg",".jpg","24494","0.023","11/01/46 01:20:50 م"
"01_fooocus\entry_with_update_full\sdxl_styles\samples\dripping_paint_splatter_art.jpg","D:\zzipp\جي بي\الكميرا\_organized_generation_workspace_20260612\01_fooocus\entry_with_update_full\sdxl_styles\samples\dripping_paint_splatter_art.jpg","dripping_paint_splatter_art.jpg",".jpg","29641","0.028","11/01/46 01:20:50 م"
"01_fooocus\entry_with_update_full\sdxl_styles\samples\expressionism.jpg","D:\zzipp\جي بي\الكميرا\_organized_generation_workspace_20260612\01_fooocus\entry_with_update_full\sdxl_styles\samples\expressionism.jpg","expressionism.jpg",".jpg","36184","0.035","11/01/46 01:20:50 م"
"01_fooocus\entry_with_update_full\sdxl_styles\samples\faded_polaroid_photo.jpg","D:\zzipp\جي بي\الكميرا\_organized_generation_workspace_20260612\01_fooocus\entry_with_update_full\sdxl_styles\samples\faded_polaroid_photo.jpg","faded_polaroid_photo.jpg",".jpg","21798","0.021","11/01/46 01:20:50 م"
"01_fooocus\entry_with_update_full\sdxl_styles\samples\fauvism.jpg","D:\zzipp\جي بي\الكميرا\_organized_generation_workspace_20260612\01_fooocus\entry_with_update_full\sdxl_styles\samples\fauvism.jpg","fauvism.jpg",".jpg","39229","0.037","11/01/46 01:20:50 م"
"01_fooocus\entry_with_update_full\sdxl_styles\samples\flat_2d_art.jpg","D:\zzipp\جي بي\الكميرا\_organized_generation_workspace_20260612\01_fooocus\entry_with_update_full\sdxl_styles\samples\flat_2d_art.jpg","flat_2d_art.jpg",".jpg","17504","0.017","11/01/46 01:20:50 م"
"01_fooocus\entry_with_update_full\sdxl_styles\samples\fooocus_cinematic.jpg","D:\zzipp\جي بي\الكميرا\_organized_generation_workspace_20260612\01_fooocus\entry_with_update_full\sdxl_styles\samples\fooocus_cinematic.jpg","fooocus_cinematic.jpg",".jpg","25341","0.024","11/01/46 01:20:50 م"
"01_fooocus\entry_with_update_full\sdxl_styles\samples\fooocus_enhance.jpg","D:\zzipp\جي بي\الكميرا\_organized_generation_workspace_20260612\01_fooocus\entry_with_update_full\sdxl_styles\samples\fooocus_enhance.jpg","fooocus_enhance.jpg",".jpg","23156","0.022","11/01/46 01:20:50 م"
"01_fooocus\entry_with_update_full\sdxl_styles\samples\fooocus_masterpiece.jpg","D:\zzipp\جي بي\الكميرا\_organized_generation_workspace_20260612\01_fooocus\entry_with_update_full\sdxl_styles\samples\fooocus_masterpiece.jpg","fooocus_masterpiece.jpg",".jpg","21849","0.021","11/01/46 01:20:50 م"
"01_fooocus\entry_with_update_full\sdxl_styles\samples\fooocus_negative.jpg","D:\zzipp\جي بي\الكميرا\_organized_generation_workspace_20260612\01_fooocus\entry_with_update_full\sdxl_styles\samples\fooocus_negative.jpg","fooocus_negative.jpg",".jpg","23330","0.022","11/01/46 01:20:50 م"
"01_fooocus\entry_with_update_full\sdxl_styles\samples\fooocus_photograph.jpg","D:\zzipp\جي بي\الكميرا\_organized_generation_workspace_20260612\01_fooocus\entry_with_update_full\sdxl_styles\samples\fooocus_photograph.jpg","fooocus_photograph.jpg",".jpg","25952","0.025","11/01/46 01:20:50 م"
"01_fooocus\entry_with_update_full\sdxl_styles\samples\fooocus_pony.jpg","D:\zzipp\جي بي\الكميرا\_organized_generation_workspace_20260612\01_fooocus\entry_with_update_full\sdxl_styles\samples\fooocus_pony.jpg","fooocus_pony.jpg",".jpg","5200","0.005","11/01/46 01:20:50 م"
"01_fooocus\entry_with_update_full\sdxl_styles\samples\fooocus_semi_realistic.jpg","D:\zzipp\جي بي\الكميرا\_organized_generation_workspace_20260612\01_fooocus\entry_with_update_full\sdxl_styles\samples\fooocus_semi_realistic.jpg","fooocus_semi_realistic.jpg",".jpg","8565","0.008","11/01/46 01:20:50 م"
"01_fooocus\entry_with_update_full\sdxl_styles\samples\fooocus_sharp.jpg","D:\zzipp\جي بي\الكميرا\_organized_generation_workspace_20260612\01_fooocus\entry_with_update_full\sdxl_styles\samples\fooocus_sharp.jpg","fooocus_sharp.jpg",".jpg","23319","0.022","11/01/46 01:20:50 م"
"01_fooocus\entry_with_update_full\sdxl_styles\samples\fooocus_v2.jpg","D:\zzipp\جي بي\الكميرا\_organized_generation_workspace_20260612\01_fooocus\entry_with_update_full\sdxl_styles\samples\fooocus_v2.jpg","fooocus_v2.jpg",".jpg","24007","0.023","11/01/46 01:20:50 م"
"01_fooocus\entry_with_update_full\sdxl_styles\samples\fortnite_art_style.jpg","D:\zzipp\جي بي\الكميرا\_organized_generation_workspace_20260612\01_fooocus\entry_with_update_full\sdxl_styles\samples\fortnite_art_style.jpg","fortnite_art_style.jpg",".jpg","25256","0.024","11/01/46 01:20:50 م"
"01_fooocus\entry_with_update_full\sdxl_styles\samples\futurism.jpg","D:\zzipp\جي بي\الكميرا\_organized_generation_workspace_20260612\01_fooocus\entry_with_update_full\sdxl_styles\samples\futurism.jpg","futurism.jpg",".jpg","33946","0.032","11/01/46 01:20:50 م"
"01_fooocus\entry_with_update_full\sdxl_styles\samples\futuristic_biomechanical_cyberpunk.jpg","D:\zzipp\جي بي\الكميرا\_organized_generation_workspace_20260612\01_fooocus\entry_with_update_full\sdxl_styles\samples\futuristic_biomechanical_cyberpunk.jpg","futuristic_biomechanical_cyberpunk.jpg",".jpg","22922","0.022","11/01/46 01:20:50 م"
"01_fooocus\entry_with_update_full\sdxl_styles\samples\futuristic_biomechanical.jpg","D:\zzipp\جي بي\الكميرا\_organized_generation_workspace_20260612\01_fooocus\entry_with_update_full\sdxl_styles\samples\futuristic_biomechanical.jpg","futuristic_biomechanical.jpg",".jpg","21898","0.021","11/01/46 01:20:50 م"
"01_fooocus\entry_with_update_full\sdxl_styles\samples\futuristic_cybernetic_robot.jpg","D:\zzipp\جي بي\الكميرا\_organized_generation_workspace_20260612\01_fooocus\entry_with_update_full\sdxl_styles\samples\futuristic_cybernetic_robot.jpg","futuristic_cybernetic_robot.jpg",".jpg","23059","0.022","11/01/46 01:20:50 م"
"01_fooocus\entry_with_update_full\sdxl_styles\samples\futuristic_cybernetic.jpg","D:\zzipp\جي بي\الكميرا\_organized_generation_workspace_20260612\01_fooocus\entry_with_update_full\sdxl_styles\samples\futuristic_cybernetic.jpg","futuristic_cybernetic.jpg",".jpg","21767","0.021","11/01/46 01:20:50 م"
"01_fooocus\entry_with_update_full\sdxl_styles\samples\futuristic_cyberpunk_cityscape.jpg","D:\zzipp\جي بي\الكميرا\_organized_generation_workspace_20260612\01_fooocus\entry_with_update_full\sdxl_styles\samples\futuristic_cyberpunk_cityscape.jpg","futuristic_cyberpunk_cityscape.jpg",".jpg","36249","0.035","11/01/46 01:20:50 م"
"01_fooocus\entry_with_update_full\sdxl_styles\samples\futuristic_futuristic.jpg","D:\zzipp\جي بي\الكميرا\_organized_generation_workspace_20260612\01_fooocus\entry_with_update_full\sdxl_styles\samples\futuristic_futuristic.jpg","futuristic_futuristic.jpg",".jpg","19352","0.018","11/01/46 01:20:50 م"
"01_fooocus\entry_with_update_full\sdxl_styles\samples\futuristic_retro_cyberpunk.jpg","D:\zzipp\جي بي\الكميرا\_organized_generation_workspace_20260612\01_fooocus\entry_with_update_full\sdxl_styles\samples\futuristic_retro_cyberpunk.jpg","futuristic_retro_cyberpunk.jpg",".jpg","35526","0.034","11/01/46 01:20:50 م"
"01_fooocus\entry_with_update_full\sdxl_styles\samples\futuristic_retro_futurism.jpg","D:\zzipp\جي بي\الكميرا\_organized_generation_workspace_20260612\01_fooocus\entry_with_update_full\sdxl_styles\samples\futuristic_retro_futurism.jpg","futuristic_retro_futurism.jpg",".jpg","33230","0.032","11/01/46 01:20:50 م"
"01_fooocus\entry_with_update_full\sdxl_styles\samples\futuristic_sci_fi.jpg","D:\zzipp\جي بي\الكميرا\_organized_generation_workspace_20260612\01_fooocus\entry_with_update_full\sdxl_styles\samples\futuristic_sci_fi.jpg","futuristic_sci_fi.jpg",".jpg","24144","0.023","11/01/46 01:20:50 م"
"01_fooocus\entry_with_update_full\sdxl_styles\samples\futuristic_vaporwave.jpg","D:\zzipp\جي بي\الكميرا\_organized_generation_workspace_20260612\01_fooocus\entry_with_update_full\sdxl_styles\samples\futuristic_vaporwave.jpg","futuristic_vaporwave.jpg",".jpg","35793","0.034","11/01/46 01:20:50 م"
"01_fooocus\entry_with_update_full\sdxl_styles\samples\game_bubble_bobble.jpg","D:\zzipp\جي بي\الكميرا\_organized_generation_workspace_20260612\01_fooocus\entry_with_update_full\sdxl_styles\samples\game_bubble_bobble.jpg","game_bubble_bobble.jpg",".jpg","28292","0.027","11/01/46 01:20:50 م"
"01_fooocus\entry_with_update_full\sdxl_styles\samples\game_cyberpunk_game.jpg","D:\zzipp\جي بي\الكميرا\_organized_generation_workspace_20260612\01_fooocus\entry_with_update_full\sdxl_styles\samples\game_cyberpunk_game.jpg","game_cyberpunk_game.jpg",".jpg","33820","0.032","11/01/46 01:20:50 م"
"01_fooocus\entry_with_update_full\sdxl_styles\samples\game_fighting_game.jpg","D:\zzipp\جي بي\الكميرا\_organized_generation_workspace_20260612\01_fooocus\entry_with_update_full\sdxl_styles\samples\game_fighting_game.jpg","game_fighting_game.jpg",".jpg","28083","0.027","11/01/46 01:20:50 م"
"01_fooocus\entry_with_update_full\sdxl_styles\samples\game_gta.jpg","D:\zzipp\جي بي\الكميرا\_organized_generation_workspace_20260612\01_fooocus\entry_with_update_full\sdxl_styles\samples\game_gta.jpg","game_gta.jpg",".jpg","38714","0.037","11/01/46 01:20:50 م"
"01_fooocus\entry_with_update_full\sdxl_styles\samples\game_mario.jpg","D:\zzipp\جي بي\الكميرا\_organized_generation_workspace_20260612\01_fooocus\entry_with_update_full\sdxl_styles\samples\game_mario.jpg","game_mario.jpg",".jpg","22911","0.022","11/01/46 01:20:50 م"
"01_fooocus\entry_with_update_full\sdxl_styles\samples\game_minecraft.jpg","D:\zzipp\جي بي\الكميرا\_organized_generation_workspace_20260612\01_fooocus\entry_with_update_full\sdxl_styles\samples\game_minecraft.jpg","game_minecraft.jpg",".jpg","27250","0.026","11/01/46 01:20:50 م"
"01_fooocus\entry_with_update_full\sdxl_styles\samples\game_pokemon.jpg","D:\zzipp\جي بي\الكميرا\_organized_generation_workspace_20260612\01_fooocus\entry_with_update_full\sdxl_styles\samples\game_pokemon.jpg","game_pokemon.jpg",".jpg","23637","0.023","11/01/46 01:20:50 م"
"01_fooocus\entry_with_update_full\sdxl_styles\samples\game_retro_arcade.jpg","D:\zzipp\جي بي\الكميرا\_organized_generation_workspace_20260612\01_fooocus\entry_with_update_full\sdxl_styles\samples\game_retro_arcade.jpg","game_retro_arcade.jpg",".jpg","25434","0.024","11/01/46 01:20:50 م"
"01_fooocus\entry_with_update_full\sdxl_styles\samples\game_retro_game.jpg","D:\zzipp\جي بي\الكميرا\_organized_generation_workspace_20260612\01_fooocus\entry_with_update_full\sdxl_styles\samples\game_retro_game.jpg","game_retro_game.jpg",".jpg","40854","0.039","11/01/46 01:20:50 م"
"01_fooocus\entry_with_update_full\sdxl_styles\samples\game_rpg_fantasy_game.jpg","D:\zzipp\جي بي\الكميرا\_organized_generation_workspace_20260612\01_fooocus\entry_with_update_full\sdxl_styles\samples\game_rpg_fantasy_game.jpg","game_rpg_fantasy_game.jpg",".jpg","31778","0.03","11/01/46 01:20:50 م"
"01_fooocus\entry_with_update_full\sdxl_styles\samples\game_strategy_game.jpg","D:\zzipp\جي بي\الكميرا\_organized_generation_workspace_20260612\01_fooocus\entry_with_update_full\sdxl_styles\samples\game_strategy_game.jpg","game_strategy_game.jpg",".jpg","40624","0.039","11/01/46 01:20:50 م"
"01_fooocus\entry_with_update_full\sdxl_styles\samples\game_streetfighter.jpg","D:\zzipp\جي بي\الكميرا\_organized_generation_workspace_20260612\01_fooocus\entry_with_update_full\sdxl_styles\samples\game_streetfighter.jpg","game_streetfighter.jpg",".jpg","30223","0.029","11/01/46 01:20:50 م"
"01_fooocus\entry_with_update_full\sdxl_styles\samples\game_zelda.jpg","D:\zzipp\جي بي\الكميرا\_organized_generation_workspace_20260612\01_fooocus\entry_with_update_full\sdxl_styles\samples\game_zelda.jpg","game_zelda.jpg",".jpg","25663","0.024","11/01/46 01:20:50 م"
"01_fooocus\entry_with_update_full\sdxl_styles\samples\glitchcore.jpg","D:\zzipp\جي بي\الكميرا\_organized_generation_workspace_20260612\01_fooocus\entry_with_update_full\sdxl_styles\samples\glitchcore.jpg","glitchcore.jpg",".jpg","34579","0.033","11/01/46 01:20:50 م"
"01_fooocus\entry_with_update_full\sdxl_styles\samples\glo_fi.jpg","D:\zzipp\جي بي\الكميرا\_organized_generation_workspace_20260612\01_fooocus\entry_with_update_full\sdxl_styles\samples\glo_fi.jpg","glo_fi.jpg",".jpg","36145","0.034","11/01/46 01:20:50 م"
"01_fooocus\entry_with_update_full\sdxl_styles\samples\googie_art_style.jpg","D:\zzipp\جي بي\الكميرا\_organized_generation_workspace_20260612\01_fooocus\entry_with_update_full\sdxl_styles\samples\googie_art_style.jpg","googie_art_style.jpg",".jpg","27940","0.027","11/01/46 01:20:50 م"
"01_fooocus\entry_with_update_full\sdxl_styles\samples\graffiti_art.jpg","D:\zzipp\جي بي\الكميرا\_organized_generation_workspace_20260612\01_fooocus\entry_with_update_full\sdxl_styles\samples\graffiti_art.jpg","graffiti_art.jpg",".jpg","41525","0.04","11/01/46 01:20:50 م"
"01_fooocus\entry_with_update_full\sdxl_styles\samples\harlem_renaissance_art.jpg","D:\zzipp\جي بي\الكميرا\_organized_generation_workspace_20260612\01_fooocus\entry_with_update_full\sdxl_styles\samples\harlem_renaissance_art.jpg","harlem_renaissance_art.jpg",".jpg","36673","0.035","11/01/46 01:20:50 م"
"01_fooocus\entry_with_update_full\sdxl_styles\samples\high_fashion.jpg","D:\zzipp\جي بي\الكميرا\_organized_generation_workspace_20260612\01_fooocus\entry_with_update_full\sdxl_styles\samples\high_fashion.jpg","high_fashion.jpg",".jpg","22049","0.021","11/01/46 01:20:50 م"
"01_fooocus\entry_with_update_full\sdxl_styles\samples\idyllic.jpg","D:\zzipp\جي بي\الكميرا\_organized_generation_workspace_20260612\01_fooocus\entry_with_update_full\sdxl_styles\samples\idyllic.jpg","idyllic.jpg",".jpg","24524","0.023","11/01/46 01:20:50 م"
"01_fooocus\entry_with_update_full\sdxl_styles\samples\impressionism.jpg","D:\zzipp\جي بي\الكميرا\_organized_generation_workspace_20260612\01_fooocus\entry_with_update_full\sdxl_styles\samples\impressionism.jpg","impressionism.jpg",".jpg","32614","0.031","11/01/46 01:20:50 م"
"01_fooocus\entry_with_update_full\sdxl_styles\samples\infographic_drawing.jpg","D:\zzipp\جي بي\الكميرا\_organized_generation_workspace_20260612\01_fooocus\entry_with_update_full\sdxl_styles\samples\infographic_drawing.jpg","infographic_drawing.jpg",".jpg","27721","0.026","11/01/46 01:20:50 م"
"01_fooocus\entry_with_update_full\sdxl_styles\samples\ink_dripping_drawing.jpg","D:\zzipp\جي بي\الكميرا\_organized_generation_workspace_20260612\01_fooocus\entry_with_update_full\sdxl_styles\samples\ink_dripping_drawing.jpg","ink_dripping_drawing.jpg",".jpg","17893","0.017","11/01/46 01:20:50 م"
"01_fooocus\entry_with_update_full\sdxl_styles\samples\japanese_ink_drawing.jpg","D:\zzipp\جي بي\الكميرا\_organized_generation_workspace_20260612\01_fooocus\entry_with_update_full\sdxl_styles\samples\japanese_ink_drawing.jpg","japanese_ink_drawing.jpg",".jpg","21805","0.021","11/01/46 01:20:50 م"
"01_fooocus\entry_with_update_full\sdxl_styles\samples\knolling_photography.jpg","D:\zzipp\جي بي\الكميرا\_organized_generation_workspace_20260612\01_fooocus\entry_with_update_full\sdxl_styles\samples\knolling_photography.jpg","knolling_photography.jpg",".jpg","26087","0.025","11/01/46 01:20:50 م"
"01_fooocus\entry_with_update_full\sdxl_styles\samples\light_cheery_atmosphere.jpg","D:\zzipp\جي بي\الكميرا\_organized_generation_workspace_20260612\01_fooocus\entry_with_update_full\sdxl_styles\samples\light_cheery_atmosphere.jpg","light_cheery_atmosphere.jpg",".jpg","25779","0.025","11/01/46 01:20:50 م"
"01_fooocus\entry_with_update_full\sdxl_styles\samples\logo_design.jpg","D:\zzipp\جي بي\الكميرا\_organized_generation_workspace_20260612\01_fooocus\entry_with_update_full\sdxl_styles\samples\logo_design.jpg","logo_design.jpg",".jpg","14496","0.014","11/01/46 01:20:50 م"
"01_fooocus\entry_with_update_full\sdxl_styles\samples\luxurious_elegance.jpg","D:\zzipp\جي بي\الكميرا\_organized_generation_workspace_20260612\01_fooocus\entry_with_update_full\sdxl_styles\samples\luxurious_elegance.jpg","luxurious_elegance.jpg",".jpg","31242","0.03","11/01/46 01:20:50 م"
"01_fooocus\entry_with_update_full\sdxl_styles\samples\macro_photography.jpg","D:\zzipp\جي بي\الكميرا\_organized_generation_workspace_20260612\01_fooocus\entry_with_update_full\sdxl_styles\samples\macro_photography.jpg","macro_photography.jpg",".jpg","29688","0.028","11/01/46 01:20:50 م"
"01_fooocus\entry_with_update_full\sdxl_styles\samples\mandola_art.jpg","D:\zzipp\جي بي\الكميرا\_organized_generation_workspace_20260612\01_fooocus\entry_with_update_full\sdxl_styles\samples\mandola_art.jpg","mandola_art.jpg",".jpg","29440","0.028","11/01/46 01:20:50 م"
"01_fooocus\entry_with_update_full\sdxl_styles\samples\marker_drawing.jpg","D:\zzipp\جي بي\الكميرا\_organized_generation_workspace_20260612\01_fooocus\entry_with_update_full\sdxl_styles\samples\marker_drawing.jpg","marker_drawing.jpg",".jpg","35027","0.033","11/01/46 01:20:50 م"
"01_fooocus\entry_with_update_full\sdxl_styles\samples\medievalism.jpg","D:\zzipp\جي بي\الكميرا\_organized_generation_workspace_20260612\01_fooocus\entry_with_update_full\sdxl_styles\samples\medievalism.jpg","medievalism.jpg",".jpg","46579","0.044","11/01/46 01:20:50 م"
"01_fooocus\entry_with_update_full\sdxl_styles\samples\minimalism.jpg","D:\zzipp\جي بي\الكميرا\_organized_generation_workspace_20260612\01_fooocus\entry_with_update_full\sdxl_styles\samples\minimalism.jpg","minimalism.jpg",".jpg","17664","0.017","11/01/46 01:20:50 م"
"01_fooocus\entry_with_update_full\sdxl_styles\samples\misc_architectural.jpg","D:\zzipp\جي بي\الكميرا\_organized_generation_workspace_20260612\01_fooocus\entry_with_update_full\sdxl_styles\samples\misc_architectural.jpg","misc_architectural.jpg",".jpg","12479","0.012","11/01/46 01:20:50 م"
"01_fooocus\entry_with_update_full\sdxl_styles\samples\misc_disco.jpg","D:\zzipp\جي بي\الكميرا\_organized_generation_workspace_20260612\01_fooocus\entry_with_update_full\sdxl_styles\samples\misc_disco.jpg","misc_disco.jpg",".jpg","31828","0.03","11/01/46 01:20:50 م"
"01_fooocus\entry_with_update_full\sdxl_styles\samples\misc_dreamscape.jpg","D:\zzipp\جي بي\الكميرا\_organized_generation_workspace_20260612\01_fooocus\entry_with_update_full\sdxl_styles\samples\misc_dreamscape.jpg","misc_dreamscape.jpg",".jpg","27416","0.026","11/01/46 01:20:50 م"
"01_fooocus\entry_with_update_full\sdxl_styles\samples\misc_dystopian.jpg","D:\zzipp\جي بي\الكميرا\_organized_generation_workspace_20260612\01_fooocus\entry_with_update_full\sdxl_styles\samples\misc_dystopian.jpg","misc_dystopian.jpg",".jpg","26652","0.025","11/01/46 01:20:50 م"
"01_fooocus\entry_with_update_full\sdxl_styles\samples\misc_fairy_tale.jpg","D:\zzipp\جي بي\الكميرا\_organized_generation_workspace_20260612\01_fooocus\entry_with_update_full\sdxl_styles\samples\misc_fairy_tale.jpg","misc_fairy_tale.jpg",".jpg","27944","0.027","11/01/46 01:20:50 م"
"01_fooocus\entry_with_update_full\sdxl_styles\samples\misc_gothic.jpg","D:\zzipp\جي بي\الكميرا\_organized_generation_workspace_20260612\01_fooocus\entry_with_update_full\sdxl_styles\samples\misc_gothic.jpg","misc_gothic.jpg",".jpg","25484","0.024","11/01/46 01:20:50 م"
"01_fooocus\entry_with_update_full\sdxl_styles\samples\misc_grunge.jpg","D:\zzipp\جي بي\الكميرا\_organized_generation_workspace_20260612\01_fooocus\entry_with_update_full\sdxl_styles\samples\misc_grunge.jpg","misc_grunge.jpg",".jpg","37391","0.036","11/01/46 01:20:50 م"
"01_fooocus\entry_with_update_full\sdxl_styles\samples\misc_horror.jpg","D:\zzipp\جي بي\الكميرا\_organized_generation_workspace_20260612\01_fooocus\entry_with_update_full\sdxl_styles\samples\misc_horror.jpg","misc_horror.jpg",".jpg","19612","0.019","11/01/46 01:20:50 م"
"01_fooocus\entry_with_update_full\sdxl_styles\samples\misc_kawaii.jpg","D:\zzipp\جي بي\الكميرا\_organized_generation_workspace_20260612\01_fooocus\entry_with_update_full\sdxl_styles\samples\misc_kawaii.jpg","misc_kawaii.jpg",".jpg","24538","0.023","11/01/46 01:20:50 م"
"01_fooocus\entry_with_update_full\sdxl_styles\samples\misc_lovecraftian.jpg","D:\zzipp\جي بي\الكميرا\_organized_generation_workspace_20260612\01_fooocus\entry_with_update_full\sdxl_styles\samples\misc_lovecraftian.jpg","misc_lovecraftian.jpg",".jpg","30186","0.029","11/01/46 01:20:50 م"
"01_fooocus\entry_with_update_full\sdxl_styles\samples\misc_macabre.jpg","D:\zzipp\جي بي\الكميرا\_organized_generation_workspace_20260612\01_fooocus\entry_with_update_full\sdxl_styles\samples\misc_macabre.jpg","misc_macabre.jpg",".jpg","18237","0.017","11/01/46 01:20:50 م"
"01_fooocus\entry_with_update_full\sdxl_styles\samples\misc_manga.jpg","D:\zzipp\جي بي\الكميرا\_organized_generation_workspace_20260612\01_fooocus\entry_with_update_full\sdxl_styles\samples\misc_manga.jpg","misc_manga.jpg",".jpg","41095","0.039","11/01/46 01:20:50 م"
"01_fooocus\entry_with_update_full\sdxl_styles\samples\misc_metropolis.jpg","D:\zzipp\جي بي\الكميرا\_organized_generation_workspace_20260612\01_fooocus\entry_with_update_full\sdxl_styles\samples\misc_metropolis.jpg","misc_metropolis.jpg",".jpg","25659","0.024","11/01/46 01:20:50 م"
"01_fooocus\entry_with_update_full\sdxl_styles\samples\misc_minimalist.jpg","D:\zzipp\جي بي\الكميرا\_organized_generation_workspace_20260612\01_fooocus\entry_with_update_full\sdxl_styles\samples\misc_minimalist.jpg","misc_minimalist.jpg",".jpg","13395","0.013","11/01/46 01:20:50 م"
"01_fooocus\entry_with_update_full\sdxl_styles\samples\misc_monochrome.jpg","D:\zzipp\جي بي\الكميرا\_organized_generation_workspace_20260612\01_fooocus\entry_with_update_full\sdxl_styles\samples\misc_monochrome.jpg","misc_monochrome.jpg",".jpg","14690","0.014","11/01/46 01:20:50 م"
"01_fooocus\entry_with_update_full\sdxl_styles\samples\misc_nautical.jpg","D:\zzipp\جي بي\الكميرا\_organized_generation_workspace_20260612\01_fooocus\entry_with_update_full\sdxl_styles\samples\misc_nautical.jpg","misc_nautical.jpg",".jpg","29630","0.028","11/01/46 01:20:50 م"
"01_fooocus\entry_with_update_full\sdxl_styles\samples\misc_space.jpg","D:\zzipp\جي بي\الكميرا\_organized_generation_workspace_20260612\01_fooocus\entry_with_update_full\sdxl_styles\samples\misc_space.jpg","misc_space.jpg",".jpg","33012","0.031","11/01/46 01:20:50 م"
"01_fooocus\entry_with_update_full\sdxl_styles\samples\misc_stained_glass.jpg","D:\zzipp\جي بي\الكميرا\_organized_generation_workspace_20260612\01_fooocus\entry_with_update_full\sdxl_styles\samples\misc_stained_glass.jpg","misc_stained_glass.jpg",".jpg","41526","0.04","11/01/46 01:20:50 م"
"01_fooocus\entry_with_update_full\sdxl_styles\samples\misc_techwear_fashion.jpg","D:\zzipp\جي بي\الكميرا\_organized_generation_workspace_20260612\01_fooocus\entry_with_update_full\sdxl_styles\samples\misc_techwear_fashion.jpg","misc_techwear_fashion.jpg",".jpg","20697","0.02","11/01/46 01:20:50 م"
"01_fooocus\entry_with_update_full\sdxl_styles\samples\misc_tribal.jpg","D:\zzipp\جي بي\الكميرا\_organized_generation_workspace_20260612\01_fooocus\entry_with_update_full\sdxl_styles\samples\misc_tribal.jpg","misc_tribal.jpg",".jpg","45155","0.043","11/01/46 01:20:50 م"
"01_fooocus\entry_with_update_full\sdxl_styles\samples\misc_zentangle.jpg","D:\zzipp\جي بي\الكميرا\_organized_generation_workspace_20260612\01_fooocus\entry_with_update_full\sdxl_styles\samples\misc_zentangle.jpg","misc_zentangle.jpg",".jpg","23940","0.023","11/01/46 01:20:50 م"
"01_fooocus\entry_with_update_full\sdxl_styles\samples\mk_adnate_style.jpg","D:\zzipp\جي بي\الكميرا\_organized_generation_workspace_20260612\01_fooocus\entry_with_update_full\sdxl_styles\samples\mk_adnate_style.jpg","mk_adnate_style.jpg",".jpg","26738","0.025","11/01/46 01:20:50 م"
"01_fooocus\entry_with_update_full\sdxl_styles\samples\mk_afrofuturism.jpg","D:\zzipp\جي بي\الكميرا\_organized_generation_workspace_20260612\01_fooocus\entry_with_update_full\sdxl_styles\samples\mk_afrofuturism.jpg","mk_afrofuturism.jpg",".jpg","36045","0.034","11/01/46 01:20:50 م"
"01_fooocus\entry_with_update_full\sdxl_styles\samples\mk_albumen_print.jpg","D:\zzipp\جي بي\الكميرا\_organized_generation_workspace_20260612\01_fooocus\entry_with_update_full\sdxl_styles\samples\mk_albumen_print.jpg","mk_albumen_print.jpg",".jpg","22720","0.022","11/01/46 01:20:50 م"
"01_fooocus\entry_with_update_full\sdxl_styles\samples\mk_alcohol_ink_art.jpg","D:\zzipp\جي بي\الكميرا\_organized_generation_workspace_20260612\01_fooocus\entry_with_update_full\sdxl_styles\samples\mk_alcohol_ink_art.jpg","mk_alcohol_ink_art.jpg",".jpg","38324","0.037","11/01/46 01:20:50 م"
"01_fooocus\entry_with_update_full\sdxl_styles\samples\mk_andy_warhol.jpg","D:\zzipp\جي بي\الكميرا\_organized_generation_workspace_20260612\01_fooocus\entry_with_update_full\sdxl_styles\samples\mk_andy_warhol.jpg","mk_andy_warhol.jpg",".jpg","41526","0.04","11/01/46 01:20:50 م"
"01_fooocus\entry_with_update_full\sdxl_styles\samples\mk_anthotype_print.jpg","D:\zzipp\جي بي\الكميرا\_organized_generation_workspace_20260612\01_fooocus\entry_with_update_full\sdxl_styles\samples\mk_anthotype_print.jpg","mk_anthotype_print.jpg",".jpg","22678","0.022","11/01/46 01:20:50 م"
"01_fooocus\entry_with_update_full\sdxl_styles\samples\mk_aquatint_print.jpg","D:\zzipp\جي بي\الكميرا\_organized_generation_workspace_20260612\01_fooocus\entry_with_update_full\sdxl_styles\samples\mk_aquatint_print.jpg","mk_aquatint_print.jpg",".jpg","28331","0.027","11/01/46 01:20:50 م"
"01_fooocus\entry_with_update_full\sdxl_styles\samples\mk_atompunk.jpg","D:\zzipp\جي بي\الكميرا\_organized_generation_workspace_20260612\01_fooocus\entry_with_update_full\sdxl_styles\samples\mk_atompunk.jpg","mk_atompunk.jpg",".jpg","28608","0.027","11/01/46 01:20:50 م"
"01_fooocus\entry_with_update_full\sdxl_styles\samples\mk_basquiat.jpg","D:\zzipp\جي بي\الكميرا\_organized_generation_workspace_20260612\01_fooocus\entry_with_update_full\sdxl_styles\samples\mk_basquiat.jpg","mk_basquiat.jpg",".jpg","40186","0.038","11/01/46 01:20:50 م"
"01_fooocus\entry_with_update_full\sdxl_styles\samples\mk_bauhaus_style.jpg","D:\zzipp\جي بي\الكميرا\_organized_generation_workspace_20260612\01_fooocus\entry_with_update_full\sdxl_styles\samples\mk_bauhaus_style.jpg","mk_bauhaus_style.jpg",".jpg","18747","0.018","11/01/46 01:20:50 م"
"01_fooocus\entry_with_update_full\sdxl_styles\samples\mk_blacklight_paint.jpg","D:\zzipp\جي بي\الكميرا\_organized_generation_workspace_20260612\01_fooocus\entry_with_update_full\sdxl_styles\samples\mk_blacklight_paint.jpg","mk_blacklight_paint.jpg",".jpg","36144","0.034","11/01/46 01:20:50 م"
"01_fooocus\entry_with_update_full\sdxl_styles\samples\mk_bromoil_print.jpg","D:\zzipp\جي بي\الكميرا\_organized_generation_workspace_20260612\01_fooocus\entry_with_update_full\sdxl_styles\samples\mk_bromoil_print.jpg","mk_bromoil_print.jpg",".jpg","26433","0.025","11/01/46 01:20:50 م"
"01_fooocus\entry_with_update_full\sdxl_styles\samples\mk_calotype_print.jpg","D:\zzipp\جي بي\الكميرا\_organized_generation_workspace_20260612\01_fooocus\entry_with_update_full\sdxl_styles\samples\mk_calotype_print.jpg","mk_calotype_print.jpg",".jpg","21738","0.021","11/01/46 01:20:50 م"
"01_fooocus\entry_with_update_full\sdxl_styles\samples\mk_carnival_glass.jpg","D:\zzipp\جي بي\الكميرا\_organized_generation_workspace_20260612\01_fooocus\entry_with_update_full\sdxl_styles\samples\mk_carnival_glass.jpg","mk_carnival_glass.jpg",".jpg","27955","0.027","11/01/46 01:20:50 م"
"01_fooocus\entry_with_update_full\sdxl_styles\samples\mk_chicano_art.jpg","D:\zzipp\جي بي\الكميرا\_organized_generation_workspace_20260612\01_fooocus\entry_with_update_full\sdxl_styles\samples\mk_chicano_art.jpg","mk_chicano_art.jpg",".jpg","43541","0.042","11/01/46 01:20:50 م"
"01_fooocus\entry_with_update_full\sdxl_styles\samples\mk_chromolithography.jpg","D:\zzipp\جي بي\الكميرا\_organized_generation_workspace_20260612\01_fooocus\entry_with_update_full\sdxl_styles\samples\mk_chromolithography.jpg","mk_chromolithography.jpg",".jpg","39890","0.038","11/01/46 01:20:50 م"
"01_fooocus\entry_with_update_full\sdxl_styles\samples\mk_cibulak_porcelain.jpg","D:\zzipp\جي بي\الكميرا\_organized_generation_workspace_20260612\01_fooocus\entry_with_update_full\sdxl_styles\samples\mk_cibulak_porcelain.jpg","mk_cibulak_porcelain.jpg",".jpg","19593","0.019","11/01/46 01:20:50 م"
"01_fooocus\entry_with_update_full\sdxl_styles\samples\mk_color_sketchnote.jpg","D:\zzipp\جي بي\الكميرا\_organized_generation_workspace_20260612\01_fooocus\entry_with_update_full\sdxl_styles\samples\mk_color_sketchnote.jpg","mk_color_sketchnote.jpg",".jpg","40562","0.039","11/01/46 01:20:50 م"
"01_fooocus\entry_with_update_full\sdxl_styles\samples\mk_coloring_book.jpg","D:\zzipp\جي بي\الكميرا\_organized_generation_workspace_20260612\01_fooocus\entry_with_update_full\sdxl_styles\samples\mk_coloring_book.jpg","mk_coloring_book.jpg",".jpg","20531","0.02","11/01/46 01:20:50 م"
"01_fooocus\entry_with_update_full\sdxl_styles\samples\mk_constructivism.jpg","D:\zzipp\جي بي\الكميرا\_organized_generation_workspace_20260612\01_fooocus\entry_with_update_full\sdxl_styles\samples\mk_constructivism.jpg","mk_constructivism.jpg",".jpg","29021","0.028","11/01/46 01:20:50 م"
"01_fooocus\entry_with_update_full\sdxl_styles\samples\mk_cross_processing_print.jpg","D:\zzipp\جي بي\الكميرا\_organized_generation_workspace_20260612\01_fooocus\entry_with_update_full\sdxl_styles\samples\mk_cross_processing_print.jpg","mk_cross_processing_print.jpg",".jpg","28999","0.028","11/01/46 01:20:50 م"
"01_fooocus\entry_with_update_full\sdxl_styles\samples\mk_cross_stitching.jpg","D:\zzipp\جي بي\الكميرا\_organized_generation_workspace_20260612\01_fooocus\entry_with_update_full\sdxl_styles\samples\mk_cross_stitching.jpg","mk_cross_stitching.jpg",".jpg","33688","0.032","11/01/46 01:20:50 م"
"01_fooocus\entry_with_update_full\sdxl_styles\samples\mk_cyanotype_print.jpg","D:\zzipp\جي بي\الكميرا\_organized_generation_workspace_20260612\01_fooocus\entry_with_update_full\sdxl_styles\samples\mk_cyanotype_print.jpg","mk_cyanotype_print.jpg",".jpg","26707","0.025","11/01/46 01:20:50 م"
"01_fooocus\entry_with_update_full\sdxl_styles\samples\mk_dayak_art.jpg","D:\zzipp\جي بي\الكميرا\_organized_generation_workspace_20260612\01_fooocus\entry_with_update_full\sdxl_styles\samples\mk_dayak_art.jpg","mk_dayak_art.jpg",".jpg","29088","0.028","11/01/46 01:20:50 م"
"01_fooocus\entry_with_update_full\sdxl_styles\samples\mk_de_stijl.jpg","D:\zzipp\جي بي\الكميرا\_organized_generation_workspace_20260612\01_fooocus\entry_with_update_full\sdxl_styles\samples\mk_de_stijl.jpg","mk_de_stijl.jpg",".jpg","19115","0.018","11/01/46 01:20:50 م"
"01_fooocus\entry_with_update_full\sdxl_styles\samples\mk_dufaycolor_photograph.jpg","D:\zzipp\جي بي\الكميرا\_organized_generation_workspace_20260612\01_fooocus\entry_with_update_full\sdxl_styles\samples\mk_dufaycolor_photograph.jpg","mk_dufaycolor_photograph.jpg",".jpg","23515","0.022","11/01/46 01:20:50 م"
"01_fooocus\entry_with_update_full\sdxl_styles\samples\mk_embroidery.jpg","D:\zzipp\جي بي\الكميرا\_organized_generation_workspace_20260612\01_fooocus\entry_with_update_full\sdxl_styles\samples\mk_embroidery.jpg","mk_embroidery.jpg",".jpg","39556","0.038","11/01/46 01:20:50 م"
"01_fooocus\entry_with_update_full\sdxl_styles\samples\mk_encaustic_paint.jpg","D:\zzipp\جي بي\الكميرا\_organized_generation_workspace_20260612\01_fooocus\entry_with_update_full\sdxl_styles\samples\mk_encaustic_paint.jpg","mk_encaustic_paint.jpg",".jpg","38898","0.037","11/01/46 01:20:50 م"
"01_fooocus\entry_with_update_full\sdxl_styles\samples\mk_fayum_portrait.jpg","D:\zzipp\جي بي\الكميرا\_organized_generation_workspace_20260612\01_fooocus\entry_with_update_full\sdxl_styles\samples\mk_fayum_portrait.jpg","mk_fayum_portrait.jpg",".jpg","29298","0.028","11/01/46 01:20:50 م"
"01_fooocus\entry_with_update_full\sdxl_styles\samples\mk_gond_painting.jpg","D:\zzipp\جي بي\الكميرا\_organized_generation_workspace_20260612\01_fooocus\entry_with_update_full\sdxl_styles\samples\mk_gond_painting.jpg","mk_gond_painting.jpg",".jpg","43206","0.041","11/01/46 01:20:50 م"
"01_fooocus\entry_with_update_full\sdxl_styles\samples\mk_gyotaku.jpg","D:\zzipp\جي بي\الكميرا\_organized_generation_workspace_20260612\01_fooocus\entry_with_update_full\sdxl_styles\samples\mk_gyotaku.jpg","mk_gyotaku.jpg",".jpg","24725","0.024","11/01/46 01:20:50 م"
"01_fooocus\entry_with_update_full\sdxl_styles\samples\mk_halftone_print.jpg","D:\zzipp\جي بي\الكميرا\_organized_generation_workspace_20260612\01_fooocus\entry_with_update_full\sdxl_styles\samples\mk_halftone_print.jpg","mk_halftone_print.jpg",".jpg","29840","0.028","11/01/46 01:20:50 م"
"01_fooocus\entry_with_update_full\sdxl_styles\samples\mk_herbarium.jpg","D:\zzipp\جي بي\الكميرا\_organized_generation_workspace_20260612\01_fooocus\entry_with_update_full\sdxl_styles\samples\mk_herbarium.jpg","mk_herbarium.jpg",".jpg","25207","0.024","11/01/46 01:20:50 م"
"01_fooocus\entry_with_update_full\sdxl_styles\samples\mk_illuminated_manuscript.jpg","D:\zzipp\جي بي\الكميرا\_organized_generation_workspace_20260612\01_fooocus\entry_with_update_full\sdxl_styles\samples\mk_illuminated_manuscript.jpg","mk_illuminated_manuscript.jpg",".jpg","44321","0.042","11/01/46 01:20:50 م"
"01_fooocus\entry_with_update_full\sdxl_styles\samples\mk_inuit_carving.jpg","D:\zzipp\جي بي\الكميرا\_organized_generation_workspace_20260612\01_fooocus\entry_with_update_full\sdxl_styles\samples\mk_inuit_carving.jpg","mk_inuit_carving.jpg",".jpg","20545","0.02","11/01/46 01:20:50 م"
"01_fooocus\entry_with_update_full\sdxl_styles\samples\mk_kalighat_painting.jpg","D:\zzipp\جي بي\الكميرا\_organized_generation_workspace_20260612\01_fooocus\entry_with_update_full\sdxl_styles\samples\mk_kalighat_painting.jpg","mk_kalighat_painting.jpg",".jpg","31738","0.03","11/01/46 01:20:50 م"
"01_fooocus\entry_with_update_full\sdxl_styles\samples\mk_lite_brite_art.jpg","D:\zzipp\جي بي\الكميرا\_organized_generation_workspace_20260612\01_fooocus\entry_with_update_full\sdxl_styles\samples\mk_lite_brite_art.jpg","mk_lite_brite_art.jpg",".jpg","28983","0.028","11/01/46 01:20:50 م"
"01_fooocus\entry_with_update_full\sdxl_styles\samples\mk_luminogram.jpg","D:\zzipp\جي بي\الكميرا\_organized_generation_workspace_20260612\01_fooocus\entry_with_update_full\sdxl_styles\samples\mk_luminogram.jpg","mk_luminogram.jpg",".jpg","18896","0.018","11/01/46 01:20:50 م"
"01_fooocus\entry_with_update_full\sdxl_styles\samples\mk_madhubani_painting.jpg","D:\zzipp\جي بي\الكميرا\_organized_generation_workspace_20260612\01_fooocus\entry_with_update_full\sdxl_styles\samples\mk_madhubani_painting.jpg","mk_madhubani_painting.jpg",".jpg","48886","0.047","11/01/46 01:20:50 م"
"01_fooocus\entry_with_update_full\sdxl_styles\samples\mk_mokume_gane.jpg","D:\zzipp\جي بي\الكميرا\_organized_generation_workspace_20260612\01_fooocus\entry_with_update_full\sdxl_styles\samples\mk_mokume_gane.jpg","mk_mokume_gane.jpg",".jpg","21747","0.021","11/01/46 01:20:50 م"
"01_fooocus\entry_with_update_full\sdxl_styles\samples\mk_mosaic.jpg","D:\zzipp\جي بي\الكميرا\_organized_generation_workspace_20260612\01_fooocus\entry_with_update_full\sdxl_styles\samples\mk_mosaic.jpg","mk_mosaic.jpg",".jpg","43283","0.041","11/01/46 01:20:50 م"
"01_fooocus\entry_with_update_full\sdxl_styles\samples\mk_one_line_art.jpg","D:\zzipp\جي بي\الكميرا\_organized_generation_workspace_20260612\01_fooocus\entry_with_update_full\sdxl_styles\samples\mk_one_line_art.jpg","mk_one_line_art.jpg",".jpg","5494","0.005","11/01/46 01:20:50 م"
"01_fooocus\entry_with_update_full\sdxl_styles\samples\mk_palekh.jpg","D:\zzipp\جي بي\الكميرا\_organized_generation_workspace_20260612\01_fooocus\entry_with_update_full\sdxl_styles\samples\mk_palekh.jpg","mk_palekh.jpg",".jpg","44315","0.042","11/01/46 01:20:50 م"
"01_fooocus\entry_with_update_full\sdxl_styles\samples\mk_patachitra_painting.jpg","D:\zzipp\جي بي\الكميرا\_organized_generation_workspace_20260612\01_fooocus\entry_with_update_full\sdxl_styles\samples\mk_patachitra_painting.jpg","mk_patachitra_painting.jpg",".jpg","46111","0.044","11/01/46 01:20:50 م"
"01_fooocus\entry_with_update_full\sdxl_styles\samples\mk_pichwai_painting.jpg","D:\zzipp\جي بي\الكميرا\_organized_generation_workspace_20260612\01_fooocus\entry_with_update_full\sdxl_styles\samples\mk_pichwai_painting.jpg","mk_pichwai_painting.jpg",".jpg","39910","0.038","11/01/46 01:20:50 م"
"01_fooocus\entry_with_update_full\sdxl_styles\samples\mk_pictorialism.jpg","D:\zzipp\جي بي\الكميرا\_organized_generation_workspace_20260612\01_fooocus\entry_with_update_full\sdxl_styles\samples\mk_pictorialism.jpg","mk_pictorialism.jpg",".jpg","19595","0.019","11/01/46 01:20:50 م"
"01_fooocus\entry_with_update_full\sdxl_styles\samples\mk_pollock.jpg","D:\zzipp\جي بي\الكميرا\_organized_generation_workspace_20260612\01_fooocus\entry_with_update_full\sdxl_styles\samples\mk_pollock.jpg","mk_pollock.jpg",".jpg","48697","0.046","11/01/46 01:20:50 م"
"01_fooocus\entry_with_update_full\sdxl_styles\samples\mk_punk_collage.jpg","D:\zzipp\جي بي\الكميرا\_organized_generation_workspace_20260612\01_fooocus\entry_with_update_full\sdxl_styles\samples\mk_punk_collage.jpg","mk_punk_collage.jpg",".jpg","34863","0.033","11/01/46 01:20:50 م"
"01_fooocus\entry_with_update_full\sdxl_styles\samples\mk_ron_english_style.jpg","D:\zzipp\جي بي\الكميرا\_organized_generation_workspace_20260612\01_fooocus\entry_with_update_full\sdxl_styles\samples\mk_ron_english_style.jpg","mk_ron_english_style.jpg",".jpg","33109","0.032","11/01/46 01:20:50 م"
"01_fooocus\entry_with_update_full\sdxl_styles\samples\mk_samoan_art_inspired.jpg","D:\zzipp\جي بي\الكميرا\_organized_generation_workspace_20260612\01_fooocus\entry_with_update_full\sdxl_styles\samples\mk_samoan_art_inspired.jpg","mk_samoan_art_inspired.jpg",".jpg","25854","0.025","11/01/46 01:20:50 م"
"01_fooocus\entry_with_update_full\sdxl_styles\samples\mk_scrimshaw.jpg","D:\zzipp\جي بي\الكميرا\_organized_generation_workspace_20260612\01_fooocus\entry_with_update_full\sdxl_styles\samples\mk_scrimshaw.jpg","mk_scrimshaw.jpg",".jpg","23678","0.023","11/01/46 01:20:50 م"
"01_fooocus\entry_with_update_full\sdxl_styles\samples\mk_shepard_fairey_style.jpg","D:\zzipp\جي بي\الكميرا\_organized_generation_workspace_20260612\01_fooocus\entry_with_update_full\sdxl_styles\samples\mk_shepard_fairey_style.jpg","mk_shepard_fairey_style.jpg",".jpg","32803","0.031","11/01/46 01:20:50 م"
"01_fooocus\entry_with_update_full\sdxl_styles\samples\mk_shibori.jpg","D:\zzipp\جي بي\الكميرا\_organized_generation_workspace_20260612\01_fooocus\entry_with_update_full\sdxl_styles\samples\mk_shibori.jpg","mk_shibori.jpg",".jpg","39932","0.038","11/01/46 01:20:50 م"
"01_fooocus\entry_with_update_full\sdxl_styles\samples\mk_singer_sargent.jpg","D:\zzipp\جي بي\الكميرا\_organized_generation_workspace_20260612\01_fooocus\entry_with_update_full\sdxl_styles\samples\mk_singer_sargent.jpg","mk_singer_sargent.jpg",".jpg","23465","0.022","11/01/46 01:20:50 م"
"01_fooocus\entry_with_update_full\sdxl_styles\samples\mk_suminagashi.jpg","D:\zzipp\جي بي\الكميرا\_organized_generation_workspace_20260612\01_fooocus\entry_with_update_full\sdxl_styles\samples\mk_suminagashi.jpg","mk_suminagashi.jpg",".jpg","28998","0.028","11/01/46 01:20:50 م"
"01_fooocus\entry_with_update_full\sdxl_styles\samples\mk_tlingit_art.jpg","D:\zzipp\جي بي\الكميرا\_organized_generation_workspace_20260612\01_fooocus\entry_with_update_full\sdxl_styles\samples\mk_tlingit_art.jpg","mk_tlingit_art.jpg",".jpg","43408","0.041","11/01/46 01:20:50 م"
"01_fooocus\entry_with_update_full\sdxl_styles\samples\mk_ukiyo_e.jpg","D:\zzipp\جي بي\الكميرا\_organized_generation_workspace_20260612\01_fooocus\entry_with_update_full\sdxl_styles\samples\mk_ukiyo_e.jpg","mk_ukiyo_e.jpg",".jpg","31329","0.03","11/01/46 01:20:50 م"
"01_fooocus\entry_with_update_full\sdxl_styles\samples\mk_van_gogh.jpg","D:\zzipp\جي بي\الكميرا\_organized_generation_workspace_20260612\01_fooocus\entry_with_update_full\sdxl_styles\samples\mk_van_gogh.jpg","mk_van_gogh.jpg",".jpg","43689","0.042","11/01/46 01:20:50 م"
"01_fooocus\entry_with_update_full\sdxl_styles\samples\mk_vintage_airline_poster.jpg","D:\zzipp\جي بي\الكميرا\_organized_generation_workspace_20260612\01_fooocus\entry_with_update_full\sdxl_styles\samples\mk_vintage_airline_poster.jpg","mk_vintage_airline_poster.jpg",".jpg","31296","0.03","11/01/46 01:20:50 م"
"01_fooocus\entry_with_update_full\sdxl_styles\samples\mk_vintage_travel_poster.jpg","D:\zzipp\جي بي\الكميرا\_organized_generation_workspace_20260612\01_fooocus\entry_with_update_full\sdxl_styles\samples\mk_vintage_travel_poster.jpg","mk_vintage_travel_poster.jpg",".jpg","28284","0.027","11/01/46 01:20:50 م"
"01_fooocus\entry_with_update_full\sdxl_styles\samples\mk_vitreous_enamel.jpg","D:\zzipp\جي بي\الكميرا\_organized_generation_workspace_20260612\01_fooocus\entry_with_update_full\sdxl_styles\samples\mk_vitreous_enamel.jpg","mk_vitreous_enamel.jpg",".jpg","24713","0.024","11/01/46 01:20:50 م"
"01_fooocus\entry_with_update_full\sdxl_styles\samples\mre_ancient_illustration.jpg","D:\zzipp\جي بي\الكميرا\_organized_generation_workspace_20260612\01_fooocus\entry_with_update_full\sdxl_styles\samples\mre_ancient_illustration.jpg","mre_ancient_illustration.jpg",".jpg","28253","0.027","11/01/46 01:20:50 م"
"01_fooocus\entry_with_update_full\sdxl_styles\samples\mre_anime.jpg","D:\zzipp\جي بي\الكميرا\_organized_generation_workspace_20260612\01_fooocus\entry_with_update_full\sdxl_styles\samples\mre_anime.jpg","mre_anime.jpg",".jpg","25681","0.024","11/01/46 01:20:50 م"
"01_fooocus\entry_with_update_full\sdxl_styles\samples\mre_artistic_vision.jpg","D:\zzipp\جي بي\الكميرا\_organized_generation_workspace_20260612\01_fooocus\entry_with_update_full\sdxl_styles\samples\mre_artistic_vision.jpg","mre_artistic_vision.jpg",".jpg","25512","0.024","11/01/46 01:20:50 م"
"01_fooocus\entry_with_update_full\sdxl_styles\samples\mre_bad_dream.jpg","D:\zzipp\جي بي\الكميرا\_organized_generation_workspace_20260612\01_fooocus\entry_with_update_full\sdxl_styles\samples\mre_bad_dream.jpg","mre_bad_dream.jpg",".jpg","24245","0.023","11/01/46 01:20:50 م"
"01_fooocus\entry_with_update_full\sdxl_styles\samples\mre_brave_art.jpg","D:\zzipp\جي بي\الكميرا\_organized_generation_workspace_20260612\01_fooocus\entry_with_update_full\sdxl_styles\samples\mre_brave_art.jpg","mre_brave_art.jpg",".jpg","26947","0.026","11/01/46 01:20:50 م"
"01_fooocus\entry_with_update_full\sdxl_styles\samples\mre_cinematic_dynamic.jpg","D:\zzipp\جي بي\الكميرا\_organized_generation_workspace_20260612\01_fooocus\entry_with_update_full\sdxl_styles\samples\mre_cinematic_dynamic.jpg","mre_cinematic_dynamic.jpg",".jpg","23871","0.023","11/01/46 01:20:50 م"
"01_fooocus\entry_with_update_full\sdxl_styles\samples\mre_comic.jpg","D:\zzipp\جي بي\الكميرا\_organized_generation_workspace_20260612\01_fooocus\entry_with_update_full\sdxl_styles\samples\mre_comic.jpg","mre_comic.jpg",".jpg","26527","0.025","11/01/46 01:20:50 م"
"01_fooocus\entry_with_update_full\sdxl_styles\samples\mre_dark_cyberpunk.jpg","D:\zzipp\جي بي\الكميرا\_organized_generation_workspace_20260612\01_fooocus\entry_with_update_full\sdxl_styles\samples\mre_dark_cyberpunk.jpg","mre_dark_cyberpunk.jpg",".jpg","29542","0.028","11/01/46 01:20:50 م"
"01_fooocus\entry_with_update_full\sdxl_styles\samples\mre_dark_dream.jpg","D:\zzipp\جي بي\الكميرا\_organized_generation_workspace_20260612\01_fooocus\entry_with_update_full\sdxl_styles\samples\mre_dark_dream.jpg","mre_dark_dream.jpg",".jpg","19480","0.019","11/01/46 01:20:50 م"
"01_fooocus\entry_with_update_full\sdxl_styles\samples\mre_dynamic_illustration.jpg","D:\zzipp\جي بي\الكميرا\_organized_generation_workspace_20260612\01_fooocus\entry_with_update_full\sdxl_styles\samples\mre_dynamic_illustration.jpg","mre_dynamic_illustration.jpg",".jpg","28906","0.028","11/01/46 01:20:50 م"
"01_fooocus\entry_with_update_full\sdxl_styles\samples\mre_elemental_art.jpg","D:\zzipp\جي بي\الكميرا\_organized_generation_workspace_20260612\01_fooocus\entry_with_update_full\sdxl_styles\samples\mre_elemental_art.jpg","mre_elemental_art.jpg",".jpg","36956","0.035","11/01/46 01:20:50 م"
"01_fooocus\entry_with_update_full\sdxl_styles\samples\mre_gloomy_art.jpg","D:\zzipp\جي بي\الكميرا\_organized_generation_workspace_20260612\01_fooocus\entry_with_update_full\sdxl_styles\samples\mre_gloomy_art.jpg","mre_gloomy_art.jpg",".jpg","12769","0.012","11/01/46 01:20:50 م"
"01_fooocus\entry_with_update_full\sdxl_styles\samples\mre_heroic_fantasy.jpg","D:\zzipp\جي بي\الكميرا\_organized_generation_workspace_20260612\01_fooocus\entry_with_update_full\sdxl_styles\samples\mre_heroic_fantasy.jpg","mre_heroic_fantasy.jpg",".jpg","31394","0.03","11/01/46 01:20:50 م"
"01_fooocus\entry_with_update_full\sdxl_styles\samples\mre_lyrical_geometry.jpg","D:\zzipp\جي بي\الكميرا\_organized_generation_workspace_20260612\01_fooocus\entry_with_update_full\sdxl_styles\samples\mre_lyrical_geometry.jpg","mre_lyrical_geometry.jpg",".jpg","38608","0.037","11/01/46 01:20:50 م"
"01_fooocus\entry_with_update_full\sdxl_styles\samples\mre_manga.jpg","D:\zzipp\جي بي\الكميرا\_organized_generation_workspace_20260612\01_fooocus\entry_with_update_full\sdxl_styles\samples\mre_manga.jpg","mre_manga.jpg",".jpg","26208","0.025","11/01/46 01:20:50 م"
"01_fooocus\entry_with_update_full\sdxl_styles\samples\mre_space_art.jpg","D:\zzipp\جي بي\الكميرا\_organized_generation_workspace_20260612\01_fooocus\entry_with_update_full\sdxl_styles\samples\mre_space_art.jpg","mre_space_art.jpg",".jpg","26968","0.026","11/01/46 01:20:50 م"
"01_fooocus\entry_with_update_full\sdxl_styles\samples\mre_spontaneous_picture.jpg","D:\zzipp\جي بي\الكميرا\_organized_generation_workspace_20260612\01_fooocus\entry_with_update_full\sdxl_styles\samples\mre_spontaneous_picture.jpg","mre_spontaneous_picture.jpg",".jpg","23037","0.022","11/01/46 01:20:50 م"
"01_fooocus\entry_with_update_full\sdxl_styles\samples\mre_sumi_e_detailed.jpg","D:\zzipp\جي بي\الكميرا\_organized_generation_workspace_20260612\01_fooocus\entry_with_update_full\sdxl_styles\samples\mre_sumi_e_detailed.jpg","mre_sumi_e_detailed.jpg",".jpg","21833","0.021","11/01/46 01:20:50 م"
"01_fooocus\entry_with_update_full\sdxl_styles\samples\mre_sumi_e_symbolic.jpg","D:\zzipp\جي بي\الكميرا\_organized_generation_workspace_20260612\01_fooocus\entry_with_update_full\sdxl_styles\samples\mre_sumi_e_symbolic.jpg","mre_sumi_e_symbolic.jpg",".jpg","20087","0.019","11/01/46 01:20:50 م"
"01_fooocus\entry_with_update_full\sdxl_styles\samples\mre_surreal_painting.jpg","D:\zzipp\جي بي\الكميرا\_organized_generation_workspace_20260612\01_fooocus\entry_with_update_full\sdxl_styles\samples\mre_surreal_painting.jpg","mre_surreal_painting.jpg",".jpg","38135","0.036","11/01/46 01:20:50 م"
"01_fooocus\entry_with_update_full\sdxl_styles\samples\mre_undead_art.jpg","D:\zzipp\جي بي\الكميرا\_organized_generation_workspace_20260612\01_fooocus\entry_with_update_full\sdxl_styles\samples\mre_undead_art.jpg","mre_undead_art.jpg",".jpg","24205","0.023","11/01/46 01:20:50 م"
"01_fooocus\entry_with_update_full\sdxl_styles\samples\mre_underground.jpg","D:\zzipp\جي بي\الكميرا\_organized_generation_workspace_20260612\01_fooocus\entry_with_update_full\sdxl_styles\samples\mre_underground.jpg","mre_underground.jpg",".jpg","22443","0.021","11/01/46 01:20:50 م"
"01_fooocus\entry_with_update_full\sdxl_styles\samples\neo_baroque.jpg","D:\zzipp\جي بي\الكميرا\_organized_generation_workspace_20260612\01_fooocus\entry_with_update_full\sdxl_styles\samples\neo_baroque.jpg","neo_baroque.jpg",".jpg","41511","0.04","11/01/46 01:20:50 م"
"01_fooocus\entry_with_update_full\sdxl_styles\samples\neo_byzantine.jpg","D:\zzipp\جي بي\الكميرا\_organized_generation_workspace_20260612\01_fooocus\entry_with_update_full\sdxl_styles\samples\neo_byzantine.jpg","neo_byzantine.jpg",".jpg","21379","0.02","11/01/46 01:20:50 م"
"01_fooocus\entry_with_update_full\sdxl_styles\samples\neo_futurism.jpg","D:\zzipp\جي بي\الكميرا\_organized_generation_workspace_20260612\01_fooocus\entry_with_update_full\sdxl_styles\samples\neo_futurism.jpg","neo_futurism.jpg",".jpg","17086","0.016","11/01/46 01:20:50 م"
"01_fooocus\entry_with_update_full\sdxl_styles\samples\neo_impressionism.jpg","D:\zzipp\جي بي\الكميرا\_organized_generation_workspace_20260612\01_fooocus\entry_with_update_full\sdxl_styles\samples\neo_impressionism.jpg","neo_impressionism.jpg",".jpg","45141","0.043","11/01/46 01:20:50 م"
"01_fooocus\entry_with_update_full\sdxl_styles\samples\neo_rococo.jpg","D:\zzipp\جي بي\الكميرا\_organized_generation_workspace_20260612\01_fooocus\entry_with_update_full\sdxl_styles\samples\neo_rococo.jpg","neo_rococo.jpg",".jpg","41541","0.04","11/01/46 01:20:50 م"
"01_fooocus\entry_with_update_full\sdxl_styles\samples\neoclassicism.jpg","D:\zzipp\جي بي\الكميرا\_organized_generation_workspace_20260612\01_fooocus\entry_with_update_full\sdxl_styles\samples\neoclassicism.jpg","neoclassicism.jpg",".jpg","33394","0.032","11/01/46 01:20:50 م"
"01_fooocus\entry_with_update_full\sdxl_styles\samples\op_art.jpg","D:\zzipp\جي بي\الكميرا\_organized_generation_workspace_20260612\01_fooocus\entry_with_update_full\sdxl_styles\samples\op_art.jpg","op_art.jpg",".jpg","26491","0.025","11/01/46 01:20:50 م"
"01_fooocus\entry_with_update_full\sdxl_styles\samples\ornate_and_intricate.jpg","D:\zzipp\جي بي\الكميرا\_organized_generation_workspace_20260612\01_fooocus\entry_with_update_full\sdxl_styles\samples\ornate_and_intricate.jpg","ornate_and_intricate.jpg",".jpg","24689","0.024","11/01/46 01:20:50 م"
"01_fooocus\entry_with_update_full\sdxl_styles\samples\papercraft_collage.jpg","D:\zzipp\جي بي\الكميرا\_organized_generation_workspace_20260612\01_fooocus\entry_with_update_full\sdxl_styles\samples\papercraft_collage.jpg","papercraft_collage.jpg",".jpg","34509","0.033","11/01/46 01:20:50 م"
"01_fooocus\entry_with_update_full\sdxl_styles\samples\papercraft_flat_papercut.jpg","D:\zzipp\جي بي\الكميرا\_organized_generation_workspace_20260612\01_fooocus\entry_with_update_full\sdxl_styles\samples\papercraft_flat_papercut.jpg","papercraft_flat_papercut.jpg",".jpg","10881","0.01","11/01/46 01:20:50 م"
"01_fooocus\entry_with_update_full\sdxl_styles\samples\papercraft_kirigami.jpg","D:\zzipp\جي بي\الكميرا\_organized_generation_workspace_20260612\01_fooocus\entry_with_update_full\sdxl_styles\samples\papercraft_kirigami.jpg","papercraft_kirigami.jpg",".jpg","21713","0.021","11/01/46 01:20:50 م"
"01_fooocus\entry_with_update_full\sdxl_styles\samples\papercraft_paper_mache.jpg","D:\zzipp\جي بي\الكميرا\_organized_generation_workspace_20260612\01_fooocus\entry_with_update_full\sdxl_styles\samples\papercraft_paper_mache.jpg","papercraft_paper_mache.jpg",".jpg","21845","0.021","11/01/46 01:20:50 م"
"01_fooocus\entry_with_update_full\sdxl_styles\samples\papercraft_paper_quilling.jpg","D:\zzipp\جي بي\الكميرا\_organized_generation_workspace_20260612\01_fooocus\entry_with_update_full\sdxl_styles\samples\papercraft_paper_quilling.jpg","papercraft_paper_quilling.jpg",".jpg","30711","0.029","11/01/46 01:20:50 م"
"01_fooocus\entry_with_update_full\sdxl_styles\samples\papercraft_papercut_collage.jpg","D:\zzipp\جي بي\الكميرا\_organized_generation_workspace_20260612\01_fooocus\entry_with_update_full\sdxl_styles\samples\papercraft_papercut_collage.jpg","papercraft_papercut_collage.jpg",".jpg","34266","0.033","11/01/46 01:20:50 م"
"01_fooocus\entry_with_update_full\sdxl_styles\samples\papercraft_papercut_shadow_box.jpg","D:\zzipp\جي بي\الكميرا\_organized_generation_workspace_20260612\01_fooocus\entry_with_update_full\sdxl_styles\samples\papercraft_papercut_shadow_box.jpg","papercraft_papercut_shadow_box.jpg",".jpg","25656","0.024","11/01/46 01:20:50 م"
"01_fooocus\entry_with_update_full\sdxl_styles\samples\papercraft_stacked_papercut.jpg","D:\zzipp\جي بي\الكميرا\_organized_generation_workspace_20260612\01_fooocus\entry_with_update_full\sdxl_styles\samples\papercraft_stacked_papercut.jpg","papercraft_stacked_papercut.jpg",".jpg","20825","0.02","11/01/46 01:20:50 م"
"01_fooocus\entry_with_update_full\sdxl_styles\samples\papercraft_thick_layered_papercut.jpg","D:\zzipp\جي بي\الكميرا\_organized_generation_workspace_20260612\01_fooocus\entry_with_update_full\sdxl_styles\samples\papercraft_thick_layered_papercut.jpg","papercraft_thick_layered_papercut.jpg",".jpg","23319","0.022","11/01/46 01:20:50 م"
"01_fooocus\entry_with_update_full\sdxl_styles\samples\pebble_art.jpg","D:\zzipp\جي بي\الكميرا\_organized_generation_workspace_20260612\01_fooocus\entry_with_update_full\sdxl_styles\samples\pebble_art.jpg","pebble_art.jpg",".jpg","27471","0.026","11/01/46 01:20:50 م"
"01_fooocus\entry_with_update_full\sdxl_styles\samples\pencil_sketch_drawing.jpg","D:\zzipp\جي بي\الكميرا\_organized_generation_workspace_20260612\01_fooocus\entry_with_update_full\sdxl_styles\samples\pencil_sketch_drawing.jpg","pencil_sketch_drawing.jpg",".jpg","17984","0.017","11/01/46 01:20:50 م"
"01_fooocus\entry_with_update_full\sdxl_styles\samples\photo_alien.jpg","D:\zzipp\جي بي\الكميرا\_organized_generation_workspace_20260612\01_fooocus\entry_with_update_full\sdxl_styles\samples\photo_alien.jpg","photo_alien.jpg",".jpg","27005","0.026","11/01/46 01:20:50 م"
"01_fooocus\entry_with_update_full\sdxl_styles\samples\photo_film_noir.jpg","D:\zzipp\جي بي\الكميرا\_organized_generation_workspace_20260612\01_fooocus\entry_with_update_full\sdxl_styles\samples\photo_film_noir.jpg","photo_film_noir.jpg",".jpg","12277","0.012","11/01/46 01:20:50 م"
"01_fooocus\entry_with_update_full\sdxl_styles\samples\photo_glamour.jpg","D:\zzipp\جي بي\الكميرا\_organized_generation_workspace_20260612\01_fooocus\entry_with_update_full\sdxl_styles\samples\photo_glamour.jpg","photo_glamour.jpg",".jpg","25483","0.024","11/01/46 01:20:50 م"
"01_fooocus\entry_with_update_full\sdxl_styles\samples\photo_hdr.jpg","D:\zzipp\جي بي\الكميرا\_organized_generation_workspace_20260612\01_fooocus\entry_with_update_full\sdxl_styles\samples\photo_hdr.jpg","photo_hdr.jpg",".jpg","27925","0.027","11/01/46 01:20:50 م"
"01_fooocus\entry_with_update_full\sdxl_styles\samples\photo_iphone_photographic.jpg","D:\zzipp\جي بي\الكميرا\_organized_generation_workspace_20260612\01_fooocus\entry_with_update_full\sdxl_styles\samples\photo_iphone_photographic.jpg","photo_iphone_photographic.jpg",".jpg","25415","0.024","11/01/46 01:20:50 م"
"01_fooocus\entry_with_update_full\sdxl_styles\samples\photo_long_exposure.jpg","D:\zzipp\جي بي\الكميرا\_organized_generation_workspace_20260612\01_fooocus\entry_with_update_full\sdxl_styles\samples\photo_long_exposure.jpg","photo_long_exposure.jpg",".jpg","23453","0.022","11/01/46 01:20:50 م"
"01_fooocus\entry_with_update_full\sdxl_styles\samples\photo_neon_noir.jpg","D:\zzipp\جي بي\الكميرا\_organized_generation_workspace_20260612\01_fooocus\entry_with_update_full\sdxl_styles\samples\photo_neon_noir.jpg","photo_neon_noir.jpg",".jpg","30014","0.029","11/01/46 01:20:50 م"
"01_fooocus\entry_with_update_full\sdxl_styles\samples\photo_silhouette.jpg","D:\zzipp\جي بي\الكميرا\_organized_generation_workspace_20260612\01_fooocus\entry_with_update_full\sdxl_styles\samples\photo_silhouette.jpg","photo_silhouette.jpg",".jpg","8835","0.008","11/01/46 01:20:50 م"
"01_fooocus\entry_with_update_full\sdxl_styles\samples\photo_tilt_shift.jpg","D:\zzipp\جي بي\الكميرا\_organized_generation_workspace_20260612\01_fooocus\entry_with_update_full\sdxl_styles\samples\photo_tilt_shift.jpg","photo_tilt_shift.jpg",".jpg","23731","0.023","11/01/46 01:20:50 م"
"01_fooocus\entry_with_update_full\sdxl_styles\samples\pop_art_2.jpg","D:\zzipp\جي بي\الكميرا\_organized_generation_workspace_20260612\01_fooocus\entry_with_update_full\sdxl_styles\samples\pop_art_2.jpg","pop_art_2.jpg",".jpg","35133","0.034","11/01/46 01:20:50 م"
"01_fooocus\entry_with_update_full\sdxl_styles\samples\random_style.jpg","D:\zzipp\جي بي\الكميرا\_organized_generation_workspace_20260612\01_fooocus\entry_with_update_full\sdxl_styles\samples\random_style.jpg","random_style.jpg",".jpg","1454","0.001","11/01/46 01:20:50 م"
"01_fooocus\entry_with_update_full\sdxl_styles\samples\rococo.jpg","D:\zzipp\جي بي\الكميرا\_organized_generation_workspace_20260612\01_fooocus\entry_with_update_full\sdxl_styles\samples\rococo.jpg","rococo.jpg",".jpg","37900","0.036","11/01/46 01:20:50 م"
"01_fooocus\entry_with_update_full\sdxl_styles\samples\sai_3d_model.jpg","D:\zzipp\جي بي\الكميرا\_organized_generation_workspace_20260612\01_fooocus\entry_with_update_full\sdxl_styles\samples\sai_3d_model.jpg","sai_3d_model.jpg",".jpg","17087","0.016","11/01/46 01:20:50 م"
"01_fooocus\entry_with_update_full\sdxl_styles\samples\sai_analog_film.jpg","D:\zzipp\جي بي\الكميرا\_organized_generation_workspace_20260612\01_fooocus\entry_with_update_full\sdxl_styles\samples\sai_analog_film.jpg","sai_analog_film.jpg",".jpg","24405","0.023","11/01/46 01:20:50 م"
"01_fooocus\entry_with_update_full\sdxl_styles\samples\sai_anime.jpg","D:\zzipp\جي بي\الكميرا\_organized_generation_workspace_20260612\01_fooocus\entry_with_update_full\sdxl_styles\samples\sai_anime.jpg","sai_anime.jpg",".jpg","29150","0.028","11/01/46 01:20:50 م"
"01_fooocus\entry_with_update_full\sdxl_styles\samples\sai_cinematic.jpg","D:\zzipp\جي بي\الكميرا\_organized_generation_workspace_20260612\01_fooocus\entry_with_update_full\sdxl_styles\samples\sai_cinematic.jpg","sai_cinematic.jpg",".jpg","25497","0.024","11/01/46 01:20:50 م"
"01_fooocus\entry_with_update_full\sdxl_styles\samples\sai_comic_book.jpg","D:\zzipp\جي بي\الكميرا\_organized_generation_workspace_20260612\01_fooocus\entry_with_update_full\sdxl_styles\samples\sai_comic_book.jpg","sai_comic_book.jpg",".jpg","27342","0.026","11/01/46 01:20:50 م"
"01_fooocus\entry_with_update_full\sdxl_styles\samples\sai_craft_clay.jpg","D:\zzipp\جي بي\الكميرا\_organized_generation_workspace_20260612\01_fooocus\entry_with_update_full\sdxl_styles\samples\sai_craft_clay.jpg","sai_craft_clay.jpg",".jpg","19842","0.019","11/01/46 01:20:50 م"
"01_fooocus\entry_with_update_full\sdxl_styles\samples\sai_digital_art.jpg","D:\zzipp\جي بي\الكميرا\_organized_generation_workspace_20260612\01_fooocus\entry_with_update_full\sdxl_styles\samples\sai_digital_art.jpg","sai_digital_art.jpg",".jpg","23601","0.023","11/01/46 01:20:50 م"
"01_fooocus\entry_with_update_full\sdxl_styles\samples\sai_enhance.jpg","D:\zzipp\جي بي\الكميرا\_organized_generation_workspace_20260612\01_fooocus\entry_with_update_full\sdxl_styles\samples\sai_enhance.jpg","sai_enhance.jpg",".jpg","20942","0.02","11/01/46 01:20:50 م"
"01_fooocus\entry_with_update_full\sdxl_styles\samples\sai_fantasy_art.jpg","D:\zzipp\جي بي\الكميرا\_organized_generation_workspace_20260612\01_fooocus\entry_with_update_full\sdxl_styles\samples\sai_fantasy_art.jpg","sai_fantasy_art.jpg",".jpg","28140","0.027","11/01/46 01:20:50 م"
"01_fooocus\entry_with_update_full\sdxl_styles\samples\sai_isometric.jpg","D:\zzipp\جي بي\الكميرا\_organized_generation_workspace_20260612\01_fooocus\entry_with_update_full\sdxl_styles\samples\sai_isometric.jpg","sai_isometric.jpg",".jpg","21152","0.02","11/01/46 01:20:50 م"
"01_fooocus\entry_with_update_full\sdxl_styles\samples\sai_line_art.jpg","D:\zzipp\جي بي\الكميرا\_organized_generation_workspace_20260612\01_fooocus\entry_with_update_full\sdxl_styles\samples\sai_line_art.jpg","sai_line_art.jpg",".jpg","10939","0.01","11/01/46 01:20:50 م"
"01_fooocus\entry_with_update_full\sdxl_styles\samples\sai_lowpoly.jpg","D:\zzipp\جي بي\الكميرا\_organized_generation_workspace_20260612\01_fooocus\entry_with_update_full\sdxl_styles\samples\sai_lowpoly.jpg","sai_lowpoly.jpg",".jpg","20273","0.019","11/01/46 01:20:50 م"
"01_fooocus\entry_with_update_full\sdxl_styles\samples\sai_neonpunk.jpg","D:\zzipp\جي بي\الكميرا\_organized_generation_workspace_20260612\01_fooocus\entry_with_update_full\sdxl_styles\samples\sai_neonpunk.jpg","sai_neonpunk.jpg",".jpg","32841","0.031","11/01/46 01:20:50 م"
"01_fooocus\entry_with_update_full\sdxl_styles\samples\sai_origami.jpg","D:\zzipp\جي بي\الكميرا\_organized_generation_workspace_20260612\01_fooocus\entry_with_update_full\sdxl_styles\samples\sai_origami.jpg","sai_origami.jpg",".jpg","21323","0.02","11/01/46 01:20:50 م"
"01_fooocus\entry_with_update_full\sdxl_styles\samples\sai_photographic.jpg","D:\zzipp\جي بي\الكميرا\_organized_generation_workspace_20260612\01_fooocus\entry_with_update_full\sdxl_styles\samples\sai_photographic.jpg","sai_photographic.jpg",".jpg","25201","0.024","11/01/46 01:20:50 م"
"01_fooocus\entry_with_update_full\sdxl_styles\samples\sai_pixel_art.jpg","D:\zzipp\جي بي\الكميرا\_organized_generation_workspace_20260612\01_fooocus\entry_with_update_full\sdxl_styles\samples\sai_pixel_art.jpg","sai_pixel_art.jpg",".jpg","25597","0.024","11/01/46 01:20:50 م"
"01_fooocus\entry_with_update_full\sdxl_styles\samples\sai_texture.jpg","D:\zzipp\جي بي\الكميرا\_organized_generation_workspace_20260612\01_fooocus\entry_with_update_full\sdxl_styles\samples\sai_texture.jpg","sai_texture.jpg",".jpg","26198","0.025","11/01/46 01:20:50 م"
"01_fooocus\entry_with_update_full\sdxl_styles\samples\silhouette_art.jpg","D:\zzipp\جي بي\الكميرا\_organized_generation_workspace_20260612\01_fooocus\entry_with_update_full\sdxl_styles\samples\silhouette_art.jpg","silhouette_art.jpg",".jpg","13781","0.013","11/01/46 01:20:50 م"
"01_fooocus\entry_with_update_full\sdxl_styles\samples\simple_vector_art.jpg","D:\zzipp\جي بي\الكميرا\_organized_generation_workspace_20260612\01_fooocus\entry_with_update_full\sdxl_styles\samples\simple_vector_art.jpg","simple_vector_art.jpg",".jpg","12029","0.011","11/01/46 01:20:50 م"
"01_fooocus\entry_with_update_full\sdxl_styles\samples\sketchup.jpg","D:\zzipp\جي بي\الكميرا\_organized_generation_workspace_20260612\01_fooocus\entry_with_update_full\sdxl_styles\samples\sketchup.jpg","sketchup.jpg",".jpg","13847","0.013","11/01/46 01:20:50 م"
"01_fooocus\entry_with_update_full\sdxl_styles\samples\steampunk_2.jpg","D:\zzipp\جي بي\الكميرا\_organized_generation_workspace_20260612\01_fooocus\entry_with_update_full\sdxl_styles\samples\steampunk_2.jpg","steampunk_2.jpg",".jpg","33819","0.032","11/01/46 01:20:50 م"
"01_fooocus\entry_with_update_full\sdxl_styles\samples\sticker_designs.jpg","D:\zzipp\جي بي\الكميرا\_organized_generation_workspace_20260612\01_fooocus\entry_with_update_full\sdxl_styles\samples\sticker_designs.jpg","sticker_designs.jpg",".jpg","31785","0.03","11/01/46 01:20:50 م"
"01_fooocus\entry_with_update_full\sdxl_styles\samples\suprematism.jpg","D:\zzipp\جي بي\الكميرا\_organized_generation_workspace_20260612\01_fooocus\entry_with_update_full\sdxl_styles\samples\suprematism.jpg","suprematism.jpg",".jpg","21291","0.02","11/01/46 01:20:50 م"
"01_fooocus\entry_with_update_full\sdxl_styles\samples\surrealism.jpg","D:\zzipp\جي بي\الكميرا\_organized_generation_workspace_20260612\01_fooocus\entry_with_update_full\sdxl_styles\samples\surrealism.jpg","surrealism.jpg",".jpg","24047","0.023","11/01/46 01:20:50 م"
"01_fooocus\entry_with_update_full\sdxl_styles\samples\terragen.jpg","D:\zzipp\جي بي\الكميرا\_organized_generation_workspace_20260612\01_fooocus\entry_with_update_full\sdxl_styles\samples\terragen.jpg","terragen.jpg",".jpg","27343","0.026","11/01/46 01:20:50 م"
"01_fooocus\entry_with_update_full\sdxl_styles\samples\tranquil_relaxing_atmosphere.jpg","D:\zzipp\جي بي\الكميرا\_organized_generation_workspace_20260612\01_fooocus\entry_with_update_full\sdxl_styles\samples\tranquil_relaxing_atmosphere.jpg","tranquil_relaxing_atmosphere.jpg",".jpg","21176","0.02","11/01/46 01:20:50 م"
"01_fooocus\entry_with_update_full\sdxl_styles\samples\vibrant_rim_light.jpg","D:\zzipp\جي بي\الكميرا\_organized_generation_workspace_20260612\01_fooocus\entry_with_update_full\sdxl_styles\samples\vibrant_rim_light.jpg","vibrant_rim_light.jpg",".jpg","23551","0.022","11/01/46 01:20:50 م"
"01_fooocus\entry_with_update_full\sdxl_styles\samples\volumetric_lighting.jpg","D:\zzipp\جي بي\الكميرا\_organized_generation_workspace_20260612\01_fooocus\entry_with_update_full\sdxl_styles\samples\volumetric_lighting.jpg","volumetric_lighting.jpg",".jpg","22614","0.022","11/01/46 01:20:50 م"
"01_fooocus\entry_with_update_full\sdxl_styles\samples\watercolor_2.jpg","D:\zzipp\جي بي\الكميرا\_organized_generation_workspace_20260612\01_fooocus\entry_with_update_full\sdxl_styles\samples\watercolor_2.jpg","watercolor_2.jpg",".jpg","30947","0.03","11/01/46 01:20:50 م"
"01_fooocus\entry_with_update_full\sdxl_styles\samples\whimsical_and_playful.jpg","D:\zzipp\جي بي\الكميرا\_organized_generation_workspace_20260612\01_fooocus\entry_with_update_full\sdxl_styles\samples\whimsical_and_playful.jpg","whimsical_and_playful.jpg",".jpg","43174","0.041","11/01/46 01:20:50 م"
"02_stable_diffusion_webui\stable-diffusion-webui-master\stable-diffusion-webui-master\screenshot.png","D:\zzipp\جي بي\الكميرا\_organized_generation_workspace_20260612\02_stable_diffusion_webui\stable-diffusion-webui-master\stable-diffusion-webui-master\screenshot.png","screenshot.png",".png","420577","0.401","21/01/46 05:49:38 ص"
"02_stable_diffusion_webui\stable-diffusion-webui-master\stable-diffusion-webui-master\html\card-no-preview.png","D:\zzipp\جي بي\الكميرا\_organized_generation_workspace_20260612\02_stable_diffusion_webui\stable-diffusion-webui-master\stable-diffusion-webui-master\html\card-no-preview.png","card-no-preview.png",".png","84440","0.081","21/01/46 05:49:38 ص"
"02_stable_diffusion_webui\stable-diffusion-webui-master\stable-diffusion-webui-master\modules\textual_inversion\test_embedding.png","D:\zzipp\جي بي\الكميرا\_organized_generation_workspace_20260612\02_stable_diffusion_webui\stable-diffusion-webui-master\stable-diffusion-webui-master\modules\textual_inversion\test_embedding.png","test_embedding.png",".png","489220","0.467","21/01/46 05:49:38 ص"
"02_stable_diffusion_webui\stable-diffusion-webui-master\stable-diffusion-webui-master\test\test_files\img2img_basic.png","D:\zzipp\جي بي\الكميرا\_organized_generation_workspace_20260612\02_stable_diffusion_webui\stable-diffusion-webui-master\stable-diffusion-webui-master\test\test_files\img2img_basic.png","img2img_basic.png",".png","9932","0.009","21/01/46 05:49:38 ص"
"02_stable_diffusion_webui\stable-diffusion-webui-master\stable-diffusion-webui-master\test\test_files\mask_basic.png","D:\zzipp\جي بي\الكميرا\_organized_generation_workspace_20260612\02_stable_diffusion_webui\stable-diffusion-webui-master\stable-diffusion-webui-master\test\test_files\mask_basic.png","mask_basic.png",".png","362","0","21/01/46 05:49:38 ص"
"02_stable_diffusion_webui\stable-diffusion-webui-master\stable-diffusion-webui-master\test\test_files\two-faces.jpg","D:\zzipp\جي بي\الكميرا\_organized_generation_workspace_20260612\02_stable_diffusion_webui\stable-diffusion-webui-master\stable-diffusion-webui-master\test\test_files\two-faces.jpg","two-faces.jpg",".jpg","14768","0.014","21/01/46 05:49:38 ص"
"02_stable_diffusion_webui\stable-diffusion-webui-master\stable-diffusion-webui-master\repositories\stable-diffusion-stability-ai\assets\a-painting-of-a-fire.png","D:\zzipp\جي بي\الكميرا\_organized_generation_workspace_20260612\02_stable_diffusion_webui\stable-diffusion-webui-master\stable-diffusion-webui-master\repositories\stable-diffusion-stability-ai\assets\a-painting-of-a-fire.png","a-painting-of-a-fire.png",".png","666734","0.636","26/12/47 01:59:46 م"
"02_stable_diffusion_webui\stable-diffusion-webui-master\stable-diffusion-webui-master\repositories\stable-diffusion-stability-ai\assets\a-photograph-of-a-fire.png","D:\zzipp\جي بي\الكميرا\_organized_generation_workspace_20260612\02_stable_diffusion_webui\stable-diffusion-webui-master\stable-diffusion-webui-master\repositories\stable-diffusion-stability-ai\assets\a-photograph-of-a-fire.png","a-photograph-of-a-fire.png",".png","610752","0.582","26/12/47 01:59:46 م"
"02_stable_diffusion_webui\stable-diffusion-webui-master\stable-diffusion-webui-master\repositories\stable-diffusion-stability-ai\assets\a-shirt-with-a-fire-printed-on-it.png","D:\zzipp\جي بي\الكميرا\_organized_generation_workspace_20260612\02_stable_diffusion_webui\stable-diffusion-webui-master\stable-diffusion-webui-master\repositories\stable-diffusion-stability-ai\assets\a-shirt-with-a-fire-printed-on-it.png","a-shirt-with-a-fire-printed-on-it.png",".png","623587","0.595","26/12/47 01:59:46 م"
"02_stable_diffusion_webui\stable-diffusion-webui-master\stable-diffusion-webui-master\repositories\stable-diffusion-stability-ai\assets\a-shirt-with-the-inscription-'fire'.png","D:\zzipp\جي بي\الكميرا\_organized_generation_workspace_20260612\02_stable_diffusion_webui\stable-diffusion-webui-master\stable-diffusion-webui-master\repositories\stable-diffusion-stability-ai\assets\a-shirt-with-the-inscription-'fire'.png","a-shirt-with-the-inscription-'fire'.png",".png","560600","0.535","26/12/47 01:59:46 م"
"02_stable_diffusion_webui\stable-diffusion-webui-master\stable-diffusion-webui-master\repositories\stable-diffusion-stability-ai\assets\a-watercolor-painting-of-a-fire.png","D:\zzipp\جي بي\الكميرا\_organized_generation_workspace_20260612\02_stable_diffusion_webui\stable-diffusion-webui-master\stable-diffusion-webui-master\repositories\stable-diffusion-stability-ai\assets\a-watercolor-painting-of-a-fire.png","a-watercolor-painting-of-a-fire.png",".png","722120","0.689","26/12/47 01:59:46 م"
"02_stable_diffusion_webui\stable-diffusion-webui-master\stable-diffusion-webui-master\repositories\stable-diffusion-stability-ai\assets\birdhouse.png","D:\zzipp\جي بي\الكميرا\_organized_generation_workspace_20260612\02_stable_diffusion_webui\stable-diffusion-webui-master\stable-diffusion-webui-master\repositories\stable-diffusion-stability-ai\assets\birdhouse.png","birdhouse.png",".png","774949","0.739","26/12/47 01:59:46 م"
"02_stable_diffusion_webui\stable-diffusion-webui-master\stable-diffusion-webui-master\repositories\stable-diffusion-stability-ai\assets\fire.png","D:\zzipp\جي بي\الكميرا\_organized_generation_workspace_20260612\02_stable_diffusion_webui\stable-diffusion-webui-master\stable-diffusion-webui-master\repositories\stable-diffusion-stability-ai\assets\fire.png","fire.png",".png","626415","0.597","26/12/47 01:59:46 م"
"02_stable_diffusion_webui\stable-diffusion-webui-master\stable-diffusion-webui-master\repositories\stable-diffusion-stability-ai\assets\inpainting.png","D:\zzipp\جي بي\الكميرا\_organized_generation_workspace_20260612\02_stable_diffusion_webui\stable-diffusion-webui-master\stable-diffusion-webui-master\repositories\stable-diffusion-stability-ai\assets\inpainting.png","inpainting.png",".png","319244","0.304","26/12/47 01:59:46 م"
"02_stable_diffusion_webui\stable-diffusion-webui-master\stable-diffusion-webui-master\repositories\stable-diffusion-stability-ai\assets\modelfigure.png","D:\zzipp\جي بي\الكميرا\_organized_generation_workspace_20260612\02_stable_diffusion_webui\stable-diffusion-webui-master\stable-diffusion-webui-master\repositories\stable-diffusion-stability-ai\assets\modelfigure.png","modelfigure.png",".png","73775","0.07","26/12/47 01:59:46 م"
"02_stable_diffusion_webui\stable-diffusion-webui-master\stable-diffusion-webui-master\repositories\stable-diffusion-stability-ai\assets\rdm-preview.jpg","D:\zzipp\جي بي\الكميرا\_organized_generation_workspace_20260612\02_stable_diffusion_webui\stable-diffusion-webui-master\stable-diffusion-webui-master\repositories\stable-diffusion-stability-ai\assets\rdm-preview.jpg","rdm-preview.jpg",".jpg","326537","0.311","26/12/47 01:59:46 م"
"02_stable_diffusion_webui\stable-diffusion-webui-master\stable-diffusion-webui-master\repositories\stable-diffusion-stability-ai\assets\reconstruction1.png","D:\zzipp\جي بي\الكميرا\_organized_generation_workspace_20260612\02_stable_diffusion_webui\stable-diffusion-webui-master\stable-diffusion-webui-master\repositories\stable-diffusion-stability-ai\assets\reconstruction1.png","reconstruction1.png",".png","806594","0.769","26/12/47 01:59:46 م"
"02_stable_diffusion_webui\stable-diffusion-webui-master\stable-diffusion-webui-master\repositories\stable-diffusion-stability-ai\assets\reconstruction2.png","D:\zzipp\جي بي\الكميرا\_organized_generation_workspace_20260612\02_stable_diffusion_webui\stable-diffusion-webui-master\stable-diffusion-webui-master\repositories\stable-diffusion-stability-ai\assets\reconstruction2.png","reconstruction2.png",".png","980874","0.935","26/12/47 01:59:46 م"
"02_stable_diffusion_webui\stable-diffusion-webui-master\stable-diffusion-webui-master\repositories\stable-diffusion-stability-ai\assets\rick.jpeg","D:\zzipp\جي بي\الكميرا\_organized_generation_workspace_20260612\02_stable_diffusion_webui\stable-diffusion-webui-master\stable-diffusion-webui-master\repositories\stable-diffusion-stability-ai\assets\rick.jpeg","rick.jpeg",".jpeg","232064","0.221","26/12/47 01:59:46 م"
"02_stable_diffusion_webui\stable-diffusion-webui-master\stable-diffusion-webui-master\repositories\stable-diffusion-stability-ai\assets\the-earth-is-on-fire,-oil-on-canvas.png","D:\zzipp\جي بي\الكميرا\_organized_generation_workspace_20260612\02_stable_diffusion_webui\stable-diffusion-webui-master\stable-diffusion-webui-master\repositories\stable-diffusion-stability-ai\assets\the-earth-is-on-fire,-oil-on-canvas.png","the-earth-is-on-fire,-oil-on-canvas.png",".png","678446","0.647","26/12/47 01:59:46 م"
"02_stable_diffusion_webui\stable-diffusion-webui-master\stable-diffusion-webui-master\repositories\stable-diffusion-stability-ai\assets\txt2img-convsample.png","D:\zzipp\جي بي\الكميرا\_organized_generation_workspace_20260612\02_stable_diffusion_webui\stable-diffusion-webui-master\stable-diffusion-webui-master\repositories\stable-diffusion-stability-ai\assets\txt2img-convsample.png","txt2img-convsample.png",".png","309500","0.295","26/12/47 01:59:46 م"
"02_stable_diffusion_webui\stable-diffusion-webui-master\stable-diffusion-webui-master\repositories\stable-diffusion-stability-ai\assets\txt2img-preview.png","D:\zzipp\جي بي\الكميرا\_organized_generation_workspace_20260612\02_stable_diffusion_webui\stable-diffusion-webui-master\stable-diffusion-webui-master\repositories\stable-diffusion-stability-ai\assets\txt2img-preview.png","txt2img-preview.png",".png","2256167","2.152","26/12/47 01:59:46 م"
"02_stable_diffusion_webui\stable-diffusion-webui-master\stable-diffusion-webui-master\repositories\stable-diffusion-stability-ai\assets\v1-variants-scores.jpg","D:\zzipp\جي بي\الكميرا\_organized_generation_workspace_20260612\02_stable_diffusion_webui\stable-diffusion-webui-master\stable-diffusion-webui-master\repositories\stable-diffusion-stability-ai\assets\v1-variants-scores.jpg","v1-variants-scores.jpg",".jpg","76252","0.073","26/12/47 01:59:46 م"
"02_stable_diffusion_webui\stable-diffusion-webui-master\stable-diffusion-webui-master\repositories\stable-diffusion-stability-ai\assets\stable-samples\img2img\mountains-1.png","D:\zzipp\جي بي\الكميرا\_organized_generation_workspace_20260612\02_stable_diffusion_webui\stable-diffusion-webui-master\stable-diffusion-webui-master\repositories\stable-diffusion-stability-ai\assets\stable-samples\img2img\mountains-1.png","mountains-1.png",".png","625121","0.596","26/12/47 01:59:46 م"
"02_stable_diffusion_webui\stable-diffusion-webui-master\stable-diffusion-webui-master\repositories\stable-diffusion-stability-ai\assets\stable-samples\img2img\mountains-2.png","D:\zzipp\جي بي\الكميرا\_organized_generation_workspace_20260612\02_stable_diffusion_webui\stable-diffusion-webui-master\stable-diffusion-webui-master\repositories\stable-diffusion-stability-ai\assets\stable-samples\img2img\mountains-2.png","mountains-2.png",".png","658286","0.628","26/12/47 01:59:46 م"
"02_stable_diffusion_webui\stable-diffusion-webui-master\stable-diffusion-webui-master\repositories\stable-diffusion-stability-ai\assets\stable-samples\img2img\mountains-3.png","D:\zzipp\جي بي\الكميرا\_organized_generation_workspace_20260612\02_stable_diffusion_webui\stable-diffusion-webui-master\stable-diffusion-webui-master\repositories\stable-diffusion-stability-ai\assets\stable-samples\img2img\mountains-3.png","mountains-3.png",".png","656393","0.626","26/12/47 01:59:46 م"
"02_stable_diffusion_webui\stable-diffusion-webui-master\stable-diffusion-webui-master\repositories\stable-diffusion-stability-ai\assets\stable-samples\img2img\sketch-mountains-input.jpg","D:\zzipp\جي بي\الكميرا\_organized_generation_workspace_20260612\02_stable_diffusion_webui\stable-diffusion-webui-master\stable-diffusion-webui-master\repositories\stable-diffusion-stability-ai\assets\stable-samples\img2img\sketch-mountains-input.jpg","sketch-mountains-input.jpg",".jpg","178529","0.17","26/12/47 01:59:46 م"
"02_stable_diffusion_webui\stable-diffusion-webui-master\stable-diffusion-webui-master\repositories\stable-diffusion-stability-ai\assets\stable-samples\img2img\upscaling-in.png","D:\zzipp\جي بي\الكميرا\_organized_generation_workspace_20260612\02_stable_diffusion_webui\stable-diffusion-webui-master\stable-diffusion-webui-master\repositories\stable-diffusion-stability-ai\assets\stable-samples\img2img\upscaling-in.png","upscaling-in.png",".png","1167237","1.113","26/12/47 01:59:46 م"
"02_stable_diffusion_webui\stable-diffusion-webui-master\stable-diffusion-webui-master\repositories\stable-diffusion-stability-ai\assets\stable-samples\img2img\upscaling-out.png","D:\zzipp\جي بي\الكميرا\_organized_generation_workspace_20260612\02_stable_diffusion_webui\stable-diffusion-webui-master\stable-diffusion-webui-master\repositories\stable-diffusion-stability-ai\assets\stable-samples\img2img\upscaling-out.png","upscaling-out.png",".png","1317941","1.257","26/12/47 01:59:46 م"
"02_stable_diffusion_webui\stable-diffusion-webui-master\stable-diffusion-webui-master\repositories\stable-diffusion-stability-ai\assets\stable-samples\txt2img\000002025.png","D:\zzipp\جي بي\الكميرا\_organized_generation_workspace_20260612\02_stable_diffusion_webui\stable-diffusion-webui-master\stable-diffusion-webui-master\repositories\stable-diffusion-stability-ai\assets\stable-samples\txt2img\000002025.png","000002025.png",".png","967634","0.923","26/12/47 01:59:46 م"
"02_stable_diffusion_webui\stable-diffusion-webui-master\stable-diffusion-webui-master\repositories\stable-diffusion-stability-ai\assets\stable-samples\txt2img\000002035.png","D:\zzipp\جي بي\الكميرا\_organized_generation_workspace_20260612\02_stable_diffusion_webui\stable-diffusion-webui-master\stable-diffusion-webui-master\repositories\stable-diffusion-stability-ai\assets\stable-samples\txt2img\000002035.png","000002035.png",".png","995616","0.949","26/12/47 01:59:46 م"
"02_stable_diffusion_webui\stable-diffusion-webui-master\stable-diffusion-webui-master\repositories\stable-diffusion-stability-ai\assets\stable-samples\txt2img\merged-0005.png","D:\zzipp\جي بي\الكميرا\_organized_generation_workspace_20260612\02_stable_diffusion_webui\stable-diffusion-webui-master\stable-diffusion-webui-master\repositories\stable-diffusion-stability-ai\assets\stable-samples\txt2img\merged-0005.png","merged-0005.png",".png","2576264","2.457","26/12/47 01:59:46 م"
"02_stable_diffusion_webui\stable-diffusion-webui-master\stable-diffusion-webui-master\repositories\stable-diffusion-stability-ai\assets\stable-samples\txt2img\merged-0006.png","D:\zzipp\جي بي\الكميرا\_organized_generation_workspace_20260612\02_stable_diffusion_webui\stable-diffusion-webui-master\stable-diffusion-webui-master\repositories\stable-diffusion-stability-ai\assets\stable-samples\txt2img\merged-0006.png","merged-0006.png",".png","2638534","2.516","26/12/47 01:59:46 م"
"02_stable_diffusion_webui\stable-diffusion-webui-master\stable-diffusion-webui-master\repositories\stable-diffusion-stability-ai\assets\stable-samples\txt2img\merged-0007.png","D:\zzipp\جي بي\الكميرا\_organized_generation_workspace_20260612\02_stable_diffusion_webui\stable-diffusion-webui-master\stable-diffusion-webui-master\repositories\stable-diffusion-stability-ai\assets\stable-samples\txt2img\merged-0007.png","merged-0007.png",".png","2406799","2.295","26/12/47 01:59:46 م"
"02_stable_diffusion_webui\stable-diffusion-webui-master\stable-diffusion-webui-master\repositories\stable-diffusion-stability-ai\data\example_conditioning\superresolution\sample_0.jpg","D:\zzipp\جي بي\الكميرا\_organized_generation_workspace_20260612\02_stable_diffusion_webui\stable-diffusion-webui-master\stable-diffusion-webui-master\repositories\stable-diffusion-stability-ai\data\example_conditioning\superresolution\sample_0.jpg","sample_0.jpg",".jpg","14816","0.014","26/12/47 01:59:48 م"
"02_stable_diffusion_webui\stable-diffusion-webui-master\stable-diffusion-webui-master\repositories\stable-diffusion-stability-ai\data\inpainting_examples\6458524847_2f4c361183_k_mask.png","D:\zzipp\جي بي\الكميرا\_organized_generation_workspace_20260612\02_stable_diffusion_webui\stable-diffusion-webui-master\stable-diffusion-webui-master\repositories\stable-diffusion-stability-ai\data\inpainting_examples\6458524847_2f4c361183_k_mask.png","6458524847_2f4c361183_k_mask.png",".png","7583","0.007","26/12/47 01:59:48 م"
"02_stable_diffusion_webui\stable-diffusion-webui-master\stable-diffusion-webui-master\repositories\stable-diffusion-stability-ai\data\inpainting_examples\6458524847_2f4c361183_k.png","D:\zzipp\جي بي\الكميرا\_organized_generation_workspace_20260612\02_stable_diffusion_webui\stable-diffusion-webui-master\stable-diffusion-webui-master\repositories\stable-diffusion-stability-ai\data\inpainting_examples\6458524847_2f4c361183_k.png","6458524847_2f4c361183_k.png",".png","477051","0.455","26/12/47 01:59:48 م"
"02_stable_diffusion_webui\stable-diffusion-webui-master\stable-diffusion-webui-master\repositories\stable-diffusion-stability-ai\data\inpainting_examples\8399166846_f6fb4e4b8e_k_mask.png","D:\zzipp\جي بي\الكميرا\_organized_generation_workspace_20260612\02_stable_diffusion_webui\stable-diffusion-webui-master\stable-diffusion-webui-master\repositories\stable-diffusion-stability-ai\data\inpainting_examples\8399166846_f6fb4e4b8e_k_mask.png","8399166846_f6fb4e4b8e_k_mask.png",".png","7734","0.007","26/12/47 01:59:48 م"
"02_stable_diffusion_webui\stable-diffusion-webui-master\stable-diffusion-webui-master\repositories\stable-diffusion-stability-ai\data\inpainting_examples\8399166846_f6fb4e4b8e_k.png","D:\zzipp\جي بي\الكميرا\_organized_generation_workspace_20260612\02_stable_diffusion_webui\stable-diffusion-webui-master\stable-diffusion-webui-master\repositories\stable-diffusion-stability-ai\data\inpainting_examples\8399166846_f6fb4e4b8e_k.png","8399166846_f6fb4e4b8e_k.png",".png","552063","0.526","26/12/47 01:59:48 م"
"02_stable_diffusion_webui\stable-diffusion-webui-master\stable-diffusion-webui-master\repositories\stable-diffusion-stability-ai\data\inpainting_examples\alex-iby-G_Pk4D9rMLs_mask.png","D:\zzipp\جي بي\الكميرا\_organized_generation_workspace_20260612\02_stable_diffusion_webui\stable-diffusion-webui-master\stable-diffusion-webui-master\repositories\stable-diffusion-stability-ai\data\inpainting_examples\alex-iby-G_Pk4D9rMLs_mask.png","alex-iby-G_Pk4D9rMLs_mask.png",".png","11871","0.011","26/12/47 01:59:48 م"
"02_stable_diffusion_webui\stable-diffusion-webui-master\stable-diffusion-webui-master\repositories\stable-diffusion-stability-ai\data\inpainting_examples\alex-iby-G_Pk4D9rMLs.png","D:\zzipp\جي بي\الكميرا\_organized_generation_workspace_20260612\02_stable_diffusion_webui\stable-diffusion-webui-master\stable-diffusion-webui-master\repositories\stable-diffusion-stability-ai\data\inpainting_examples\alex-iby-G_Pk4D9rMLs.png","alex-iby-G_Pk4D9rMLs.png",".png","461110","0.44","26/12/47 01:59:48 م"
"02_stable_diffusion_webui\stable-diffusion-webui-master\stable-diffusion-webui-master\repositories\stable-diffusion-stability-ai\data\inpainting_examples\bench2_mask.png","D:\zzipp\جي بي\الكميرا\_organized_generation_workspace_20260612\02_stable_diffusion_webui\stable-diffusion-webui-master\stable-diffusion-webui-master\repositories\stable-diffusion-stability-ai\data\inpainting_examples\bench2_mask.png","bench2_mask.png",".png","12102","0.012","26/12/47 01:59:48 م"
"02_stable_diffusion_webui\stable-diffusion-webui-master\stable-diffusion-webui-master\repositories\stable-diffusion-stability-ai\data\inpainting_examples\bench2.png","D:\zzipp\جي بي\الكميرا\_organized_generation_workspace_20260612\02_stable_diffusion_webui\stable-diffusion-webui-master\stable-diffusion-webui-master\repositories\stable-diffusion-stability-ai\data\inpainting_examples\bench2.png","bench2.png",".png","566137","0.54","26/12/47 01:59:48 م"
"02_stable_diffusion_webui\stable-diffusion-webui-master\stable-diffusion-webui-master\repositories\stable-diffusion-stability-ai\data\inpainting_examples\bertrand-gabioud-CpuFzIsHYJ0_mask.png","D:\zzipp\جي بي\الكميرا\_organized_generation_workspace_20260612\02_stable_diffusion_webui\stable-diffusion-webui-master\stable-diffusion-webui-master\repositories\stable-diffusion-stability-ai\data\inpainting_examples\bertrand-gabioud-CpuFzIsHYJ0_mask.png","bertrand-gabioud-CpuFzIsHYJ0_mask.png",".png","6239","0.006","26/12/47 01:59:48 م"
"02_stable_diffusion_webui\stable-diffusion-webui-master\stable-diffusion-webui-master\repositories\stable-diffusion-stability-ai\data\inpainting_examples\bertrand-gabioud-CpuFzIsHYJ0.png","D:\zzipp\جي بي\الكميرا\_organized_generation_workspace_20260612\02_stable_diffusion_webui\stable-diffusion-webui-master\stable-diffusion-webui-master\repositories\stable-diffusion-stability-ai\data\inpainting_examples\bertrand-gabioud-CpuFzIsHYJ0.png","bertrand-gabioud-CpuFzIsHYJ0.png",".png","427470","0.408","26/12/47 01:59:48 م"
"02_stable_diffusion_webui\stable-diffusion-webui-master\stable-diffusion-webui-master\repositories\stable-diffusion-stability-ai\data\inpainting_examples\billow926-12-Wc-Zgx6Y_mask.png","D:\zzipp\جي بي\الكميرا\_organized_generation_workspace_20260612\02_stable_diffusion_webui\stable-diffusion-webui-master\stable-diffusion-webui-master\repositories\stable-diffusion-stability-ai\data\inpainting_examples\billow926-12-Wc-Zgx6Y_mask.png","billow926-12-Wc-Zgx6Y_mask.png",".png","9751","0.009","26/12/47 01:59:48 م"
"02_stable_diffusion_webui\stable-diffusion-webui-master\stable-diffusion-webui-master\repositories\stable-diffusion-stability-ai\data\inpainting_examples\billow926-12-Wc-Zgx6Y.png","D:\zzipp\جي بي\الكميرا\_organized_generation_workspace_20260612\02_stable_diffusion_webui\stable-diffusion-webui-master\stable-diffusion-webui-master\repositories\stable-diffusion-stability-ai\data\inpainting_examples\billow926-12-Wc-Zgx6Y.png","billow926-12-Wc-Zgx6Y.png",".png","554948","0.529","26/12/47 01:59:48 م"
"02_stable_diffusion_webui\stable-diffusion-webui-master\stable-diffusion-webui-master\repositories\stable-diffusion-stability-ai\data\inpainting_examples\overture-creations-5sI6fQgYIuo_mask.png","D:\zzipp\جي بي\الكميرا\_organized_generation_workspace_20260612\02_stable_diffusion_webui\stable-diffusion-webui-master\stable-diffusion-webui-master\repositories\stable-diffusion-stability-ai\data\inpainting_examples\overture-creations-5sI6fQgYIuo_mask.png","overture-creations-5sI6fQgYIuo_mask.png",".png","12106","0.012","26/12/47 01:59:48 م"
"02_stable_diffusion_webui\stable-diffusion-webui-master\stable-diffusion-webui-master\repositories\stable-diffusion-stability-ai\data\inpainting_examples\overture-creations-5sI6fQgYIuo.png","D:\zzipp\جي بي\الكميرا\_organized_generation_workspace_20260612\02_stable_diffusion_webui\stable-diffusion-webui-master\stable-diffusion-webui-master\repositories\stable-diffusion-stability-ai\data\inpainting_examples\overture-creations-5sI6fQgYIuo.png","overture-creations-5sI6fQgYIuo.png",".png","404753","0.386","26/12/47 01:59:48 م"
"02_stable_diffusion_webui\stable-diffusion-webui-master\stable-diffusion-webui-master\repositories\stable-diffusion-stability-ai\data\inpainting_examples\photo-1583445095369-9c651e7e5d34_mask.png","D:\zzipp\جي بي\الكميرا\_organized_generation_workspace_20260612\02_stable_diffusion_webui\stable-diffusion-webui-master\stable-diffusion-webui-master\repositories\stable-diffusion-stability-ai\data\inpainting_examples\photo-1583445095369-9c651e7e5d34_mask.png","photo-1583445095369-9c651e7e5d34_mask.png",".png","7955","0.008","26/12/47 01:59:48 م"
"02_stable_diffusion_webui\stable-diffusion-webui-master\stable-diffusion-webui-master\repositories\stable-diffusion-stability-ai\data\inpainting_examples\photo-1583445095369-9c651e7e5d34.png","D:\zzipp\جي بي\الكميرا\_organized_generation_workspace_20260612\02_stable_diffusion_webui\stable-diffusion-webui-master\stable-diffusion-webui-master\repositories\stable-diffusion-stability-ai\data\inpainting_examples\photo-1583445095369-9c651e7e5d34.png","photo-1583445095369-9c651e7e5d34.png",".png","475895","0.454","26/12/47 01:59:48 م"
"02_stable_diffusion_webui\stable-diffusion-webui-master\stable-diffusion-webui-master\repositories\stable-diffusion-stability-ai\ldm\modules\image_degradation\utils\test.png","D:\zzipp\جي بي\الكميرا\_organized_generation_workspace_20260612\02_stable_diffusion_webui\stable-diffusion-webui-master\stable-diffusion-webui-master\repositories\stable-diffusion-stability-ai\ldm\modules\image_degradation\utils\test.png","test.png",".png","441072","0.421","26/12/47 01:59:48 م"
"02_stable_diffusion_webui\stable-diffusion-webui-master\stable-diffusion-webui-master\repositories\generative-models\assets\000.jpg","D:\zzipp\جي بي\الكميرا\_organized_generation_workspace_20260612\02_stable_diffusion_webui\stable-diffusion-webui-master\stable-diffusion-webui-master\repositories\generative-models\assets\000.jpg","000.jpg",".jpg","728428","0.695","26/12/47 02:00:50 م"
"02_stable_diffusion_webui\stable-diffusion-webui-master\stable-diffusion-webui-master\repositories\generative-models\assets\001_with_eval.png","D:\zzipp\جي بي\الكميرا\_organized_generation_workspace_20260612\02_stable_diffusion_webui\stable-diffusion-webui-master\stable-diffusion-webui-master\repositories\generative-models\assets\001_with_eval.png","001_with_eval.png",".png","4186270","3.992","26/12/47 02:00:50 م"
"02_stable_diffusion_webui\stable-diffusion-webui-master\stable-diffusion-webui-master\repositories\taming-transformers\assets\birddrawnbyachild.png","D:\zzipp\جي بي\الكميرا\_organized_generation_workspace_20260612\02_stable_diffusion_webui\stable-diffusion-webui-master\stable-diffusion-webui-master\repositories\taming-transformers\assets\birddrawnbyachild.png","birddrawnbyachild.png",".png","1607893","1.533","26/12/47 02:32:44 م"
"02_stable_diffusion_webui\stable-diffusion-webui-master\stable-diffusion-webui-master\repositories\taming-transformers\assets\drin.jpg","D:\zzipp\جي بي\الكميرا\_organized_generation_workspace_20260612\02_stable_diffusion_webui\stable-diffusion-webui-master\stable-diffusion-webui-master\repositories\taming-transformers\assets\drin.jpg","drin.jpg",".jpg","285512","0.272","26/12/47 02:32:44 م"
"02_stable_diffusion_webui\stable-diffusion-webui-master\stable-diffusion-webui-master\repositories\taming-transformers\assets\faceshq.jpg","D:\zzipp\جي بي\الكميرا\_organized_generation_workspace_20260612\02_stable_diffusion_webui\stable-diffusion-webui-master\stable-diffusion-webui-master\repositories\taming-transformers\assets\faceshq.jpg","faceshq.jpg",".jpg","307186","0.293","26/12/47 02:32:44 م"
"02_stable_diffusion_webui\stable-diffusion-webui-master\stable-diffusion-webui-master\repositories\taming-transformers\assets\first_stage_mushrooms.png","D:\zzipp\جي بي\الكميرا\_organized_generation_workspace_20260612\02_stable_diffusion_webui\stable-diffusion-webui-master\stable-diffusion-webui-master\repositories\taming-transformers\assets\first_stage_mushrooms.png","first_stage_mushrooms.png",".png","1353846","1.291","26/12/47 02:32:44 م"
"02_stable_diffusion_webui\stable-diffusion-webui-master\stable-diffusion-webui-master\repositories\taming-transformers\assets\first_stage_squirrels.png","D:\zzipp\جي بي\الكميرا\_organized_generation_workspace_20260612\02_stable_diffusion_webui\stable-diffusion-webui-master\stable-diffusion-webui-master\repositories\taming-transformers\assets\first_stage_squirrels.png","first_stage_squirrels.png",".png","1424657","1.359","26/12/47 02:32:44 م"
"02_stable_diffusion_webui\stable-diffusion-webui-master\stable-diffusion-webui-master\repositories\taming-transformers\assets\imagenet.png","D:\zzipp\جي بي\الكميرا\_organized_generation_workspace_20260612\02_stable_diffusion_webui\stable-diffusion-webui-master\stable-diffusion-webui-master\repositories\taming-transformers\assets\imagenet.png","imagenet.png",".png","1029071","0.981","26/12/47 02:32:44 م"
"02_stable_diffusion_webui\stable-diffusion-webui-master\stable-diffusion-webui-master\repositories\taming-transformers\assets\lake_in_the_mountains.png","D:\zzipp\جي بي\الكميرا\_organized_generation_workspace_20260612\02_stable_diffusion_webui\stable-diffusion-webui-master\stable-diffusion-webui-master\repositories\taming-transformers\assets\lake_in_the_mountains.png","lake_in_the_mountains.png",".png","565421","0.539","26/12/47 02:32:44 م"
"02_stable_diffusion_webui\stable-diffusion-webui-master\stable-diffusion-webui-master\repositories\taming-transformers\assets\mountain.jpeg","D:\zzipp\جي بي\الكميرا\_organized_generation_workspace_20260612\02_stable_diffusion_webui\stable-diffusion-webui-master\stable-diffusion-webui-master\repositories\taming-transformers\assets\mountain.jpeg","mountain.jpeg",".jpeg","435792","0.416","26/12/47 02:32:44 م"
"02_stable_diffusion_webui\stable-diffusion-webui-master\stable-diffusion-webui-master\repositories\taming-transformers\assets\stormy.jpeg","D:\zzipp\جي بي\الكميرا\_organized_generation_workspace_20260612\02_stable_diffusion_webui\stable-diffusion-webui-master\stable-diffusion-webui-master\repositories\taming-transformers\assets\stormy.jpeg","stormy.jpeg",".jpeg","717548","0.684","26/12/47 02:32:44 م"
"02_stable_diffusion_webui\stable-diffusion-webui-master\stable-diffusion-webui-master\repositories\taming-transformers\assets\sunset_and_ocean.jpg","D:\zzipp\جي بي\الكميرا\_organized_generation_workspace_20260612\02_stable_diffusion_webui\stable-diffusion-webui-master\stable-diffusion-webui-master\repositories\taming-transformers\assets\sunset_and_ocean.jpg","sunset_and_ocean.jpg",".jpg","321717","0.307","26/12/47 02:32:44 م"
"02_stable_diffusion_webui\stable-diffusion-webui-master\stable-diffusion-webui-master\repositories\taming-transformers\assets\teaser.png","D:\zzipp\جي بي\الكميرا\_organized_generation_workspace_20260612\02_stable_diffusion_webui\stable-diffusion-webui-master\stable-diffusion-webui-master\repositories\taming-transformers\assets\teaser.png","teaser.png",".png","358611","0.342","26/12/47 02:32:44 م"
"02_stable_diffusion_webui\stable-diffusion-webui-master\stable-diffusion-webui-master\repositories\taming-transformers\data\ade20k_images\ADE_val_00000123.jpg","D:\zzipp\جي بي\الكميرا\_organized_generation_workspace_20260612\02_stable_diffusion_webui\stable-diffusion-webui-master\stable-diffusion-webui-master\repositories\taming-transformers\data\ade20k_images\ADE_val_00000123.jpg","ADE_val_00000123.jpg",".jpg","8734","0.008","26/12/47 02:32:44 م"
"02_stable_diffusion_webui\stable-diffusion-webui-master\stable-diffusion-webui-master\repositories\taming-transformers\data\ade20k_images\ADE_val_00000125.jpg","D:\zzipp\جي بي\الكميرا\_organized_generation_workspace_20260612\02_stable_diffusion_webui\stable-diffusion-webui-master\stable-diffusion-webui-master\repositories\taming-transformers\data\ade20k_images\ADE_val_00000125.jpg","ADE_val_00000125.jpg",".jpg","41155","0.039","26/12/47 02:32:44 م"
"02_stable_diffusion_webui\stable-diffusion-webui-master\stable-diffusion-webui-master\repositories\taming-transformers\data\ade20k_images\ADE_val_00000126.jpg","D:\zzipp\جي بي\الكميرا\_organized_generation_workspace_20260612\02_stable_diffusion_webui\stable-diffusion-webui-master\stable-diffusion-webui-master\repositories\taming-transformers\data\ade20k_images\ADE_val_00000126.jpg","ADE_val_00000126.jpg",".jpg","60591","0.058","26/12/47 02:32:44 م"
"02_stable_diffusion_webui\stable-diffusion-webui-master\stable-diffusion-webui-master\repositories\taming-transformers\data\ade20k_images\ADE_val_00000203.jpg","D:\zzipp\جي بي\الكميرا\_organized_generation_workspace_20260612\02_stable_diffusion_webui\stable-diffusion-webui-master\stable-diffusion-webui-master\repositories\taming-transformers\data\ade20k_images\ADE_val_00000203.jpg","ADE_val_00000203.jpg",".jpg","16003","0.015","26/12/47 02:32:44 م"
"02_stable_diffusion_webui\stable-diffusion-webui-master\stable-diffusion-webui-master\repositories\taming-transformers\data\ade20k_images\ADE_val_00000262.jpg","D:\zzipp\جي بي\الكميرا\_organized_generation_workspace_20260612\02_stable_diffusion_webui\stable-diffusion-webui-master\stable-diffusion-webui-master\repositories\taming-transformers\data\ade20k_images\ADE_val_00000262.jpg","ADE_val_00000262.jpg",".jpg","12721","0.012","26/12/47 02:32:44 م"
"02_stable_diffusion_webui\stable-diffusion-webui-master\stable-diffusion-webui-master\repositories\taming-transformers\data\ade20k_images\ADE_val_00000287.jpg","D:\zzipp\جي بي\الكميرا\_organized_generation_workspace_20260612\02_stable_diffusion_webui\stable-diffusion-webui-master\stable-diffusion-webui-master\repositories\taming-transformers\data\ade20k_images\ADE_val_00000287.jpg","ADE_val_00000287.jpg",".jpg","51604","0.049","26/12/47 02:32:44 م"
"02_stable_diffusion_webui\stable-diffusion-webui-master\stable-diffusion-webui-master\repositories\taming-transformers\data\ade20k_images\ADE_val_00000289.jpg","D:\zzipp\جي بي\الكميرا\_organized_generation_workspace_20260612\02_stable_diffusion_webui\stable-diffusion-webui-master\stable-diffusion-webui-master\repositories\taming-transformers\data\ade20k_images\ADE_val_00000289.jpg","ADE_val_00000289.jpg",".jpg","13593","0.013","26/12/47 02:32:44 م"
"02_stable_diffusion_webui\stable-diffusion-webui-master\stable-diffusion-webui-master\repositories\taming-transformers\data\ade20k_images\ADE_val_00000303.jpg","D:\zzipp\جي بي\الكميرا\_organized_generation_workspace_20260612\02_stable_diffusion_webui\stable-diffusion-webui-master\stable-diffusion-webui-master\repositories\taming-transformers\data\ade20k_images\ADE_val_00000303.jpg","ADE_val_00000303.jpg",".jpg","45199","0.043","26/12/47 02:32:44 م"
"02_stable_diffusion_webui\stable-diffusion-webui-master\stable-diffusion-webui-master\repositories\taming-transformers\data\ade20k_images\ADE_val_00000509.jpg","D:\zzipp\جي بي\الكميرا\_organized_generation_workspace_20260612\02_stable_diffusion_webui\stable-diffusion-webui-master\stable-diffusion-webui-master\repositories\taming-transformers\data\ade20k_images\ADE_val_00000509.jpg","ADE_val_00000509.jpg",".jpg","68343","0.065","26/12/47 02:32:44 م"
"02_stable_diffusion_webui\stable-diffusion-webui-master\stable-diffusion-webui-master\repositories\taming-transformers\data\ade20k_images\ADE_val_00000532.jpg","D:\zzipp\جي بي\الكميرا\_organized_generation_workspace_20260612\02_stable_diffusion_webui\stable-diffusion-webui-master\stable-diffusion-webui-master\repositories\taming-transformers\data\ade20k_images\ADE_val_00000532.jpg","ADE_val_00000532.jpg",".jpg","52217","0.05","26/12/47 02:32:44 م"
"02_stable_diffusion_webui\stable-diffusion-webui-master\stable-diffusion-webui-master\repositories\taming-transformers\data\ade20k_images\ADE_val_00000573.jpg","D:\zzipp\جي بي\الكميرا\_organized_generation_workspace_20260612\02_stable_diffusion_webui\stable-diffusion-webui-master\stable-diffusion-webui-master\repositories\taming-transformers\data\ade20k_images\ADE_val_00000573.jpg","ADE_val_00000573.jpg",".jpg","39645","0.038","26/12/47 02:32:44 م"
"02_stable_diffusion_webui\stable-diffusion-webui-master\stable-diffusion-webui-master\repositories\taming-transformers\data\ade20k_images\ADE_val_00000603.jpg","D:\zzipp\جي بي\الكميرا\_organized_generation_workspace_20260612\02_stable_diffusion_webui\stable-diffusion-webui-master\stable-diffusion-webui-master\repositories\taming-transformers\data\ade20k_images\ADE_val_00000603.jpg","ADE_val_00000603.jpg",".jpg","17545","0.017","26/12/47 02:32:44 م"
"02_stable_diffusion_webui\stable-diffusion-webui-master\stable-diffusion-webui-master\repositories\taming-transformers\data\ade20k_images\ADE_val_00000636.jpg","D:\zzipp\جي بي\الكميرا\_organized_generation_workspace_20260612\02_stable_diffusion_webui\stable-diffusion-webui-master\stable-diffusion-webui-master\repositories\taming-transformers\data\ade20k_images\ADE_val_00000636.jpg","ADE_val_00000636.jpg",".jpg","48529","0.046","26/12/47 02:32:44 م"
"02_stable_diffusion_webui\stable-diffusion-webui-master\stable-diffusion-webui-master\repositories\taming-transformers\data\ade20k_images\ADE_val_00000734.jpg","D:\zzipp\جي بي\الكميرا\_organized_generation_workspace_20260612\02_stable_diffusion_webui\stable-diffusion-webui-master\stable-diffusion-webui-master\repositories\taming-transformers\data\ade20k_images\ADE_val_00000734.jpg","ADE_val_00000734.jpg",".jpg","17863","0.017","26/12/47 02:32:44 م"
"02_stable_diffusion_webui\stable-diffusion-webui-master\stable-diffusion-webui-master\repositories\taming-transformers\data\ade20k_images\ADE_val_00000875.jpg","D:\zzipp\جي بي\الكميرا\_organized_generation_workspace_20260612\02_stable_diffusion_webui\stable-diffusion-webui-master\stable-diffusion-webui-master\repositories\taming-transformers\data\ade20k_images\ADE_val_00000875.jpg","ADE_val_00000875.jpg",".jpg","40315","0.038","26/12/47 02:32:44 م"
"02_stable_diffusion_webui\stable-diffusion-webui-master\stable-diffusion-webui-master\repositories\taming-transformers\data\ade20k_images\ADE_val_00000880.jpg","D:\zzipp\جي بي\الكميرا\_organized_generation_workspace_20260612\02_stable_diffusion_webui\stable-diffusion-webui-master\stable-diffusion-webui-master\repositories\taming-transformers\data\ade20k_images\ADE_val_00000880.jpg","ADE_val_00000880.jpg",".jpg","53672","0.051","26/12/47 02:32:44 م"
"02_stable_diffusion_webui\stable-diffusion-webui-master\stable-diffusion-webui-master\repositories\taming-transformers\data\ade20k_images\ADE_val_00001177.jpg","D:\zzipp\جي بي\الكميرا\_organized_generation_workspace_20260612\02_stable_diffusion_webui\stable-diffusion-webui-master\stable-diffusion-webui-master\repositories\taming-transformers\data\ade20k_images\ADE_val_00001177.jpg","ADE_val_00001177.jpg",".jpg","22728","0.022","26/12/47 02:32:44 م"
"02_stable_diffusion_webui\stable-diffusion-webui-master\stable-diffusion-webui-master\repositories\taming-transformers\data\ade20k_images\ADE_val_00001200.jpg","D:\zzipp\جي بي\الكميرا\_organized_generation_workspace_20260612\02_stable_diffusion_webui\stable-diffusion-webui-master\stable-diffusion-webui-master\repositories\taming-transformers\data\ade20k_images\ADE_val_00001200.jpg","ADE_val_00001200.jpg",".jpg","74676","0.071","26/12/47 02:32:44 م"
"02_stable_diffusion_webui\stable-diffusion-webui-master\stable-diffusion-webui-master\repositories\taming-transformers\data\ade20k_images\ADE_val_00001209.jpg","D:\zzipp\جي بي\الكميرا\_organized_generation_workspace_20260612\02_stable_diffusion_webui\stable-diffusion-webui-master\stable-diffusion-webui-master\repositories\taming-transformers\data\ade20k_images\ADE_val_00001209.jpg","ADE_val_00001209.jpg",".jpg","16554","0.016","26/12/47 02:32:44 م"
"02_stable_diffusion_webui\stable-diffusion-webui-master\stable-diffusion-webui-master\repositories\taming-transformers\data\ade20k_images\ADE_val_00001388.jpg","D:\zzipp\جي بي\الكميرا\_organized_generation_workspace_20260612\02_stable_diffusion_webui\stable-diffusion-webui-master\stable-diffusion-webui-master\repositories\taming-transformers\data\ade20k_images\ADE_val_00001388.jpg","ADE_val_00001388.jpg",".jpg","55087","0.053","26/12/47 02:32:44 م"
"02_stable_diffusion_webui\stable-diffusion-webui-master\stable-diffusion-webui-master\repositories\taming-transformers\data\ade20k_images\ADE_val_00001412.jpg","D:\zzipp\جي بي\الكميرا\_organized_generation_workspace_20260612\02_stable_diffusion_webui\stable-diffusion-webui-master\stable-diffusion-webui-master\repositories\taming-transformers\data\ade20k_images\ADE_val_00001412.jpg","ADE_val_00001412.jpg",".jpg","7727","0.007","26/12/47 02:32:44 م"
"02_stable_diffusion_webui\stable-diffusion-webui-master\stable-diffusion-webui-master\repositories\taming-transformers\data\ade20k_images\ADE_val_00001498.jpg","D:\zzipp\جي بي\الكميرا\_organized_generation_workspace_20260612\02_stable_diffusion_webui\stable-diffusion-webui-master\stable-diffusion-webui-master\repositories\taming-transformers\data\ade20k_images\ADE_val_00001498.jpg","ADE_val_00001498.jpg",".jpg","14020","0.013","26/12/47 02:32:44 م"
"02_stable_diffusion_webui\stable-diffusion-webui-master\stable-diffusion-webui-master\repositories\taming-transformers\data\ade20k_images\ADE_val_00001578.jpg","D:\zzipp\جي بي\الكميرا\_organized_generation_workspace_20260612\02_stable_diffusion_webui\stable-diffusion-webui-master\stable-diffusion-webui-master\repositories\taming-transformers\data\ade20k_images\ADE_val_00001578.jpg","ADE_val_00001578.jpg",".jpg","28659","0.027","26/12/47 02:32:44 م"
"02_stable_diffusion_webui\stable-diffusion-webui-master\stable-diffusion-webui-master\repositories\taming-transformers\data\ade20k_images\ADE_val_00001583.jpg","D:\zzipp\جي بي\الكميرا\_organized_generation_workspace_20260612\02_stable_diffusion_webui\stable-diffusion-webui-master\stable-diffusion-webui-master\repositories\taming-transformers\data\ade20k_images\ADE_val_00001583.jpg","ADE_val_00001583.jpg",".jpg","34441","0.033","26/12/47 02:32:44 م"
"02_stable_diffusion_webui\stable-diffusion-webui-master\stable-diffusion-webui-master\repositories\taming-transformers\data\ade20k_images\ADE_val_00001698.jpg","D:\zzipp\جي بي\الكميرا\_organized_generation_workspace_20260612\02_stable_diffusion_webui\stable-diffusion-webui-master\stable-diffusion-webui-master\repositories\taming-transformers\data\ade20k_images\ADE_val_00001698.jpg","ADE_val_00001698.jpg",".jpg","58900","0.056","26/12/47 02:32:44 م"
"02_stable_diffusion_webui\stable-diffusion-webui-master\stable-diffusion-webui-master\repositories\taming-transformers\data\ade20k_images\ADE_val_00001766.jpg","D:\zzipp\جي بي\الكميرا\_organized_generation_workspace_20260612\02_stable_diffusion_webui\stable-diffusion-webui-master\stable-diffusion-webui-master\repositories\taming-transformers\data\ade20k_images\ADE_val_00001766.jpg","ADE_val_00001766.jpg",".jpg","16077","0.015","26/12/47 02:32:44 م"
"02_stable_diffusion_webui\stable-diffusion-webui-master\stable-diffusion-webui-master\repositories\taming-transformers\data\ade20k_images\ADE_val_00001845.jpg","D:\zzipp\جي بي\الكميرا\_organized_generation_workspace_20260612\02_stable_diffusion_webui\stable-diffusion-webui-master\stable-diffusion-webui-master\repositories\taming-transformers\data\ade20k_images\ADE_val_00001845.jpg","ADE_val_00001845.jpg",".jpg","82709","0.079","26/12/47 02:32:44 م"
"02_stable_diffusion_webui\stable-diffusion-webui-master\stable-diffusion-webui-master\repositories\taming-transformers\data\ade20k_images\ADE_val_00001851.jpg","D:\zzipp\جي بي\الكميرا\_organized_generation_workspace_20260612\02_stable_diffusion_webui\stable-diffusion-webui-master\stable-diffusion-webui-master\repositories\taming-transformers\data\ade20k_images\ADE_val_00001851.jpg","ADE_val_00001851.jpg",".jpg","62206","0.059","26/12/47 02:32:44 م"
"02_stable_diffusion_webui\stable-diffusion-webui-master\stable-diffusion-webui-master\repositories\taming-transformers\data\ade20k_images\ADE_val_00001947.jpg","D:\zzipp\جي بي\الكميرا\_organized_generation_workspace_20260612\02_stable_diffusion_webui\stable-diffusion-webui-master\stable-diffusion-webui-master\repositories\taming-transformers\data\ade20k_images\ADE_val_00001947.jpg","ADE_val_00001947.jpg",".jpg","52437","0.05","26/12/47 02:32:44 م"
"02_stable_diffusion_webui\stable-diffusion-webui-master\stable-diffusion-webui-master\repositories\taming-transformers\data\ade20k_images\ADE_val_00001966.jpg","D:\zzipp\جي بي\الكميرا\_organized_generation_workspace_20260612\02_stable_diffusion_webui\stable-diffusion-webui-master\stable-diffusion-webui-master\repositories\taming-transformers\data\ade20k_images\ADE_val_00001966.jpg","ADE_val_00001966.jpg",".jpg","82994","0.079","26/12/47 02:32:44 م"
"02_stable_diffusion_webui\stable-diffusion-webui-master\stable-diffusion-webui-master\repositories\taming-transformers\data\ade20k_segmentations\ADE_val_00000123.png","D:\zzipp\جي بي\الكميرا\_organized_generation_workspace_20260612\02_stable_diffusion_webui\stable-diffusion-webui-master\stable-diffusion-webui-master\repositories\taming-transformers\data\ade20k_segmentations\ADE_val_00000123.png","ADE_val_00000123.png",".png","1882","0.002","26/12/47 02:32:44 م"
"02_stable_diffusion_webui\stable-diffusion-webui-master\stable-diffusion-webui-master\repositories\taming-transformers\data\ade20k_segmentations\ADE_val_00000125.png","D:\zzipp\جي بي\الكميرا\_organized_generation_workspace_20260612\02_stable_diffusion_webui\stable-diffusion-webui-master\stable-diffusion-webui-master\repositories\taming-transformers\data\ade20k_segmentations\ADE_val_00000125.png","ADE_val_00000125.png",".png","8137","0.008","26/12/47 02:32:44 م"
"02_stable_diffusion_webui\stable-diffusion-webui-master\stable-diffusion-webui-master\repositories\taming-transformers\data\ade20k_segmentations\ADE_val_00000126.png","D:\zzipp\جي بي\الكميرا\_organized_generation_workspace_20260612\02_stable_diffusion_webui\stable-diffusion-webui-master\stable-diffusion-webui-master\repositories\taming-transformers\data\ade20k_segmentations\ADE_val_00000126.png","ADE_val_00000126.png",".png","5525","0.005","26/12/47 02:32:44 م"
"02_stable_diffusion_webui\stable-diffusion-webui-master\stable-diffusion-webui-master\repositories\taming-transformers\data\ade20k_segmentations\ADE_val_00000203.png","D:\zzipp\جي بي\الكميرا\_organized_generation_workspace_20260612\02_stable_diffusion_webui\stable-diffusion-webui-master\stable-diffusion-webui-master\repositories\taming-transformers\data\ade20k_segmentations\ADE_val_00000203.png","ADE_val_00000203.png",".png","1625","0.002","26/12/47 02:32:44 م"
"02_stable_diffusion_webui\stable-diffusion-webui-master\stable-diffusion-webui-master\repositories\taming-transformers\data\ade20k_segmentations\ADE_val_00000262.png","D:\zzipp\جي بي\الكميرا\_organized_generation_workspace_20260612\02_stable_diffusion_webui\stable-diffusion-webui-master\stable-diffusion-webui-master\repositories\taming-transformers\data\ade20k_segmentations\ADE_val_00000262.png","ADE_val_00000262.png",".png","2576","0.002","26/12/47 02:32:44 م"
"02_stable_diffusion_webui\stable-diffusion-webui-master\stable-diffusion-webui-master\repositories\taming-transformers\data\ade20k_segmentations\ADE_val_00000287.png","D:\zzipp\جي بي\الكميرا\_organized_generation_workspace_20260612\02_stable_diffusion_webui\stable-diffusion-webui-master\stable-diffusion-webui-master\repositories\taming-transformers\data\ade20k_segmentations\ADE_val_00000287.png","ADE_val_00000287.png",".png","2832","0.003","26/12/47 02:32:44 م"
"02_stable_diffusion_webui\stable-diffusion-webui-master\stable-diffusion-webui-master\repositories\taming-transformers\data\ade20k_segmentations\ADE_val_00000289.png","D:\zzipp\جي بي\الكميرا\_organized_generation_workspace_20260612\02_stable_diffusion_webui\stable-diffusion-webui-master\stable-diffusion-webui-master\repositories\taming-transformers\data\ade20k_segmentations\ADE_val_00000289.png","ADE_val_00000289.png",".png","2317","0.002","26/12/47 02:32:44 م"
"02_stable_diffusion_webui\stable-diffusion-webui-master\stable-diffusion-webui-master\repositories\taming-transformers\data\ade20k_segmentations\ADE_val_00000303.png","D:\zzipp\جي بي\الكميرا\_organized_generation_workspace_20260612\02_stable_diffusion_webui\stable-diffusion-webui-master\stable-diffusion-webui-master\repositories\taming-transformers\data\ade20k_segmentations\ADE_val_00000303.png","ADE_val_00000303.png",".png","7096","0.007","26/12/47 02:32:44 م"
"02_stable_diffusion_webui\stable-diffusion-webui-master\stable-diffusion-webui-master\repositories\taming-transformers\data\ade20k_segmentations\ADE_val_00000509.png","D:\zzipp\جي بي\الكميرا\_organized_generation_workspace_20260612\02_stable_diffusion_webui\stable-diffusion-webui-master\stable-diffusion-webui-master\repositories\taming-transformers\data\ade20k_segmentations\ADE_val_00000509.png","ADE_val_00000509.png",".png","7190","0.007","26/12/47 02:32:44 م"
"02_stable_diffusion_webui\stable-diffusion-webui-master\stable-diffusion-webui-master\repositories\taming-transformers\data\ade20k_segmentations\ADE_val_00000532.png","D:\zzipp\جي بي\الكميرا\_organized_generation_workspace_20260612\02_stable_diffusion_webui\stable-diffusion-webui-master\stable-diffusion-webui-master\repositories\taming-transformers\data\ade20k_segmentations\ADE_val_00000532.png","ADE_val_00000532.png",".png","7732","0.007","26/12/47 02:32:44 م"
"02_stable_diffusion_webui\stable-diffusion-webui-master\stable-diffusion-webui-master\repositories\taming-transformers\data\ade20k_segmentations\ADE_val_00000573.png","D:\zzipp\جي بي\الكميرا\_organized_generation_workspace_20260612\02_stable_diffusion_webui\stable-diffusion-webui-master\stable-diffusion-webui-master\repositories\taming-transformers\data\ade20k_segmentations\ADE_val_00000573.png","ADE_val_00000573.png",".png","6505","0.006","26/12/47 02:32:44 م"
"02_stable_diffusion_webui\stable-diffusion-webui-master\stable-diffusion-webui-master\repositories\taming-transformers\data\ade20k_segmentations\ADE_val_00000603.png","D:\zzipp\جي بي\الكميرا\_organized_generation_workspace_20260612\02_stable_diffusion_webui\stable-diffusion-webui-master\stable-diffusion-webui-master\repositories\taming-transformers\data\ade20k_segmentations\ADE_val_00000603.png","ADE_val_00000603.png",".png","1643","0.002","26/12/47 02:32:44 م"
"02_stable_diffusion_webui\stable-diffusion-webui-master\stable-diffusion-webui-master\repositories\taming-transformers\data\ade20k_segmentations\ADE_val_00000636.png","D:\zzipp\جي بي\الكميرا\_organized_generation_workspace_20260612\02_stable_diffusion_webui\stable-diffusion-webui-master\stable-diffusion-webui-master\repositories\taming-transformers\data\ade20k_segmentations\ADE_val_00000636.png","ADE_val_00000636.png",".png","4994","0.005","26/12/47 02:32:44 م"
"02_stable_diffusion_webui\stable-diffusion-webui-master\stable-diffusion-webui-master\repositories\taming-transformers\data\ade20k_segmentations\ADE_val_00000734.png","D:\zzipp\جي بي\الكميرا\_organized_generation_workspace_20260612\02_stable_diffusion_webui\stable-diffusion-webui-master\stable-diffusion-webui-master\repositories\taming-transformers\data\ade20k_segmentations\ADE_val_00000734.png","ADE_val_00000734.png",".png","1833","0.002","26/12/47 02:32:44 م"
"02_stable_diffusion_webui\stable-diffusion-webui-master\stable-diffusion-webui-master\repositories\taming-transformers\data\ade20k_segmentations\ADE_val_00000875.png","D:\zzipp\جي بي\الكميرا\_organized_generation_workspace_20260612\02_stable_diffusion_webui\stable-diffusion-webui-master\stable-diffusion-webui-master\repositories\taming-transformers\data\ade20k_segmentations\ADE_val_00000875.png","ADE_val_00000875.png",".png","4799","0.005","26/12/47 02:32:44 م"
"02_stable_diffusion_webui\stable-diffusion-webui-master\stable-diffusion-webui-master\repositories\taming-transformers\data\ade20k_segmentations\ADE_val_00000880.png","D:\zzipp\جي بي\الكميرا\_organized_generation_workspace_20260612\02_stable_diffusion_webui\stable-diffusion-webui-master\stable-diffusion-webui-master\repositories\taming-transformers\data\ade20k_segmentations\ADE_val_00000880.png","ADE_val_00000880.png",".png","5932","0.006","26/12/47 02:32:44 م"
"02_stable_diffusion_webui\stable-diffusion-webui-master\stable-diffusion-webui-master\repositories\taming-transformers\data\ade20k_segmentations\ADE_val_00001177.png","D:\zzipp\جي بي\الكميرا\_organized_generation_workspace_20260612\02_stable_diffusion_webui\stable-diffusion-webui-master\stable-diffusion-webui-master\repositories\taming-transformers\data\ade20k_segmentations\ADE_val_00001177.png","ADE_val_00001177.png",".png","3795","0.004","26/12/47 02:32:44 م"
"02_stable_diffusion_webui\stable-diffusion-webui-master\stable-diffusion-webui-master\repositories\taming-transformers\data\ade20k_segmentations\ADE_val_00001200.png","D:\zzipp\جي بي\الكميرا\_organized_generation_workspace_20260612\02_stable_diffusion_webui\stable-diffusion-webui-master\stable-diffusion-webui-master\repositories\taming-transformers\data\ade20k_segmentations\ADE_val_00001200.png","ADE_val_00001200.png",".png","4634","0.004","26/12/47 02:32:44 م"
"02_stable_diffusion_webui\stable-diffusion-webui-master\stable-diffusion-webui-master\repositories\taming-transformers\data\ade20k_segmentations\ADE_val_00001209.png","D:\zzipp\جي بي\الكميرا\_organized_generation_workspace_20260612\02_stable_diffusion_webui\stable-diffusion-webui-master\stable-diffusion-webui-master\repositories\taming-transformers\data\ade20k_segmentations\ADE_val_00001209.png","ADE_val_00001209.png",".png","1562","0.001","26/12/47 02:32:44 م"
"02_stable_diffusion_webui\stable-diffusion-webui-master\stable-diffusion-webui-master\repositories\taming-transformers\data\ade20k_segmentations\ADE_val_00001388.png","D:\zzipp\جي بي\الكميرا\_organized_generation_workspace_20260612\02_stable_diffusion_webui\stable-diffusion-webui-master\stable-diffusion-webui-master\repositories\taming-transformers\data\ade20k_segmentations\ADE_val_00001388.png","ADE_val_00001388.png",".png","3494","0.003","26/12/47 02:32:44 م"
"02_stable_diffusion_webui\stable-diffusion-webui-master\stable-diffusion-webui-master\repositories\taming-transformers\data\ade20k_segmentations\ADE_val_00001412.png","D:\zzipp\جي بي\الكميرا\_organized_generation_workspace_20260612\02_stable_diffusion_webui\stable-diffusion-webui-master\stable-diffusion-webui-master\repositories\taming-transformers\data\ade20k_segmentations\ADE_val_00001412.png","ADE_val_00001412.png",".png","1473","0.001","26/12/47 02:32:44 م"
"02_stable_diffusion_webui\stable-diffusion-webui-master\stable-diffusion-webui-master\repositories\taming-transformers\data\ade20k_segmentations\ADE_val_00001498.png","D:\zzipp\جي بي\الكميرا\_organized_generation_workspace_20260612\02_stable_diffusion_webui\stable-diffusion-webui-master\stable-diffusion-webui-master\repositories\taming-transformers\data\ade20k_segmentations\ADE_val_00001498.png","ADE_val_00001498.png",".png","2602","0.002","26/12/47 02:32:44 م"
"02_stable_diffusion_webui\stable-diffusion-webui-master\stable-diffusion-webui-master\repositories\taming-transformers\data\ade20k_segmentations\ADE_val_00001578.png","D:\zzipp\جي بي\الكميرا\_organized_generation_workspace_20260612\02_stable_diffusion_webui\stable-diffusion-webui-master\stable-diffusion-webui-master\repositories\taming-transformers\data\ade20k_segmentations\ADE_val_00001578.png","ADE_val_00001578.png",".png","4052","0.004","26/12/47 02:32:44 م"
"02_stable_diffusion_webui\stable-diffusion-webui-master\stable-diffusion-webui-master\repositories\taming-transformers\data\ade20k_segmentations\ADE_val_00001583.png","D:\zzipp\جي بي\الكميرا\_organized_generation_workspace_20260612\02_stable_diffusion_webui\stable-diffusion-webui-master\stable-diffusion-webui-master\repositories\taming-transformers\data\ade20k_segmentations\ADE_val_00001583.png","ADE_val_00001583.png",".png","4788","0.005","26/12/47 02:32:44 م"
"02_stable_diffusion_webui\stable-diffusion-webui-master\stable-diffusion-webui-master\repositories\taming-transformers\data\ade20k_segmentations\ADE_val_00001698.png","D:\zzipp\جي بي\الكميرا\_organized_generation_workspace_20260612\02_stable_diffusion_webui\stable-diffusion-webui-master\stable-diffusion-webui-master\repositories\taming-transformers\data\ade20k_segmentations\ADE_val_00001698.png","ADE_val_00001698.png",".png","6730","0.006","26/12/47 02:32:44 م"
"02_stable_diffusion_webui\stable-diffusion-webui-master\stable-diffusion-webui-master\repositories\taming-transformers\data\ade20k_segmentations\ADE_val_00001766.png","D:\zzipp\جي بي\الكميرا\_organized_generation_workspace_20260612\02_stable_diffusion_webui\stable-diffusion-webui-master\stable-diffusion-webui-master\repositories\taming-transformers\data\ade20k_segmentations\ADE_val_00001766.png","ADE_val_00001766.png",".png","1848","0.002","26/12/47 02:32:44 م"
"02_stable_diffusion_webui\stable-diffusion-webui-master\stable-diffusion-webui-master\repositories\taming-transformers\data\ade20k_segmentations\ADE_val_00001845.png","D:\zzipp\جي بي\الكميرا\_organized_generation_workspace_20260612\02_stable_diffusion_webui\stable-diffusion-webui-master\stable-diffusion-webui-master\repositories\taming-transformers\data\ade20k_segmentations\ADE_val_00001845.png","ADE_val_00001845.png",".png","8131","0.008","26/12/47 02:32:44 م"
"02_stable_diffusion_webui\stable-diffusion-webui-master\stable-diffusion-webui-master\repositories\taming-transformers\data\ade20k_segmentations\ADE_val_00001851.png","D:\zzipp\جي بي\الكميرا\_organized_generation_workspace_20260612\02_stable_diffusion_webui\stable-diffusion-webui-master\stable-diffusion-webui-master\repositories\taming-transformers\data\ade20k_segmentations\ADE_val_00001851.png","ADE_val_00001851.png",".png","3633","0.003","26/12/47 02:32:44 م"
"02_stable_diffusion_webui\stable-diffusion-webui-master\stable-diffusion-webui-master\repositories\taming-transformers\data\ade20k_segmentations\ADE_val_00001947.png","D:\zzipp\جي بي\الكميرا\_organized_generation_workspace_20260612\02_stable_diffusion_webui\stable-diffusion-webui-master\stable-diffusion-webui-master\repositories\taming-transformers\data\ade20k_segmentations\ADE_val_00001947.png","ADE_val_00001947.png",".png","4940","0.005","26/12/47 02:32:44 م"
"02_stable_diffusion_webui\stable-diffusion-webui-master\stable-diffusion-webui-master\repositories\taming-transformers\data\ade20k_segmentations\ADE_val_00001966.png","D:\zzipp\جي بي\الكميرا\_organized_generation_workspace_20260612\02_stable_diffusion_webui\stable-diffusion-webui-master\stable-diffusion-webui-master\repositories\taming-transformers\data\ade20k_segmentations\ADE_val_00001966.png","ADE_val_00001966.png",".png","8094","0.008","26/12/47 02:32:44 م"
"02_stable_diffusion_webui\stable-diffusion-webui-master\stable-diffusion-webui-master\repositories\taming-transformers\data\coco_annotations_100\train2017\000000010005.jpg","D:\zzipp\جي بي\الكميرا\_organized_generation_workspace_20260612\02_stable_diffusion_webui\stable-diffusion-webui-master\stable-diffusion-webui-master\repositories\taming-transformers\data\coco_annotations_100\train2017\000000010005.jpg","000000010005.jpg",".jpg","149427","0.143","26/12/47 02:32:46 م"
"02_stable_diffusion_webui\stable-diffusion-webui-master\stable-diffusion-webui-master\repositories\taming-transformers\data\coco_annotations_100\train2017\000000010008.jpg","D:\zzipp\جي بي\الكميرا\_organized_generation_workspace_20260612\02_stable_diffusion_webui\stable-diffusion-webui-master\stable-diffusion-webui-master\repositories\taming-transformers\data\coco_annotations_100\train2017\000000010008.jpg","000000010008.jpg",".jpg","62247","0.059","26/12/47 02:32:46 م"
"02_stable_diffusion_webui\stable-diffusion-webui-master\stable-diffusion-webui-master\repositories\taming-transformers\data\coco_annotations_100\train2017\000000010012.jpg","D:\zzipp\جي بي\الكميرا\_organized_generation_workspace_20260612\02_stable_diffusion_webui\stable-diffusion-webui-master\stable-diffusion-webui-master\repositories\taming-transformers\data\coco_annotations_100\train2017\000000010012.jpg","000000010012.jpg",".jpg","82293","0.078","26/12/47 02:32:46 م"
"02_stable_diffusion_webui\stable-diffusion-webui-master\stable-diffusion-webui-master\repositories\taming-transformers\data\coco_annotations_100\train2017\000000010014.jpg","D:\zzipp\جي بي\الكميرا\_organized_generation_workspace_20260612\02_stable_diffusion_webui\stable-diffusion-webui-master\stable-diffusion-webui-master\repositories\taming-transformers\data\coco_annotations_100\train2017\000000010014.jpg","000000010014.jpg",".jpg","211886","0.202","26/12/47 02:32:46 م"
"02_stable_diffusion_webui\stable-diffusion-webui-master\stable-diffusion-webui-master\repositories\taming-transformers\data\coco_annotations_100\train2017\000000010015.jpg","D:\zzipp\جي بي\الكميرا\_organized_generation_workspace_20260612\02_stable_diffusion_webui\stable-diffusion-webui-master\stable-diffusion-webui-master\repositories\taming-transformers\data\coco_annotations_100\train2017\000000010015.jpg","000000010015.jpg",".jpg","185243","0.177","26/12/47 02:32:46 م"
"02_stable_diffusion_webui\stable-diffusion-webui-master\stable-diffusion-webui-master\repositories\taming-transformers\data\coco_annotations_100\train2017\000000010023.jpg","D:\zzipp\جي بي\الكميرا\_organized_generation_workspace_20260612\02_stable_diffusion_webui\stable-diffusion-webui-master\stable-diffusion-webui-master\repositories\taming-transformers\data\coco_annotations_100\train2017\000000010023.jpg","000000010023.jpg",".jpg","120367","0.115","26/12/47 02:32:46 م"
"02_stable_diffusion_webui\stable-diffusion-webui-master\stable-diffusion-webui-master\repositories\taming-transformers\data\coco_annotations_100\train2017\000000010024.jpg","D:\zzipp\جي بي\الكميرا\_organized_generation_workspace_20260612\02_stable_diffusion_webui\stable-diffusion-webui-master\stable-diffusion-webui-master\repositories\taming-transformers\data\coco_annotations_100\train2017\000000010024.jpg","000000010024.jpg",".jpg","225722","0.215","26/12/47 02:32:46 م"
"02_stable_diffusion_webui\stable-diffusion-webui-master\stable-diffusion-webui-master\repositories\taming-transformers\data\coco_annotations_100\train2017\000000010037.jpg","D:\zzipp\جي بي\الكميرا\_organized_generation_workspace_20260612\02_stable_diffusion_webui\stable-diffusion-webui-master\stable-diffusion-webui-master\repositories\taming-transformers\data\coco_annotations_100\train2017\000000010037.jpg","000000010037.jpg",".jpg","117151","0.112","26/12/47 02:32:46 م"
"02_stable_diffusion_webui\stable-diffusion-webui-master\stable-diffusion-webui-master\repositories\taming-transformers\data\coco_annotations_100\train2017\000000010039.jpg","D:\zzipp\جي بي\الكميرا\_organized_generation_workspace_20260612\02_stable_diffusion_webui\stable-diffusion-webui-master\stable-diffusion-webui-master\repositories\taming-transformers\data\coco_annotations_100\train2017\000000010039.jpg","000000010039.jpg",".jpg","181612","0.173","26/12/47 02:32:46 م"
"02_stable_diffusion_webui\stable-diffusion-webui-master\stable-diffusion-webui-master\repositories\taming-transformers\data\coco_annotations_100\train2017\000000010040.jpg","D:\zzipp\جي بي\الكميرا\_organized_generation_workspace_20260612\02_stable_diffusion_webui\stable-diffusion-webui-master\stable-diffusion-webui-master\repositories\taming-transformers\data\coco_annotations_100\train2017\000000010040.jpg","000000010040.jpg",".jpg","203649","0.194","26/12/47 02:32:46 م"
"02_stable_diffusion_webui\stable-diffusion-webui-master\stable-diffusion-webui-master\repositories\taming-transformers\data\coco_annotations_100\train2017\000000010041.jpg","D:\zzipp\جي بي\الكميرا\_organized_generation_workspace_20260612\02_stable_diffusion_webui\stable-diffusion-webui-master\stable-diffusion-webui-master\repositories\taming-transformers\data\coco_annotations_100\train2017\000000010041.jpg","000000010041.jpg",".jpg","153054","0.146","26/12/47 02:32:46 م"
"02_stable_diffusion_webui\stable-diffusion-webui-master\stable-diffusion-webui-master\repositories\taming-transformers\data\coco_annotations_100\train2017\000000010046.jpg","D:\zzipp\جي بي\الكميرا\_organized_generation_workspace_20260612\02_stable_diffusion_webui\stable-diffusion-webui-master\stable-diffusion-webui-master\repositories\taming-transformers\data\coco_annotations_100\train2017\000000010046.jpg","000000010046.jpg",".jpg","179720","0.171","26/12/47 02:32:46 م"
"02_stable_diffusion_webui\stable-diffusion-webui-master\stable-diffusion-webui-master\repositories\taming-transformers\data\coco_annotations_100\train2017\000000010056.jpg","D:\zzipp\جي بي\الكميرا\_organized_generation_workspace_20260612\02_stable_diffusion_webui\stable-diffusion-webui-master\stable-diffusion-webui-master\repositories\taming-transformers\data\coco_annotations_100\train2017\000000010056.jpg","000000010056.jpg",".jpg","248664","0.237","26/12/47 02:32:46 م"
"02_stable_diffusion_webui\stable-diffusion-webui-master\stable-diffusion-webui-master\repositories\taming-transformers\data\coco_annotations_100\train2017\000000010058.jpg","D:\zzipp\جي بي\الكميرا\_organized_generation_workspace_20260612\02_stable_diffusion_webui\stable-diffusion-webui-master\stable-diffusion-webui-master\repositories\taming-transformers\data\coco_annotations_100\train2017\000000010058.jpg","000000010058.jpg",".jpg","182710","0.174","26/12/47 02:32:46 م"
"02_stable_diffusion_webui\stable-diffusion-webui-master\stable-diffusion-webui-master\repositories\taming-transformers\data\coco_annotations_100\train2017\000000010069.jpg","D:\zzipp\جي بي\الكميرا\_organized_generation_workspace_20260612\02_stable_diffusion_webui\stable-diffusion-webui-master\stable-diffusion-webui-master\repositories\taming-transformers\data\coco_annotations_100\train2017\000000010069.jpg","000000010069.jpg",".jpg","239108","0.228","26/12/47 02:32:46 م"
"02_stable_diffusion_webui\stable-diffusion-webui-master\stable-diffusion-webui-master\repositories\taming-transformers\data\coco_annotations_100\train2017\000000010073.jpg","D:\zzipp\جي بي\الكميرا\_organized_generation_workspace_20260612\02_stable_diffusion_webui\stable-diffusion-webui-master\stable-diffusion-webui-master\repositories\taming-transformers\data\coco_annotations_100\train2017\000000010073.jpg","000000010073.jpg",".jpg","269411","0.257","26/12/47 02:32:46 م"
"02_stable_diffusion_webui\stable-diffusion-webui-master\stable-diffusion-webui-master\repositories\taming-transformers\data\coco_annotations_100\train2017\000000010077.jpg","D:\zzipp\جي بي\الكميرا\_organized_generation_workspace_20260612\02_stable_diffusion_webui\stable-diffusion-webui-master\stable-diffusion-webui-master\repositories\taming-transformers\data\coco_annotations_100\train2017\000000010077.jpg","000000010077.jpg",".jpg","132460","0.126","26/12/47 02:32:46 م"
"02_stable_diffusion_webui\stable-diffusion-webui-master\stable-diffusion-webui-master\repositories\taming-transformers\data\coco_annotations_100\train2017\000000010082.jpg","D:\zzipp\جي بي\الكميرا\_organized_generation_workspace_20260612\02_stable_diffusion_webui\stable-diffusion-webui-master\stable-diffusion-webui-master\repositories\taming-transformers\data\coco_annotations_100\train2017\000000010082.jpg","000000010082.jpg",".jpg","168228","0.16","26/12/47 02:32:46 م"
"02_stable_diffusion_webui\stable-diffusion-webui-master\stable-diffusion-webui-master\repositories\taming-transformers\data\coco_annotations_100\train2017\000000010083.jpg","D:\zzipp\جي بي\الكميرا\_organized_generation_workspace_20260612\02_stable_diffusion_webui\stable-diffusion-webui-master\stable-diffusion-webui-master\repositories\taming-transformers\data\coco_annotations_100\train2017\000000010083.jpg","000000010083.jpg",".jpg","114547","0.109","26/12/47 02:32:46 م"
"02_stable_diffusion_webui\stable-diffusion-webui-master\stable-diffusion-webui-master\repositories\taming-transformers\data\coco_annotations_100\train2017\000000010084.jpg","D:\zzipp\جي بي\الكميرا\_organized_generation_workspace_20260612\02_stable_diffusion_webui\stable-diffusion-webui-master\stable-diffusion-webui-master\repositories\taming-transformers\data\coco_annotations_100\train2017\000000010084.jpg","000000010084.jpg",".jpg","261011","0.249","26/12/47 02:32:46 م"
"02_stable_diffusion_webui\stable-diffusion-webui-master\stable-diffusion-webui-master\repositories\taming-transformers\data\coco_annotations_100\train2017\000000010094.jpg","D:\zzipp\جي بي\الكميرا\_organized_generation_workspace_20260612\02_stable_diffusion_webui\stable-diffusion-webui-master\stable-diffusion-webui-master\repositories\taming-transformers\data\coco_annotations_100\train2017\000000010094.jpg","000000010094.jpg",".jpg","159568","0.152","26/12/47 02:32:46 م"
"02_stable_diffusion_webui\stable-diffusion-webui-master\stable-diffusion-webui-master\repositories\taming-transformers\data\coco_annotations_100\train2017\000000010097.jpg","D:\zzipp\جي بي\الكميرا\_organized_generation_workspace_20260612\02_stable_diffusion_webui\stable-diffusion-webui-master\stable-diffusion-webui-master\repositories\taming-transformers\data\coco_annotations_100\train2017\000000010097.jpg","000000010097.jpg",".jpg","113045","0.108","26/12/47 02:32:46 م"
"02_stable_diffusion_webui\stable-diffusion-webui-master\stable-diffusion-webui-master\repositories\taming-transformers\data\coco_annotations_100\train2017\000000010104.jpg","D:\zzipp\جي بي\الكميرا\_organized_generation_workspace_20260612\02_stable_diffusion_webui\stable-diffusion-webui-master\stable-diffusion-webui-master\repositories\taming-transformers\data\coco_annotations_100\train2017\000000010104.jpg","000000010104.jpg",".jpg","187253","0.179","26/12/47 02:32:46 م"
"02_stable_diffusion_webui\stable-diffusion-webui-master\stable-diffusion-webui-master\repositories\taming-transformers\data\coco_annotations_100\train2017\000000010107.jpg","D:\zzipp\جي بي\الكميرا\_organized_generation_workspace_20260612\02_stable_diffusion_webui\stable-diffusion-webui-master\stable-diffusion-webui-master\repositories\taming-transformers\data\coco_annotations_100\train2017\000000010107.jpg","000000010107.jpg",".jpg","87673","0.084","26/12/47 02:32:46 م"
"02_stable_diffusion_webui\stable-diffusion-webui-master\stable-diffusion-webui-master\repositories\taming-transformers\data\coco_annotations_100\train2017\000000010108.jpg","D:\zzipp\جي بي\الكميرا\_organized_generation_workspace_20260612\02_stable_diffusion_webui\stable-diffusion-webui-master\stable-diffusion-webui-master\repositories\taming-transformers\data\coco_annotations_100\train2017\000000010108.jpg","000000010108.jpg",".jpg","76964","0.073","26/12/47 02:32:46 م"
"02_stable_diffusion_webui\stable-diffusion-webui-master\stable-diffusion-webui-master\repositories\taming-transformers\data\coco_annotations_100\train2017\000000010114.jpg","D:\zzipp\جي بي\الكميرا\_organized_generation_workspace_20260612\02_stable_diffusion_webui\stable-diffusion-webui-master\stable-diffusion-webui-master\repositories\taming-transformers\data\coco_annotations_100\train2017\000000010114.jpg","000000010114.jpg",".jpg","210552","0.201","26/12/47 02:32:46 م"
"02_stable_diffusion_webui\stable-diffusion-webui-master\stable-diffusion-webui-master\repositories\taming-transformers\data\coco_annotations_100\train2017\000000010115.jpg","D:\zzipp\جي بي\الكميرا\_organized_generation_workspace_20260612\02_stable_diffusion_webui\stable-diffusion-webui-master\stable-diffusion-webui-master\repositories\taming-transformers\data\coco_annotations_100\train2017\000000010115.jpg","000000010115.jpg",".jpg","122470","0.117","26/12/47 02:32:46 م"
"02_stable_diffusion_webui\stable-diffusion-webui-master\stable-diffusion-webui-master\repositories\taming-transformers\data\coco_annotations_100\train2017\000000010123.jpg","D:\zzipp\جي بي\الكميرا\_organized_generation_workspace_20260612\02_stable_diffusion_webui\stable-diffusion-webui-master\stable-diffusion-webui-master\repositories\taming-transformers\data\coco_annotations_100\train2017\000000010123.jpg","000000010123.jpg",".jpg","142945","0.136","26/12/47 02:32:46 م"
"02_stable_diffusion_webui\stable-diffusion-webui-master\stable-diffusion-webui-master\repositories\taming-transformers\data\coco_annotations_100\train2017\000000010125.jpg","D:\zzipp\جي بي\الكميرا\_organized_generation_workspace_20260612\02_stable_diffusion_webui\stable-diffusion-webui-master\stable-diffusion-webui-master\repositories\taming-transformers\data\coco_annotations_100\train2017\000000010125.jpg","000000010125.jpg",".jpg","129044","0.123","26/12/47 02:32:46 م"
"02_stable_diffusion_webui\stable-diffusion-webui-master\stable-diffusion-webui-master\repositories\taming-transformers\data\coco_annotations_100\train2017\000000010130.jpg","D:\zzipp\جي بي\الكميرا\_organized_generation_workspace_20260612\02_stable_diffusion_webui\stable-diffusion-webui-master\stable-diffusion-webui-master\repositories\taming-transformers\data\coco_annotations_100\train2017\000000010130.jpg","000000010130.jpg",".jpg","186066","0.177","26/12/47 02:32:46 م"
"02_stable_diffusion_webui\stable-diffusion-webui-master\stable-diffusion-webui-master\repositories\taming-transformers\data\coco_annotations_100\train2017\000000010136.jpg","D:\zzipp\جي بي\الكميرا\_organized_generation_workspace_20260612\02_stable_diffusion_webui\stable-diffusion-webui-master\stable-diffusion-webui-master\repositories\taming-transformers\data\coco_annotations_100\train2017\000000010136.jpg","000000010136.jpg",".jpg","114426","0.109","26/12/47 02:32:46 م"
"02_stable_diffusion_webui\stable-diffusion-webui-master\stable-diffusion-webui-master\repositories\taming-transformers\data\coco_annotations_100\train2017\000000010138.jpg","D:\zzipp\جي بي\الكميرا\_organized_generation_workspace_20260612\02_stable_diffusion_webui\stable-diffusion-webui-master\stable-diffusion-webui-master\repositories\taming-transformers\data\coco_annotations_100\train2017\000000010138.jpg","000000010138.jpg",".jpg","161164","0.154","26/12/47 02:32:46 م"
"02_stable_diffusion_webui\stable-diffusion-webui-master\stable-diffusion-webui-master\repositories\taming-transformers\data\coco_annotations_100\train2017\000000010142.jpg","D:\zzipp\جي بي\الكميرا\_organized_generation_workspace_20260612\02_stable_diffusion_webui\stable-diffusion-webui-master\stable-diffusion-webui-master\repositories\taming-transformers\data\coco_annotations_100\train2017\000000010142.jpg","000000010142.jpg",".jpg","270353","0.258","26/12/47 02:32:46 م"
"02_stable_diffusion_webui\stable-diffusion-webui-master\stable-diffusion-webui-master\repositories\taming-transformers\data\coco_annotations_100\train2017\000000010145.jpg","D:\zzipp\جي بي\الكميرا\_organized_generation_workspace_20260612\02_stable_diffusion_webui\stable-diffusion-webui-master\stable-diffusion-webui-master\repositories\taming-transformers\data\coco_annotations_100\train2017\000000010145.jpg","000000010145.jpg",".jpg","162637","0.155","26/12/47 02:32:46 م"
"02_stable_diffusion_webui\stable-diffusion-webui-master\stable-diffusion-webui-master\repositories\taming-transformers\data\coco_annotations_100\train2017\000000010149.jpg","D:\zzipp\جي بي\الكميرا\_organized_generation_workspace_20260612\02_stable_diffusion_webui\stable-diffusion-webui-master\stable-diffusion-webui-master\repositories\taming-transformers\data\coco_annotations_100\train2017\000000010149.jpg","000000010149.jpg",".jpg","203459","0.194","26/12/47 02:32:46 م"
"02_stable_diffusion_webui\stable-diffusion-webui-master\stable-diffusion-webui-master\repositories\taming-transformers\data\coco_annotations_100\train2017\000000010161.jpg","D:\zzipp\جي بي\الكميرا\_organized_generation_workspace_20260612\02_stable_diffusion_webui\stable-diffusion-webui-master\stable-diffusion-webui-master\repositories\taming-transformers\data\coco_annotations_100\train2017\000000010161.jpg","000000010161.jpg",".jpg","165598","0.158","26/12/47 02:32:46 م"
"02_stable_diffusion_webui\stable-diffusion-webui-master\stable-diffusion-webui-master\repositories\taming-transformers\data\coco_annotations_100\train2017\000000010166.jpg","D:\zzipp\جي بي\الكميرا\_organized_generation_workspace_20260612\02_stable_diffusion_webui\stable-diffusion-webui-master\stable-diffusion-webui-master\repositories\taming-transformers\data\coco_annotations_100\train2017\000000010166.jpg","000000010166.jpg",".jpg","120359","0.115","26/12/47 02:32:46 م"
"02_stable_diffusion_webui\stable-diffusion-webui-master\stable-diffusion-webui-master\repositories\taming-transformers\data\coco_annotations_100\train2017\000000010175.jpg","D:\zzipp\جي بي\الكميرا\_organized_generation_workspace_20260612\02_stable_diffusion_webui\stable-diffusion-webui-master\stable-diffusion-webui-master\repositories\taming-transformers\data\coco_annotations_100\train2017\000000010175.jpg","000000010175.jpg",".jpg","190046","0.181","26/12/47 02:32:46 م"
"02_stable_diffusion_webui\stable-diffusion-webui-master\stable-diffusion-webui-master\repositories\taming-transformers\data\coco_annotations_100\train2017\000000010176.jpg","D:\zzipp\جي بي\الكميرا\_organized_generation_workspace_20260612\02_stable_diffusion_webui\stable-diffusion-webui-master\stable-diffusion-webui-master\repositories\taming-transformers\data\coco_annotations_100\train2017\000000010176.jpg","000000010176.jpg",".jpg","101856","0.097","26/12/47 02:32:46 م"
"02_stable_diffusion_webui\stable-diffusion-webui-master\stable-diffusion-webui-master\repositories\taming-transformers\data\coco_annotations_100\train2017\000000010179.jpg","D:\zzipp\جي بي\الكميرا\_organized_generation_workspace_20260612\02_stable_diffusion_webui\stable-diffusion-webui-master\stable-diffusion-webui-master\repositories\taming-transformers\data\coco_annotations_100\train2017\000000010179.jpg","000000010179.jpg",".jpg","187581","0.179","26/12/47 02:32:46 م"
"02_stable_diffusion_webui\stable-diffusion-webui-master\stable-diffusion-webui-master\repositories\taming-transformers\data\coco_annotations_100\train2017\000000010192.jpg","D:\zzipp\جي بي\الكميرا\_organized_generation_workspace_20260612\02_stable_diffusion_webui\stable-diffusion-webui-master\stable-diffusion-webui-master\repositories\taming-transformers\data\coco_annotations_100\train2017\000000010192.jpg","000000010192.jpg",".jpg","136555","0.13","26/12/47 02:32:46 م"
"02_stable_diffusion_webui\stable-diffusion-webui-master\stable-diffusion-webui-master\repositories\taming-transformers\data\coco_annotations_100\train2017\000000010196.jpg","D:\zzipp\جي بي\الكميرا\_organized_generation_workspace_20260612\02_stable_diffusion_webui\stable-diffusion-webui-master\stable-diffusion-webui-master\repositories\taming-transformers\data\coco_annotations_100\train2017\000000010196.jpg","000000010196.jpg",".jpg","212632","0.203","26/12/47 02:32:46 م"
"02_stable_diffusion_webui\stable-diffusion-webui-master\stable-diffusion-webui-master\repositories\taming-transformers\data\coco_annotations_100\train2017\000000010205.jpg","D:\zzipp\جي بي\الكميرا\_organized_generation_workspace_20260612\02_stable_diffusion_webui\stable-diffusion-webui-master\stable-diffusion-webui-master\repositories\taming-transformers\data\coco_annotations_100\train2017\000000010205.jpg","000000010205.jpg",".jpg","88018","0.084","26/12/47 02:32:46 م"
"02_stable_diffusion_webui\stable-diffusion-webui-master\stable-diffusion-webui-master\repositories\taming-transformers\data\coco_annotations_100\train2017\000000010211.jpg","D:\zzipp\جي بي\الكميرا\_organized_generation_workspace_20260612\02_stable_diffusion_webui\stable-diffusion-webui-master\stable-diffusion-webui-master\repositories\taming-transformers\data\coco_annotations_100\train2017\000000010211.jpg","000000010211.jpg",".jpg","167352","0.16","26/12/47 02:32:46 م"
"02_stable_diffusion_webui\stable-diffusion-webui-master\stable-diffusion-webui-master\repositories\taming-transformers\data\coco_annotations_100\train2017\000000010216.jpg","D:\zzipp\جي بي\الكميرا\_organized_generation_workspace_20260612\02_stable_diffusion_webui\stable-diffusion-webui-master\stable-diffusion-webui-master\repositories\taming-transformers\data\coco_annotations_100\train2017\000000010216.jpg","000000010216.jpg",".jpg","153686","0.147","26/12/47 02:32:46 م"
"02_stable_diffusion_webui\stable-diffusion-webui-master\stable-diffusion-webui-master\repositories\taming-transformers\data\coco_annotations_100\train2017\000000010217.jpg","D:\zzipp\جي بي\الكميرا\_organized_generation_workspace_20260612\02_stable_diffusion_webui\stable-diffusion-webui-master\stable-diffusion-webui-master\repositories\taming-transformers\data\coco_annotations_100\train2017\000000010217.jpg","000000010217.jpg",".jpg","167361","0.16","26/12/47 02:32:46 م"
"02_stable_diffusion_webui\stable-diffusion-webui-master\stable-diffusion-webui-master\repositories\taming-transformers\data\coco_annotations_100\train2017\000000010219.jpg","D:\zzipp\جي بي\الكميرا\_organized_generation_workspace_20260612\02_stable_diffusion_webui\stable-diffusion-webui-master\stable-diffusion-webui-master\repositories\taming-transformers\data\coco_annotations_100\train2017\000000010219.jpg","000000010219.jpg",".jpg","166468","0.159","26/12/47 02:32:46 م"
"02_stable_diffusion_webui\stable-diffusion-webui-master\stable-diffusion-webui-master\repositories\taming-transformers\data\coco_annotations_100\train2017\000000010222.jpg","D:\zzipp\جي بي\الكميرا\_organized_generation_workspace_20260612\02_stable_diffusion_webui\stable-diffusion-webui-master\stable-diffusion-webui-master\repositories\taming-transformers\data\coco_annotations_100\train2017\000000010222.jpg","000000010222.jpg",".jpg","79410","0.076","26/12/47 02:32:46 م"
"02_stable_diffusion_webui\stable-diffusion-webui-master\stable-diffusion-webui-master\repositories\taming-transformers\data\coco_annotations_100\train2017\000000010229.jpg","D:\zzipp\جي بي\الكميرا\_organized_generation_workspace_20260612\02_stable_diffusion_webui\stable-diffusion-webui-master\stable-diffusion-webui-master\repositories\taming-transformers\data\coco_annotations_100\train2017\000000010229.jpg","000000010229.jpg",".jpg","141942","0.135","26/12/47 02:32:46 م"
"02_stable_diffusion_webui\stable-diffusion-webui-master\stable-diffusion-webui-master\repositories\taming-transformers\data\coco_annotations_100\train2017\000000010230.jpg","D:\zzipp\جي بي\الكميرا\_organized_generation_workspace_20260612\02_stable_diffusion_webui\stable-diffusion-webui-master\stable-diffusion-webui-master\repositories\taming-transformers\data\coco_annotations_100\train2017\000000010230.jpg","000000010230.jpg",".jpg","230438","0.22","26/12/47 02:32:46 م"
"02_stable_diffusion_webui\stable-diffusion-webui-master\stable-diffusion-webui-master\repositories\taming-transformers\data\coco_annotations_100\train2017\000000010232.jpg","D:\zzipp\جي بي\الكميرا\_organized_generation_workspace_20260612\02_stable_diffusion_webui\stable-diffusion-webui-master\stable-diffusion-webui-master\repositories\taming-transformers\data\coco_annotations_100\train2017\000000010232.jpg","000000010232.jpg",".jpg","110052","0.105","26/12/47 02:32:46 م"
"02_stable_diffusion_webui\stable-diffusion-webui-master\stable-diffusion-webui-master\repositories\taming-transformers\data\coco_annotations_100\train2017\000000010239.jpg","D:\zzipp\جي بي\الكميرا\_organized_generation_workspace_20260612\02_stable_diffusion_webui\stable-diffusion-webui-master\stable-diffusion-webui-master\repositories\taming-transformers\data\coco_annotations_100\train2017\000000010239.jpg","000000010239.jpg",".jpg","113696","0.108","26/12/47 02:32:46 م"
"02_stable_diffusion_webui\stable-diffusion-webui-master\stable-diffusion-webui-master\repositories\taming-transformers\data\coco_annotations_100\train2017\000000010241.jpg","D:\zzipp\جي بي\الكميرا\_organized_generation_workspace_20260612\02_stable_diffusion_webui\stable-diffusion-webui-master\stable-diffusion-webui-master\repositories\taming-transformers\data\coco_annotations_100\train2017\000000010241.jpg","000000010241.jpg",".jpg","130598","0.125","26/12/47 02:32:46 م"
"02_stable_diffusion_webui\stable-diffusion-webui-master\stable-diffusion-webui-master\repositories\taming-transformers\data\coco_annotations_100\train2017\000000010243.jpg","D:\zzipp\جي بي\الكميرا\_organized_generation_workspace_20260612\02_stable_diffusion_webui\stable-diffusion-webui-master\stable-diffusion-webui-master\repositories\taming-transformers\data\coco_annotations_100\train2017\000000010243.jpg","000000010243.jpg",".jpg","97021","0.093","26/12/47 02:32:46 م"
"02_stable_diffusion_webui\stable-diffusion-webui-master\stable-diffusion-webui-master\repositories\taming-transformers\data\coco_annotations_100\train2017\000000010244.jpg","D:\zzipp\جي بي\الكميرا\_organized_generation_workspace_20260612\02_stable_diffusion_webui\stable-diffusion-webui-master\stable-diffusion-webui-master\repositories\taming-transformers\data\coco_annotations_100\train2017\000000010244.jpg","000000010244.jpg",".jpg","234619","0.224","26/12/47 02:32:46 م"
"02_stable_diffusion_webui\stable-diffusion-webui-master\stable-diffusion-webui-master\repositories\taming-transformers\data\coco_annotations_100\train2017\000000010245.jpg","D:\zzipp\جي بي\الكميرا\_organized_generation_workspace_20260612\02_stable_diffusion_webui\stable-diffusion-webui-master\stable-diffusion-webui-master\repositories\taming-transformers\data\coco_annotations_100\train2017\000000010245.jpg","000000010245.jpg",".jpg","115424","0.11","26/12/47 02:32:46 م"
"02_stable_diffusion_webui\stable-diffusion-webui-master\stable-diffusion-webui-master\repositories\taming-transformers\data\coco_annotations_100\train2017\000000010248.jpg","D:\zzipp\جي بي\الكميرا\_organized_generation_workspace_20260612\02_stable_diffusion_webui\stable-diffusion-webui-master\stable-diffusion-webui-master\repositories\taming-transformers\data\coco_annotations_100\train2017\000000010248.jpg","000000010248.jpg",".jpg","206687","0.197","26/12/47 02:32:46 م"
"02_stable_diffusion_webui\stable-diffusion-webui-master\stable-diffusion-webui-master\repositories\taming-transformers\data\coco_annotations_100\train2017\000000010249.jpg","D:\zzipp\جي بي\الكميرا\_organized_generation_workspace_20260612\02_stable_diffusion_webui\stable-diffusion-webui-master\stable-diffusion-webui-master\repositories\taming-transformers\data\coco_annotations_100\train2017\000000010249.jpg","000000010249.jpg",".jpg","199377","0.19","26/12/47 02:32:46 م"
"02_stable_diffusion_webui\stable-diffusion-webui-master\stable-diffusion-webui-master\repositories\taming-transformers\data\coco_annotations_100\train2017\000000010256.jpg","D:\zzipp\جي بي\الكميرا\_organized_generation_workspace_20260612\02_stable_diffusion_webui\stable-diffusion-webui-master\stable-diffusion-webui-master\repositories\taming-transformers\data\coco_annotations_100\train2017\000000010256.jpg","000000010256.jpg",".jpg","317673","0.303","26/12/47 02:32:46 م"
"02_stable_diffusion_webui\stable-diffusion-webui-master\stable-diffusion-webui-master\repositories\taming-transformers\data\coco_annotations_100\train2017\000000010263.jpg","D:\zzipp\جي بي\الكميرا\_organized_generation_workspace_20260612\02_stable_diffusion_webui\stable-diffusion-webui-master\stable-diffusion-webui-master\repositories\taming-transformers\data\coco_annotations_100\train2017\000000010263.jpg","000000010263.jpg",".jpg","150865","0.144","26/12/47 02:32:46 م"
"02_stable_diffusion_webui\stable-diffusion-webui-master\stable-diffusion-webui-master\repositories\taming-transformers\data\coco_annotations_100\train2017\000000010265.jpg","D:\zzipp\جي بي\الكميرا\_organized_generation_workspace_20260612\02_stable_diffusion_webui\stable-diffusion-webui-master\stable-diffusion-webui-master\repositories\taming-transformers\data\coco_annotations_100\train2017\000000010265.jpg","000000010265.jpg",".jpg","63484","0.061","26/12/47 02:32:46 م"
"02_stable_diffusion_webui\stable-diffusion-webui-master\stable-diffusion-webui-master\repositories\taming-transformers\data\coco_annotations_100\train2017\000000010275.jpg","D:\zzipp\جي بي\الكميرا\_organized_generation_workspace_20260612\02_stable_diffusion_webui\stable-diffusion-webui-master\stable-diffusion-webui-master\repositories\taming-transformers\data\coco_annotations_100\train2017\000000010275.jpg","000000010275.jpg",".jpg","167035","0.159","26/12/47 02:32:46 م"
"02_stable_diffusion_webui\stable-diffusion-webui-master\stable-diffusion-webui-master\repositories\taming-transformers\data\coco_annotations_100\train2017\000000010276.jpg","D:\zzipp\جي بي\الكميرا\_organized_generation_workspace_20260612\02_stable_diffusion_webui\stable-diffusion-webui-master\stable-diffusion-webui-master\repositories\taming-transformers\data\coco_annotations_100\train2017\000000010276.jpg","000000010276.jpg",".jpg","294584","0.281","26/12/47 02:32:46 م"
"02_stable_diffusion_webui\stable-diffusion-webui-master\stable-diffusion-webui-master\repositories\taming-transformers\data\coco_annotations_100\train2017\000000010281.jpg","D:\zzipp\جي بي\الكميرا\_organized_generation_workspace_20260612\02_stable_diffusion_webui\stable-diffusion-webui-master\stable-diffusion-webui-master\repositories\taming-transformers\data\coco_annotations_100\train2017\000000010281.jpg","000000010281.jpg",".jpg","169852","0.162","26/12/47 02:32:46 م"
"02_stable_diffusion_webui\stable-diffusion-webui-master\stable-diffusion-webui-master\repositories\taming-transformers\data\coco_annotations_100\train2017\000000010290.jpg","D:\zzipp\جي بي\الكميرا\_organized_generation_workspace_20260612\02_stable_diffusion_webui\stable-diffusion-webui-master\stable-diffusion-webui-master\repositories\taming-transformers\data\coco_annotations_100\train2017\000000010290.jpg","000000010290.jpg",".jpg","171364","0.163","26/12/47 02:32:46 م"
"02_stable_diffusion_webui\stable-diffusion-webui-master\stable-diffusion-webui-master\repositories\taming-transformers\data\coco_annotations_100\train2017\000000010303.jpg","D:\zzipp\جي بي\الكميرا\_organized_generation_workspace_20260612\02_stable_diffusion_webui\stable-diffusion-webui-master\stable-diffusion-webui-master\repositories\taming-transformers\data\coco_annotations_100\train2017\000000010303.jpg","000000010303.jpg",".jpg","142387","0.136","26/12/47 02:32:46 م"
"02_stable_diffusion_webui\stable-diffusion-webui-master\stable-diffusion-webui-master\repositories\taming-transformers\data\coco_annotations_100\train2017\000000010309.jpg","D:\zzipp\جي بي\الكميرا\_organized_generation_workspace_20260612\02_stable_diffusion_webui\stable-diffusion-webui-master\stable-diffusion-webui-master\repositories\taming-transformers\data\coco_annotations_100\train2017\000000010309.jpg","000000010309.jpg",".jpg","87188","0.083","26/12/47 02:32:46 م"
"02_stable_diffusion_webui\stable-diffusion-webui-master\stable-diffusion-webui-master\repositories\taming-transformers\data\coco_annotations_100\train2017\000000010313.jpg","D:\zzipp\جي بي\الكميرا\_organized_generation_workspace_20260612\02_stable_diffusion_webui\stable-diffusion-webui-master\stable-diffusion-webui-master\repositories\taming-transformers\data\coco_annotations_100\train2017\000000010313.jpg","000000010313.jpg",".jpg","78145","0.075","26/12/47 02:32:46 م"
"02_stable_diffusion_webui\stable-diffusion-webui-master\stable-diffusion-webui-master\repositories\taming-transformers\data\coco_annotations_100\train2017\000000010318.jpg","D:\zzipp\جي بي\الكميرا\_organized_generation_workspace_20260612\02_stable_diffusion_webui\stable-diffusion-webui-master\stable-diffusion-webui-master\repositories\taming-transformers\data\coco_annotations_100\train2017\000000010318.jpg","000000010318.jpg",".jpg","235652","0.225","26/12/47 02:32:46 م"
"02_stable_diffusion_webui\stable-diffusion-webui-master\stable-diffusion-webui-master\repositories\taming-transformers\data\coco_annotations_100\train2017\000000010319.jpg","D:\zzipp\جي بي\الكميرا\_organized_generation_workspace_20260612\02_stable_diffusion_webui\stable-diffusion-webui-master\stable-diffusion-webui-master\repositories\taming-transformers\data\coco_annotations_100\train2017\000000010319.jpg","000000010319.jpg",".jpg","134069","0.128","26/12/47 02:32:46 م"
"02_stable_diffusion_webui\stable-diffusion-webui-master\stable-diffusion-webui-master\repositories\taming-transformers\data\coco_annotations_100\train2017\000000010321.jpg","D:\zzipp\جي بي\الكميرا\_organized_generation_workspace_20260612\02_stable_diffusion_webui\stable-diffusion-webui-master\stable-diffusion-webui-master\repositories\taming-transformers\data\coco_annotations_100\train2017\000000010321.jpg","000000010321.jpg",".jpg","250231","0.239","26/12/47 02:32:46 م"
"02_stable_diffusion_webui\stable-diffusion-webui-master\stable-diffusion-webui-master\repositories\taming-transformers\data\coco_annotations_100\train2017\000000010324.jpg","D:\zzipp\جي بي\الكميرا\_organized_generation_workspace_20260612\02_stable_diffusion_webui\stable-diffusion-webui-master\stable-diffusion-webui-master\repositories\taming-transformers\data\coco_annotations_100\train2017\000000010324.jpg","000000010324.jpg",".jpg","158132","0.151","26/12/47 02:32:46 م"
"02_stable_diffusion_webui\stable-diffusion-webui-master\stable-diffusion-webui-master\repositories\taming-transformers\data\coco_annotations_100\train2017\000000010327.jpg","D:\zzipp\جي بي\الكميرا\_organized_generation_workspace_20260612\02_stable_diffusion_webui\stable-diffusion-webui-master\stable-diffusion-webui-master\repositories\taming-transformers\data\coco_annotations_100\train2017\000000010327.jpg","000000010327.jpg",".jpg","203045","0.194","26/12/47 02:32:46 م"
"02_stable_diffusion_webui\stable-diffusion-webui-master\stable-diffusion-webui-master\repositories\taming-transformers\data\coco_annotations_100\train2017\000000010337.jpg","D:\zzipp\جي بي\الكميرا\_organized_generation_workspace_20260612\02_stable_diffusion_webui\stable-diffusion-webui-master\stable-diffusion-webui-master\repositories\taming-transformers\data\coco_annotations_100\train2017\000000010337.jpg","000000010337.jpg",".jpg","183678","0.175","26/12/47 02:32:46 م"
"02_stable_diffusion_webui\stable-diffusion-webui-master\stable-diffusion-webui-master\repositories\taming-transformers\data\coco_annotations_100\train2017\000000010342.jpg","D:\zzipp\جي بي\الكميرا\_organized_generation_workspace_20260612\02_stable_diffusion_webui\stable-diffusion-webui-master\stable-diffusion-webui-master\repositories\taming-transformers\data\coco_annotations_100\train2017\000000010342.jpg","000000010342.jpg",".jpg","235553","0.225","26/12/47 02:32:46 م"
"02_stable_diffusion_webui\stable-diffusion-webui-master\stable-diffusion-webui-master\repositories\taming-transformers\data\coco_annotations_100\train2017\000000010343.jpg","D:\zzipp\جي بي\الكميرا\_organized_generation_workspace_20260612\02_stable_diffusion_webui\stable-diffusion-webui-master\stable-diffusion-webui-master\repositories\taming-transformers\data\coco_annotations_100\train2017\000000010343.jpg","000000010343.jpg",".jpg","237486","0.226","26/12/47 02:32:46 م"
"02_stable_diffusion_webui\stable-diffusion-webui-master\stable-diffusion-webui-master\repositories\taming-transformers\data\coco_annotations_100\train2017\000000010346.jpg","D:\zzipp\جي بي\الكميرا\_organized_generation_workspace_20260612\02_stable_diffusion_webui\stable-diffusion-webui-master\stable-diffusion-webui-master\repositories\taming-transformers\data\coco_annotations_100\train2017\000000010346.jpg","000000010346.jpg",".jpg","150445","0.143","26/12/47 02:32:46 م"
"02_stable_diffusion_webui\stable-diffusion-webui-master\stable-diffusion-webui-master\repositories\taming-transformers\data\coco_annotations_100\train2017\000000010358.jpg","D:\zzipp\جي بي\الكميرا\_organized_generation_workspace_20260612\02_stable_diffusion_webui\stable-diffusion-webui-master\stable-diffusion-webui-master\repositories\taming-transformers\data\coco_annotations_100\train2017\000000010358.jpg","000000010358.jpg",".jpg","317607","0.303","26/12/47 02:32:46 م"
"02_stable_diffusion_webui\stable-diffusion-webui-master\stable-diffusion-webui-master\repositories\taming-transformers\data\coco_annotations_100\train2017\000000010369.jpg","D:\zzipp\جي بي\الكميرا\_organized_generation_workspace_20260612\02_stable_diffusion_webui\stable-diffusion-webui-master\stable-diffusion-webui-master\repositories\taming-transformers\data\coco_annotations_100\train2017\000000010369.jpg","000000010369.jpg",".jpg","204564","0.195","26/12/47 02:32:46 م"
"02_stable_diffusion_webui\stable-diffusion-webui-master\stable-diffusion-webui-master\repositories\taming-transformers\data\coco_annotations_100\train2017\000000010386.jpg","D:\zzipp\جي بي\الكميرا\_organized_generation_workspace_20260612\02_stable_diffusion_webui\stable-diffusion-webui-master\stable-diffusion-webui-master\repositories\taming-transformers\data\coco_annotations_100\train2017\000000010386.jpg","000000010386.jpg",".jpg","135915","0.13","26/12/47 02:32:46 م"
"02_stable_diffusion_webui\stable-diffusion-webui-master\stable-diffusion-webui-master\repositories\taming-transformers\data\coco_annotations_100\train2017\000000010388.jpg","D:\zzipp\جي بي\الكميرا\_organized_generation_workspace_20260612\02_stable_diffusion_webui\stable-diffusion-webui-master\stable-diffusion-webui-master\repositories\taming-transformers\data\coco_annotations_100\train2017\000000010388.jpg","000000010388.jpg",".jpg","83010","0.079","26/12/47 02:32:46 م"
"02_stable_diffusion_webui\stable-diffusion-webui-master\stable-diffusion-webui-master\repositories\taming-transformers\data\coco_annotations_100\train2017\000000010393.jpg","D:\zzipp\جي بي\الكميرا\_organized_generation_workspace_20260612\02_stable_diffusion_webui\stable-diffusion-webui-master\stable-diffusion-webui-master\repositories\taming-transformers\data\coco_annotations_100\train2017\000000010393.jpg","000000010393.jpg",".jpg","121960","0.116","26/12/47 02:32:46 م"
"02_stable_diffusion_webui\stable-diffusion-webui-master\stable-diffusion-webui-master\repositories\taming-transformers\data\coco_annotations_100\train2017\000000010395.jpg","D:\zzipp\جي بي\الكميرا\_organized_generation_workspace_20260612\02_stable_diffusion_webui\stable-diffusion-webui-master\stable-diffusion-webui-master\repositories\taming-transformers\data\coco_annotations_100\train2017\000000010395.jpg","000000010395.jpg",".jpg","150629","0.144","26/12/47 02:32:46 م"
"02_stable_diffusion_webui\stable-diffusion-webui-master\stable-diffusion-webui-master\repositories\taming-transformers\data\coco_annotations_100\train2017\000000010400.jpg","D:\zzipp\جي بي\الكميرا\_organized_generation_workspace_20260612\02_stable_diffusion_webui\stable-diffusion-webui-master\stable-diffusion-webui-master\repositories\taming-transformers\data\coco_annotations_100\train2017\000000010400.jpg","000000010400.jpg",".jpg","199939","0.191","26/12/47 02:32:46 م"
"02_stable_diffusion_webui\stable-diffusion-webui-master\stable-diffusion-webui-master\repositories\taming-transformers\data\coco_annotations_100\train2017\000000010403.jpg","D:\zzipp\جي بي\الكميرا\_organized_generation_workspace_20260612\02_stable_diffusion_webui\stable-diffusion-webui-master\stable-diffusion-webui-master\repositories\taming-transformers\data\coco_annotations_100\train2017\000000010403.jpg","000000010403.jpg",".jpg","173532","0.165","26/12/47 02:32:46 م"
"02_stable_diffusion_webui\stable-diffusion-webui-master\stable-diffusion-webui-master\repositories\taming-transformers\data\coco_annotations_100\train2017\000000010405.jpg","D:\zzipp\جي بي\الكميرا\_organized_generation_workspace_20260612\02_stable_diffusion_webui\stable-diffusion-webui-master\stable-diffusion-webui-master\repositories\taming-transformers\data\coco_annotations_100\train2017\000000010405.jpg","000000010405.jpg",".jpg","315784","0.301","26/12/47 02:32:46 م"
"02_stable_diffusion_webui\stable-diffusion-webui-master\stable-diffusion-webui-master\repositories\taming-transformers\data\coco_annotations_100\train2017\000000010407.jpg","D:\zzipp\جي بي\الكميرا\_organized_generation_workspace_20260612\02_stable_diffusion_webui\stable-diffusion-webui-master\stable-diffusion-webui-master\repositories\taming-transformers\data\coco_annotations_100\train2017\000000010407.jpg","000000010407.jpg",".jpg","109394","0.104","26/12/47 02:32:46 م"
"02_stable_diffusion_webui\stable-diffusion-webui-master\stable-diffusion-webui-master\repositories\taming-transformers\data\coco_annotations_100\train2017\000000010414.jpg","D:\zzipp\جي بي\الكميرا\_organized_generation_workspace_20260612\02_stable_diffusion_webui\stable-diffusion-webui-master\stable-diffusion-webui-master\repositories\taming-transformers\data\coco_annotations_100\train2017\000000010414.jpg","000000010414.jpg",".jpg","172848","0.165","26/12/47 02:32:46 م"
"02_stable_diffusion_webui\stable-diffusion-webui-master\stable-diffusion-webui-master\repositories\taming-transformers\data\coco_annotations_100\train2017\000000010420.jpg","D:\zzipp\جي بي\الكميرا\_organized_generation_workspace_20260612\02_stable_diffusion_webui\stable-diffusion-webui-master\stable-diffusion-webui-master\repositories\taming-transformers\data\coco_annotations_100\train2017\000000010420.jpg","000000010420.jpg",".jpg","184080","0.176","26/12/47 02:32:46 م"
"02_stable_diffusion_webui\stable-diffusion-webui-master\stable-diffusion-webui-master\repositories\taming-transformers\data\coco_annotations_100\train2017\000000010421.jpg","D:\zzipp\جي بي\الكميرا\_organized_generation_workspace_20260612\02_stable_diffusion_webui\stable-diffusion-webui-master\stable-diffusion-webui-master\repositories\taming-transformers\data\coco_annotations_100\train2017\000000010421.jpg","000000010421.jpg",".jpg","170870","0.163","26/12/47 02:32:46 م"
"02_stable_diffusion_webui\stable-diffusion-webui-master\stable-diffusion-webui-master\repositories\taming-transformers\data\coco_annotations_100\train2017\000000010428.jpg","D:\zzipp\جي بي\الكميرا\_organized_generation_workspace_20260612\02_stable_diffusion_webui\stable-diffusion-webui-master\stable-diffusion-webui-master\repositories\taming-transformers\data\coco_annotations_100\train2017\000000010428.jpg","000000010428.jpg",".jpg","157269","0.15","26/12/47 02:32:46 م"
"02_stable_diffusion_webui\stable-diffusion-webui-master\stable-diffusion-webui-master\repositories\taming-transformers\data\coco_annotations_100\train2017\000000010430.jpg","D:\zzipp\جي بي\الكميرا\_organized_generation_workspace_20260612\02_stable_diffusion_webui\stable-diffusion-webui-master\stable-diffusion-webui-master\repositories\taming-transformers\data\coco_annotations_100\train2017\000000010430.jpg","000000010430.jpg",".jpg","224448","0.214","26/12/47 02:32:46 م"
"02_stable_diffusion_webui\stable-diffusion-webui-master\stable-diffusion-webui-master\repositories\taming-transformers\data\coco_annotations_100\train2017\000000010432.jpg","D:\zzipp\جي بي\الكميرا\_organized_generation_workspace_20260612\02_stable_diffusion_webui\stable-diffusion-webui-master\stable-diffusion-webui-master\repositories\taming-transformers\data\coco_annotations_100\train2017\000000010432.jpg","000000010432.jpg",".jpg","298230","0.284","26/12/47 02:32:46 م"
"02_stable_diffusion_webui\stable-diffusion-webui-master\stable-diffusion-webui-master\repositories\taming-transformers\data\coco_annotations_100\train2017\000000010434.jpg","D:\zzipp\جي بي\الكميرا\_organized_generation_workspace_20260612\02_stable_diffusion_webui\stable-diffusion-webui-master\stable-diffusion-webui-master\repositories\taming-transformers\data\coco_annotations_100\train2017\000000010434.jpg","000000010434.jpg",".jpg","118885","0.113","26/12/47 02:32:46 م"
"02_stable_diffusion_webui\stable-diffusion-webui-master\stable-diffusion-webui-master\repositories\taming-transformers\data\coco_annotations_100\train2017\000000010440.jpg","D:\zzipp\جي بي\الكميرا\_organized_generation_workspace_20260612\02_stable_diffusion_webui\stable-diffusion-webui-master\stable-diffusion-webui-master\repositories\taming-transformers\data\coco_annotations_100\train2017\000000010440.jpg","000000010440.jpg",".jpg","70943","0.068","26/12/47 02:32:46 م"
"02_stable_diffusion_webui\stable-diffusion-webui-master\stable-diffusion-webui-master\repositories\taming-transformers\data\coco_annotations_100\train2017\000000010442.jpg","D:\zzipp\جي بي\الكميرا\_organized_generation_workspace_20260612\02_stable_diffusion_webui\stable-diffusion-webui-master\stable-diffusion-webui-master\repositories\taming-transformers\data\coco_annotations_100\train2017\000000010442.jpg","000000010442.jpg",".jpg","112185","0.107","26/12/47 02:32:46 م"
"02_stable_diffusion_webui\stable-diffusion-webui-master\stable-diffusion-webui-master\repositories\taming-transformers\data\coco_annotations_100\train2017\000000010444.jpg","D:\zzipp\جي بي\الكميرا\_organized_generation_workspace_20260612\02_stable_diffusion_webui\stable-diffusion-webui-master\stable-diffusion-webui-master\repositories\taming-transformers\data\coco_annotations_100\train2017\000000010444.jpg","000000010444.jpg",".jpg","92362","0.088","26/12/47 02:32:46 م"
"02_stable_diffusion_webui\stable-diffusion-webui-master\stable-diffusion-webui-master\repositories\taming-transformers\data\coco_annotations_100\train2017\000000010445.jpg","D:\zzipp\جي بي\الكميرا\_organized_generation_workspace_20260612\02_stable_diffusion_webui\stable-diffusion-webui-master\stable-diffusion-webui-master\repositories\taming-transformers\data\coco_annotations_100\train2017\000000010445.jpg","000000010445.jpg",".jpg","144790","0.138","26/12/47 02:32:46 م"
"02_stable_diffusion_webui\stable-diffusion-webui-master\stable-diffusion-webui-master\repositories\taming-transformers\data\coco_annotations_100\train2017\000000010449.jpg","D:\zzipp\جي بي\الكميرا\_organized_generation_workspace_20260612\02_stable_diffusion_webui\stable-diffusion-webui-master\stable-diffusion-webui-master\repositories\taming-transformers\data\coco_annotations_100\train2017\000000010449.jpg","000000010449.jpg",".jpg","255295","0.243","26/12/47 02:32:46 م"
"02_stable_diffusion_webui\stable-diffusion-webui-master\stable-diffusion-webui-master\repositories\taming-transformers\data\coco_annotations_100\train2017\000000010463.jpg","D:\zzipp\جي بي\الكميرا\_organized_generation_workspace_20260612\02_stable_diffusion_webui\stable-diffusion-webui-master\stable-diffusion-webui-master\repositories\taming-transformers\data\coco_annotations_100\train2017\000000010463.jpg","000000010463.jpg",".jpg","177764","0.17","26/12/47 02:32:46 م"
"02_stable_diffusion_webui\stable-diffusion-webui-master\stable-diffusion-webui-master\repositories\taming-transformers\data\coco_annotations_100\val2017\000000010092.jpg","D:\zzipp\جي بي\الكميرا\_organized_generation_workspace_20260612\02_stable_diffusion_webui\stable-diffusion-webui-master\stable-diffusion-webui-master\repositories\taming-transformers\data\coco_annotations_100\val2017\000000010092.jpg","000000010092.jpg",".jpg","150418","0.143","26/12/47 02:32:46 م"
"02_stable_diffusion_webui\stable-diffusion-webui-master\stable-diffusion-webui-master\repositories\taming-transformers\data\coco_annotations_100\val2017\000000010363.jpg","D:\zzipp\جي بي\الكميرا\_organized_generation_workspace_20260612\02_stable_diffusion_webui\stable-diffusion-webui-master\stable-diffusion-webui-master\repositories\taming-transformers\data\coco_annotations_100\val2017\000000010363.jpg","000000010363.jpg",".jpg","96128","0.092","26/12/47 02:32:46 م"
"02_stable_diffusion_webui\stable-diffusion-webui-master\stable-diffusion-webui-master\repositories\taming-transformers\data\coco_annotations_100\val2017\000000010583.jpg","D:\zzipp\جي بي\الكميرا\_organized_generation_workspace_20260612\02_stable_diffusion_webui\stable-diffusion-webui-master\stable-diffusion-webui-master\repositories\taming-transformers\data\coco_annotations_100\val2017\000000010583.jpg","000000010583.jpg",".jpg","223763","0.213","26/12/47 02:32:46 م"
"02_stable_diffusion_webui\stable-diffusion-webui-master\stable-diffusion-webui-master\repositories\taming-transformers\data\coco_annotations_100\val2017\000000010707.jpg","D:\zzipp\جي بي\الكميرا\_organized_generation_workspace_20260612\02_stable_diffusion_webui\stable-diffusion-webui-master\stable-diffusion-webui-master\repositories\taming-transformers\data\coco_annotations_100\val2017\000000010707.jpg","000000010707.jpg",".jpg","121031","0.115","26/12/47 02:32:46 م"
"02_stable_diffusion_webui\stable-diffusion-webui-master\stable-diffusion-webui-master\repositories\taming-transformers\data\coco_annotations_100\val2017\000000010764.jpg","D:\zzipp\جي بي\الكميرا\_organized_generation_workspace_20260612\02_stable_diffusion_webui\stable-diffusion-webui-master\stable-diffusion-webui-master\repositories\taming-transformers\data\coco_annotations_100\val2017\000000010764.jpg","000000010764.jpg",".jpg","202945","0.194","26/12/47 02:32:46 م"
"02_stable_diffusion_webui\stable-diffusion-webui-master\stable-diffusion-webui-master\repositories\taming-transformers\data\coco_annotations_100\val2017\000000010977.jpg","D:\zzipp\جي بي\الكميرا\_organized_generation_workspace_20260612\02_stable_diffusion_webui\stable-diffusion-webui-master\stable-diffusion-webui-master\repositories\taming-transformers\data\coco_annotations_100\val2017\000000010977.jpg","000000010977.jpg",".jpg","54901","0.052","26/12/47 02:32:46 م"
"02_stable_diffusion_webui\stable-diffusion-webui-master\stable-diffusion-webui-master\repositories\taming-transformers\data\coco_annotations_100\val2017\000000010995.jpg","D:\zzipp\جي بي\الكميرا\_organized_generation_workspace_20260612\02_stable_diffusion_webui\stable-diffusion-webui-master\stable-diffusion-webui-master\repositories\taming-transformers\data\coco_annotations_100\val2017\000000010995.jpg","000000010995.jpg",".jpg","73294","0.07","26/12/47 02:32:46 م"
"02_stable_diffusion_webui\stable-diffusion-webui-master\stable-diffusion-webui-master\repositories\taming-transformers\data\coco_annotations_100\val2017\000000011051.jpg","D:\zzipp\جي بي\الكميرا\_organized_generation_workspace_20260612\02_stable_diffusion_webui\stable-diffusion-webui-master\stable-diffusion-webui-master\repositories\taming-transformers\data\coco_annotations_100\val2017\000000011051.jpg","000000011051.jpg",".jpg","80740","0.077","26/12/47 02:32:46 م"
"02_stable_diffusion_webui\stable-diffusion-webui-master\stable-diffusion-webui-master\repositories\taming-transformers\data\coco_annotations_100\val2017\000000011122.jpg","D:\zzipp\جي بي\الكميرا\_organized_generation_workspace_20260612\02_stable_diffusion_webui\stable-diffusion-webui-master\stable-diffusion-webui-master\repositories\taming-transformers\data\coco_annotations_100\val2017\000000011122.jpg","000000011122.jpg",".jpg","239715","0.229","26/12/47 02:32:46 م"
"02_stable_diffusion_webui\stable-diffusion-webui-master\stable-diffusion-webui-master\repositories\taming-transformers\data\coco_annotations_100\val2017\000000011149.jpg","D:\zzipp\جي بي\الكميرا\_organized_generation_workspace_20260612\02_stable_diffusion_webui\stable-diffusion-webui-master\stable-diffusion-webui-master\repositories\taming-transformers\data\coco_annotations_100\val2017\000000011149.jpg","000000011149.jpg",".jpg","176762","0.169","26/12/47 02:32:46 م"
"02_stable_diffusion_webui\stable-diffusion-webui-master\stable-diffusion-webui-master\repositories\taming-transformers\data\coco_annotations_100\val2017\000000011197.jpg","D:\zzipp\جي بي\الكميرا\_organized_generation_workspace_20260612\02_stable_diffusion_webui\stable-diffusion-webui-master\stable-diffusion-webui-master\repositories\taming-transformers\data\coco_annotations_100\val2017\000000011197.jpg","000000011197.jpg",".jpg","177196","0.169","26/12/47 02:32:46 م"
"02_stable_diffusion_webui\stable-diffusion-webui-master\stable-diffusion-webui-master\repositories\taming-transformers\data\coco_annotations_100\val2017\000000011511.jpg","D:\zzipp\جي بي\الكميرا\_organized_generation_workspace_20260612\02_stable_diffusion_webui\stable-diffusion-webui-master\stable-diffusion-webui-master\repositories\taming-transformers\data\coco_annotations_100\val2017\000000011511.jpg","000000011511.jpg",".jpg","188164","0.179","26/12/47 02:32:46 م"
"02_stable_diffusion_webui\stable-diffusion-webui-master\stable-diffusion-webui-master\repositories\taming-transformers\data\coco_annotations_100\val2017\000000011615.jpg","D:\zzipp\جي بي\الكميرا\_organized_generation_workspace_20260612\02_stable_diffusion_webui\stable-diffusion-webui-master\stable-diffusion-webui-master\repositories\taming-transformers\data\coco_annotations_100\val2017\000000011615.jpg","000000011615.jpg",".jpg","111010","0.106","26/12/47 02:32:46 م"
"02_stable_diffusion_webui\stable-diffusion-webui-master\stable-diffusion-webui-master\repositories\taming-transformers\data\coco_annotations_100\val2017\000000011699.jpg","D:\zzipp\جي بي\الكميرا\_organized_generation_workspace_20260612\02_stable_diffusion_webui\stable-diffusion-webui-master\stable-diffusion-webui-master\repositories\taming-transformers\data\coco_annotations_100\val2017\000000011699.jpg","000000011699.jpg",".jpg","230382","0.22","26/12/47 02:32:46 م"
"02_stable_diffusion_webui\stable-diffusion-webui-master\stable-diffusion-webui-master\repositories\taming-transformers\data\coco_annotations_100\val2017\000000011760.jpg","D:\zzipp\جي بي\الكميرا\_organized_generation_workspace_20260612\02_stable_diffusion_webui\stable-diffusion-webui-master\stable-diffusion-webui-master\repositories\taming-transformers\data\coco_annotations_100\val2017\000000011760.jpg","000000011760.jpg",".jpg","284804","0.272","26/12/47 02:32:48 م"
"02_stable_diffusion_webui\stable-diffusion-webui-master\stable-diffusion-webui-master\repositories\taming-transformers\data\coco_annotations_100\val2017\000000011813.jpg","D:\zzipp\جي بي\الكميرا\_organized_generation_workspace_20260612\02_stable_diffusion_webui\stable-diffusion-webui-master\stable-diffusion-webui-master\repositories\taming-transformers\data\coco_annotations_100\val2017\000000011813.jpg","000000011813.jpg",".jpg","74788","0.071","26/12/47 02:32:48 م"
"02_stable_diffusion_webui\stable-diffusion-webui-master\stable-diffusion-webui-master\repositories\taming-transformers\data\coco_annotations_100\val2017\000000012062.jpg","D:\zzipp\جي بي\الكميرا\_organized_generation_workspace_20260612\02_stable_diffusion_webui\stable-diffusion-webui-master\stable-diffusion-webui-master\repositories\taming-transformers\data\coco_annotations_100\val2017\000000012062.jpg","000000012062.jpg",".jpg","227134","0.217","26/12/47 02:32:48 م"
"02_stable_diffusion_webui\stable-diffusion-webui-master\stable-diffusion-webui-master\repositories\taming-transformers\data\coco_annotations_100\val2017\000000012120.jpg","D:\zzipp\جي بي\الكميرا\_organized_generation_workspace_20260612\02_stable_diffusion_webui\stable-diffusion-webui-master\stable-diffusion-webui-master\repositories\taming-transformers\data\coco_annotations_100\val2017\000000012120.jpg","000000012120.jpg",".jpg","137855","0.131","26/12/47 02:32:48 م"
"02_stable_diffusion_webui\stable-diffusion-webui-master\stable-diffusion-webui-master\repositories\taming-transformers\data\coco_annotations_100\val2017\000000012280.jpg","D:\zzipp\جي بي\الكميرا\_organized_generation_workspace_20260612\02_stable_diffusion_webui\stable-diffusion-webui-master\stable-diffusion-webui-master\repositories\taming-transformers\data\coco_annotations_100\val2017\000000012280.jpg","000000012280.jpg",".jpg","169019","0.161","26/12/47 02:32:48 م"
"02_stable_diffusion_webui\stable-diffusion-webui-master\stable-diffusion-webui-master\repositories\taming-transformers\data\coco_annotations_100\val2017\000000012576.jpg","D:\zzipp\جي بي\الكميرا\_organized_generation_workspace_20260612\02_stable_diffusion_webui\stable-diffusion-webui-master\stable-diffusion-webui-master\repositories\taming-transformers\data\coco_annotations_100\val2017\000000012576.jpg","000000012576.jpg",".jpg","244760","0.233","26/12/47 02:32:48 م"
"02_stable_diffusion_webui\stable-diffusion-webui-master\stable-diffusion-webui-master\repositories\taming-transformers\data\coco_annotations_100\val2017\000000012639.jpg","D:\zzipp\جي بي\الكميرا\_organized_generation_workspace_20260612\02_stable_diffusion_webui\stable-diffusion-webui-master\stable-diffusion-webui-master\repositories\taming-transformers\data\coco_annotations_100\val2017\000000012639.jpg","000000012639.jpg",".jpg","276515","0.264","26/12/47 02:32:48 م"
"02_stable_diffusion_webui\stable-diffusion-webui-master\stable-diffusion-webui-master\repositories\taming-transformers\data\coco_annotations_100\val2017\000000012667.jpg","D:\zzipp\جي بي\الكميرا\_organized_generation_workspace_20260612\02_stable_diffusion_webui\stable-diffusion-webui-master\stable-diffusion-webui-master\repositories\taming-transformers\data\coco_annotations_100\val2017\000000012667.jpg","000000012667.jpg",".jpg","81731","0.078","26/12/47 02:32:48 م"
"02_stable_diffusion_webui\stable-diffusion-webui-master\stable-diffusion-webui-master\repositories\taming-transformers\data\coco_annotations_100\val2017\000000012670.jpg","D:\zzipp\جي بي\الكميرا\_organized_generation_workspace_20260612\02_stable_diffusion_webui\stable-diffusion-webui-master\stable-diffusion-webui-master\repositories\taming-transformers\data\coco_annotations_100\val2017\000000012670.jpg","000000012670.jpg",".jpg","187752","0.179","26/12/47 02:32:48 م"
"02_stable_diffusion_webui\stable-diffusion-webui-master\stable-diffusion-webui-master\repositories\taming-transformers\data\coco_annotations_100\val2017\000000012748.jpg","D:\zzipp\جي بي\الكميرا\_organized_generation_workspace_20260612\02_stable_diffusion_webui\stable-diffusion-webui-master\stable-diffusion-webui-master\repositories\taming-transformers\data\coco_annotations_100\val2017\000000012748.jpg","000000012748.jpg",".jpg","192300","0.183","26/12/47 02:32:48 م"
"02_stable_diffusion_webui\stable-diffusion-webui-master\stable-diffusion-webui-master\repositories\taming-transformers\data\coco_annotations_100\val2017\000000013004.jpg","D:\zzipp\جي بي\الكميرا\_organized_generation_workspace_20260612\02_stable_diffusion_webui\stable-diffusion-webui-master\stable-diffusion-webui-master\repositories\taming-transformers\data\coco_annotations_100\val2017\000000013004.jpg","000000013004.jpg",".jpg","129165","0.123","26/12/47 02:32:48 م"
"02_stable_diffusion_webui\stable-diffusion-webui-master\stable-diffusion-webui-master\repositories\taming-transformers\data\coco_annotations_100\val2017\000000013177.jpg","D:\zzipp\جي بي\الكميرا\_organized_generation_workspace_20260612\02_stable_diffusion_webui\stable-diffusion-webui-master\stable-diffusion-webui-master\repositories\taming-transformers\data\coco_annotations_100\val2017\000000013177.jpg","000000013177.jpg",".jpg","204364","0.195","26/12/47 02:32:48 م"
"02_stable_diffusion_webui\stable-diffusion-webui-master\stable-diffusion-webui-master\repositories\taming-transformers\data\coco_annotations_100\val2017\000000013201.jpg","D:\zzipp\جي بي\الكميرا\_organized_generation_workspace_20260612\02_stable_diffusion_webui\stable-diffusion-webui-master\stable-diffusion-webui-master\repositories\taming-transformers\data\coco_annotations_100\val2017\000000013201.jpg","000000013201.jpg",".jpg","151219","0.144","26/12/47 02:32:48 م"
"02_stable_diffusion_webui\stable-diffusion-webui-master\stable-diffusion-webui-master\repositories\taming-transformers\data\coco_annotations_100\val2017\000000013291.jpg","D:\zzipp\جي بي\الكميرا\_organized_generation_workspace_20260612\02_stable_diffusion_webui\stable-diffusion-webui-master\stable-diffusion-webui-master\repositories\taming-transformers\data\coco_annotations_100\val2017\000000013291.jpg","000000013291.jpg",".jpg","124885","0.119","26/12/47 02:32:48 م"
"02_stable_diffusion_webui\stable-diffusion-webui-master\stable-diffusion-webui-master\repositories\taming-transformers\data\coco_annotations_100\val2017\000000013348.jpg","D:\zzipp\جي بي\الكميرا\_organized_generation_workspace_20260612\02_stable_diffusion_webui\stable-diffusion-webui-master\stable-diffusion-webui-master\repositories\taming-transformers\data\coco_annotations_100\val2017\000000013348.jpg","000000013348.jpg",".jpg","164490","0.157","26/12/47 02:32:48 م"
"02_stable_diffusion_webui\stable-diffusion-webui-master\stable-diffusion-webui-master\repositories\taming-transformers\data\coco_annotations_100\val2017\000000013546.jpg","D:\zzipp\جي بي\الكميرا\_organized_generation_workspace_20260612\02_stable_diffusion_webui\stable-diffusion-webui-master\stable-diffusion-webui-master\repositories\taming-transformers\data\coco_annotations_100\val2017\000000013546.jpg","000000013546.jpg",".jpg","130391","0.124","26/12/47 02:32:48 م"
"02_stable_diffusion_webui\stable-diffusion-webui-master\stable-diffusion-webui-master\repositories\taming-transformers\data\coco_annotations_100\val2017\000000013597.jpg","D:\zzipp\جي بي\الكميرا\_organized_generation_workspace_20260612\02_stable_diffusion_webui\stable-diffusion-webui-master\stable-diffusion-webui-master\repositories\taming-transformers\data\coco_annotations_100\val2017\000000013597.jpg","000000013597.jpg",".jpg","86915","0.083","26/12/47 02:32:48 م"
"02_stable_diffusion_webui\stable-diffusion-webui-master\stable-diffusion-webui-master\repositories\taming-transformers\data\coco_annotations_100\val2017\000000013659.jpg","D:\zzipp\جي بي\الكميرا\_organized_generation_workspace_20260612\02_stable_diffusion_webui\stable-diffusion-webui-master\stable-diffusion-webui-master\repositories\taming-transformers\data\coco_annotations_100\val2017\000000013659.jpg","000000013659.jpg",".jpg","215292","0.205","26/12/47 02:32:48 م"
"02_stable_diffusion_webui\stable-diffusion-webui-master\stable-diffusion-webui-master\repositories\taming-transformers\data\coco_annotations_100\val2017\000000013729.jpg","D:\zzipp\جي بي\الكميرا\_organized_generation_workspace_20260612\02_stable_diffusion_webui\stable-diffusion-webui-master\stable-diffusion-webui-master\repositories\taming-transformers\data\coco_annotations_100\val2017\000000013729.jpg","000000013729.jpg",".jpg","115491","0.11","26/12/47 02:32:48 م"
"02_stable_diffusion_webui\stable-diffusion-webui-master\stable-diffusion-webui-master\repositories\taming-transformers\data\coco_annotations_100\val2017\000000013774.jpg","D:\zzipp\جي بي\الكميرا\_organized_generation_workspace_20260612\02_stable_diffusion_webui\stable-diffusion-webui-master\stable-diffusion-webui-master\repositories\taming-transformers\data\coco_annotations_100\val2017\000000013774.jpg","000000013774.jpg",".jpg","173437","0.165","26/12/47 02:32:48 م"
"02_stable_diffusion_webui\stable-diffusion-webui-master\stable-diffusion-webui-master\repositories\taming-transformers\data\coco_annotations_100\val2017\000000013923.jpg","D:\zzipp\جي بي\الكميرا\_organized_generation_workspace_20260612\02_stable_diffusion_webui\stable-diffusion-webui-master\stable-diffusion-webui-master\repositories\taming-transformers\data\coco_annotations_100\val2017\000000013923.jpg","000000013923.jpg",".jpg","184795","0.176","26/12/47 02:32:48 م"
"02_stable_diffusion_webui\stable-diffusion-webui-master\stable-diffusion-webui-master\repositories\taming-transformers\data\coco_annotations_100\val2017\000000014007.jpg","D:\zzipp\جي بي\الكميرا\_organized_generation_workspace_20260612\02_stable_diffusion_webui\stable-diffusion-webui-master\stable-diffusion-webui-master\repositories\taming-transformers\data\coco_annotations_100\val2017\000000014007.jpg","000000014007.jpg",".jpg","115949","0.111","26/12/47 02:32:48 م"
"02_stable_diffusion_webui\stable-diffusion-webui-master\stable-diffusion-webui-master\repositories\taming-transformers\data\coco_annotations_100\val2017\000000014038.jpg","D:\zzipp\جي بي\الكميرا\_organized_generation_workspace_20260612\02_stable_diffusion_webui\stable-diffusion-webui-master\stable-diffusion-webui-master\repositories\taming-transformers\data\coco_annotations_100\val2017\000000014038.jpg","000000014038.jpg",".jpg","178459","0.17","26/12/47 02:32:48 م"
"02_stable_diffusion_webui\stable-diffusion-webui-master\stable-diffusion-webui-master\repositories\taming-transformers\data\coco_annotations_100\val2017\000000014226.jpg","D:\zzipp\جي بي\الكميرا\_organized_generation_workspace_20260612\02_stable_diffusion_webui\stable-diffusion-webui-master\stable-diffusion-webui-master\repositories\taming-transformers\data\coco_annotations_100\val2017\000000014226.jpg","000000014226.jpg",".jpg","105783","0.101","26/12/47 02:32:48 م"
"02_stable_diffusion_webui\stable-diffusion-webui-master\stable-diffusion-webui-master\repositories\taming-transformers\data\coco_annotations_100\val2017\000000014380.jpg","D:\zzipp\جي بي\الكميرا\_organized_generation_workspace_20260612\02_stable_diffusion_webui\stable-diffusion-webui-master\stable-diffusion-webui-master\repositories\taming-transformers\data\coco_annotations_100\val2017\000000014380.jpg","000000014380.jpg",".jpg","203111","0.194","26/12/47 02:32:48 م"
"02_stable_diffusion_webui\stable-diffusion-webui-master\stable-diffusion-webui-master\repositories\taming-transformers\data\coco_annotations_100\val2017\000000014439.jpg","D:\zzipp\جي بي\الكميرا\_organized_generation_workspace_20260612\02_stable_diffusion_webui\stable-diffusion-webui-master\stable-diffusion-webui-master\repositories\taming-transformers\data\coco_annotations_100\val2017\000000014439.jpg","000000014439.jpg",".jpg","195229","0.186","26/12/47 02:32:48 م"
"02_stable_diffusion_webui\stable-diffusion-webui-master\stable-diffusion-webui-master\repositories\taming-transformers\data\coco_annotations_100\val2017\000000014473.jpg","D:\zzipp\جي بي\الكميرا\_organized_generation_workspace_20260612\02_stable_diffusion_webui\stable-diffusion-webui-master\stable-diffusion-webui-master\repositories\taming-transformers\data\coco_annotations_100\val2017\000000014473.jpg","000000014473.jpg",".jpg","166405","0.159","26/12/47 02:32:48 م"
"02_stable_diffusion_webui\stable-diffusion-webui-master\stable-diffusion-webui-master\repositories\taming-transformers\data\coco_annotations_100\val2017\000000014831.jpg","D:\zzipp\جي بي\الكميرا\_organized_generation_workspace_20260612\02_stable_diffusion_webui\stable-diffusion-webui-master\stable-diffusion-webui-master\repositories\taming-transformers\data\coco_annotations_100\val2017\000000014831.jpg","000000014831.jpg",".jpg","209469","0.2","26/12/47 02:32:48 م"
"02_stable_diffusion_webui\stable-diffusion-webui-master\stable-diffusion-webui-master\repositories\taming-transformers\data\coco_annotations_100\val2017\000000014888.jpg","D:\zzipp\جي بي\الكميرا\_organized_generation_workspace_20260612\02_stable_diffusion_webui\stable-diffusion-webui-master\stable-diffusion-webui-master\repositories\taming-transformers\data\coco_annotations_100\val2017\000000014888.jpg","000000014888.jpg",".jpg","199176","0.19","26/12/47 02:32:48 م"
"02_stable_diffusion_webui\stable-diffusion-webui-master\stable-diffusion-webui-master\repositories\taming-transformers\data\coco_annotations_100\val2017\000000015079.jpg","D:\zzipp\جي بي\الكميرا\_organized_generation_workspace_20260612\02_stable_diffusion_webui\stable-diffusion-webui-master\stable-diffusion-webui-master\repositories\taming-transformers\data\coco_annotations_100\val2017\000000015079.jpg","000000015079.jpg",".jpg","106213","0.101","26/12/47 02:32:48 م"
"02_stable_diffusion_webui\stable-diffusion-webui-master\stable-diffusion-webui-master\repositories\taming-transformers\data\coco_annotations_100\val2017\000000015254.jpg","D:\zzipp\جي بي\الكميرا\_organized_generation_workspace_20260612\02_stable_diffusion_webui\stable-diffusion-webui-master\stable-diffusion-webui-master\repositories\taming-transformers\data\coco_annotations_100\val2017\000000015254.jpg","000000015254.jpg",".jpg","120836","0.115","26/12/47 02:32:48 م"
"02_stable_diffusion_webui\stable-diffusion-webui-master\stable-diffusion-webui-master\repositories\taming-transformers\data\coco_annotations_100\val2017\000000015272.jpg","D:\zzipp\جي بي\الكميرا\_organized_generation_workspace_20260612\02_stable_diffusion_webui\stable-diffusion-webui-master\stable-diffusion-webui-master\repositories\taming-transformers\data\coco_annotations_100\val2017\000000015272.jpg","000000015272.jpg",".jpg","344568","0.329","26/12/47 02:32:48 م"
"02_stable_diffusion_webui\stable-diffusion-webui-master\stable-diffusion-webui-master\repositories\taming-transformers\data\coco_annotations_100\val2017\000000015278.jpg","D:\zzipp\جي بي\الكميرا\_organized_generation_workspace_20260612\02_stable_diffusion_webui\stable-diffusion-webui-master\stable-diffusion-webui-master\repositories\taming-transformers\data\coco_annotations_100\val2017\000000015278.jpg","000000015278.jpg",".jpg","170921","0.163","26/12/47 02:32:48 م"
"02_stable_diffusion_webui\stable-diffusion-webui-master\stable-diffusion-webui-master\repositories\taming-transformers\data\coco_annotations_100\val2017\000000015335.jpg","D:\zzipp\جي بي\الكميرا\_organized_generation_workspace_20260612\02_stable_diffusion_webui\stable-diffusion-webui-master\stable-diffusion-webui-master\repositories\taming-transformers\data\coco_annotations_100\val2017\000000015335.jpg","000000015335.jpg",".jpg","227501","0.217","26/12/47 02:32:48 م"
"02_stable_diffusion_webui\stable-diffusion-webui-master\stable-diffusion-webui-master\repositories\taming-transformers\data\coco_annotations_100\val2017\000000015338.jpg","D:\zzipp\جي بي\الكميرا\_organized_generation_workspace_20260612\02_stable_diffusion_webui\stable-diffusion-webui-master\stable-diffusion-webui-master\repositories\taming-transformers\data\coco_annotations_100\val2017\000000015338.jpg","000000015338.jpg",".jpg","213912","0.204","26/12/47 02:32:48 م"
"02_stable_diffusion_webui\stable-diffusion-webui-master\stable-diffusion-webui-master\repositories\taming-transformers\data\coco_annotations_100\val2017\000000015440.jpg","D:\zzipp\جي بي\الكميرا\_organized_generation_workspace_20260612\02_stable_diffusion_webui\stable-diffusion-webui-master\stable-diffusion-webui-master\repositories\taming-transformers\data\coco_annotations_100\val2017\000000015440.jpg","000000015440.jpg",".jpg","129400","0.123","26/12/47 02:32:48 م"
"02_stable_diffusion_webui\stable-diffusion-webui-master\stable-diffusion-webui-master\repositories\taming-transformers\data\coco_annotations_100\val2017\000000015497.jpg","D:\zzipp\جي بي\الكميرا\_organized_generation_workspace_20260612\02_stable_diffusion_webui\stable-diffusion-webui-master\stable-diffusion-webui-master\repositories\taming-transformers\data\coco_annotations_100\val2017\000000015497.jpg","000000015497.jpg",".jpg","72623","0.069","26/12/47 02:32:48 م"
"02_stable_diffusion_webui\stable-diffusion-webui-master\stable-diffusion-webui-master\repositories\taming-transformers\data\coco_annotations_100\val2017\000000015517.jpg","D:\zzipp\جي بي\الكميرا\_organized_generation_workspace_20260612\02_stable_diffusion_webui\stable-diffusion-webui-master\stable-diffusion-webui-master\repositories\taming-transformers\data\coco_annotations_100\val2017\000000015517.jpg","000000015517.jpg",".jpg","194615","0.186","26/12/47 02:32:48 م"
"02_stable_diffusion_webui\stable-diffusion-webui-master\stable-diffusion-webui-master\repositories\taming-transformers\data\coco_annotations_100\val2017\000000015597.jpg","D:\zzipp\جي بي\الكميرا\_organized_generation_workspace_20260612\02_stable_diffusion_webui\stable-diffusion-webui-master\stable-diffusion-webui-master\repositories\taming-transformers\data\coco_annotations_100\val2017\000000015597.jpg","000000015597.jpg",".jpg","147400","0.141","26/12/47 02:32:48 م"
"02_stable_diffusion_webui\stable-diffusion-webui-master\stable-diffusion-webui-master\repositories\taming-transformers\data\coco_annotations_100\val2017\000000015660.jpg","D:\zzipp\جي بي\الكميرا\_organized_generation_workspace_20260612\02_stable_diffusion_webui\stable-diffusion-webui-master\stable-diffusion-webui-master\repositories\taming-transformers\data\coco_annotations_100\val2017\000000015660.jpg","000000015660.jpg",".jpg","128180","0.122","26/12/47 02:32:48 م"
"02_stable_diffusion_webui\stable-diffusion-webui-master\stable-diffusion-webui-master\repositories\taming-transformers\data\coco_annotations_100\val2017\000000015746.jpg","D:\zzipp\جي بي\الكميرا\_organized_generation_workspace_20260612\02_stable_diffusion_webui\stable-diffusion-webui-master\stable-diffusion-webui-master\repositories\taming-transformers\data\coco_annotations_100\val2017\000000015746.jpg","000000015746.jpg",".jpg","196039","0.187","26/12/47 02:32:48 م"
"02_stable_diffusion_webui\stable-diffusion-webui-master\stable-diffusion-webui-master\repositories\taming-transformers\data\coco_annotations_100\val2017\000000015751.jpg","D:\zzipp\جي بي\الكميرا\_organized_generation_workspace_20260612\02_stable_diffusion_webui\stable-diffusion-webui-master\stable-diffusion-webui-master\repositories\taming-transformers\data\coco_annotations_100\val2017\000000015751.jpg","000000015751.jpg",".jpg","117087","0.112","26/12/47 02:32:48 م"
"02_stable_diffusion_webui\stable-diffusion-webui-master\stable-diffusion-webui-master\repositories\taming-transformers\data\coco_annotations_100\val2017\000000015956.jpg","D:\zzipp\جي بي\الكميرا\_organized_generation_workspace_20260612\02_stable_diffusion_webui\stable-diffusion-webui-master\stable-diffusion-webui-master\repositories\taming-transformers\data\coco_annotations_100\val2017\000000015956.jpg","000000015956.jpg",".jpg","191329","0.182","26/12/47 02:32:48 م"
"02_stable_diffusion_webui\stable-diffusion-webui-master\stable-diffusion-webui-master\repositories\taming-transformers\data\coco_annotations_100\val2017\000000016010.jpg","D:\zzipp\جي بي\الكميرا\_organized_generation_workspace_20260612\02_stable_diffusion_webui\stable-diffusion-webui-master\stable-diffusion-webui-master\repositories\taming-transformers\data\coco_annotations_100\val2017\000000016010.jpg","000000016010.jpg",".jpg","168853","0.161","26/12/47 02:32:48 م"
"02_stable_diffusion_webui\stable-diffusion-webui-master\stable-diffusion-webui-master\repositories\taming-transformers\data\coco_annotations_100\val2017\000000016228.jpg","D:\zzipp\جي بي\الكميرا\_organized_generation_workspace_20260612\02_stable_diffusion_webui\stable-diffusion-webui-master\stable-diffusion-webui-master\repositories\taming-transformers\data\coco_annotations_100\val2017\000000016228.jpg","000000016228.jpg",".jpg","187603","0.179","26/12/47 02:32:48 م"
"02_stable_diffusion_webui\stable-diffusion-webui-master\stable-diffusion-webui-master\repositories\taming-transformers\data\coco_annotations_100\val2017\000000016249.jpg","D:\zzipp\جي بي\الكميرا\_organized_generation_workspace_20260612\02_stable_diffusion_webui\stable-diffusion-webui-master\stable-diffusion-webui-master\repositories\taming-transformers\data\coco_annotations_100\val2017\000000016249.jpg","000000016249.jpg",".jpg","116588","0.111","26/12/47 02:32:48 م"
"02_stable_diffusion_webui\stable-diffusion-webui-master\stable-diffusion-webui-master\repositories\taming-transformers\data\coco_annotations_100\val2017\000000016439.jpg","D:\zzipp\جي بي\الكميرا\_organized_generation_workspace_20260612\02_stable_diffusion_webui\stable-diffusion-webui-master\stable-diffusion-webui-master\repositories\taming-transformers\data\coco_annotations_100\val2017\000000016439.jpg","000000016439.jpg",".jpg","101963","0.097","26/12/47 02:32:48 م"
"02_stable_diffusion_webui\stable-diffusion-webui-master\stable-diffusion-webui-master\repositories\taming-transformers\data\coco_annotations_100\val2017\000000016451.jpg","D:\zzipp\جي بي\الكميرا\_organized_generation_workspace_20260612\02_stable_diffusion_webui\stable-diffusion-webui-master\stable-diffusion-webui-master\repositories\taming-transformers\data\coco_annotations_100\val2017\000000016451.jpg","000000016451.jpg",".jpg","230063","0.219","26/12/47 02:32:48 م"
"02_stable_diffusion_webui\stable-diffusion-webui-master\stable-diffusion-webui-master\repositories\taming-transformers\data\coco_annotations_100\val2017\000000016502.jpg","D:\zzipp\جي بي\الكميرا\_organized_generation_workspace_20260612\02_stable_diffusion_webui\stable-diffusion-webui-master\stable-diffusion-webui-master\repositories\taming-transformers\data\coco_annotations_100\val2017\000000016502.jpg","000000016502.jpg",".jpg","89819","0.086","26/12/47 02:32:48 م"
"02_stable_diffusion_webui\stable-diffusion-webui-master\stable-diffusion-webui-master\repositories\taming-transformers\data\coco_annotations_100\val2017\000000016598.jpg","D:\zzipp\جي بي\الكميرا\_organized_generation_workspace_20260612\02_stable_diffusion_webui\stable-diffusion-webui-master\stable-diffusion-webui-master\repositories\taming-transformers\data\coco_annotations_100\val2017\000000016598.jpg","000000016598.jpg",".jpg","212677","0.203","26/12/47 02:32:48 م"
"02_stable_diffusion_webui\stable-diffusion-webui-master\stable-diffusion-webui-master\repositories\taming-transformers\data\coco_annotations_100\val2017\000000016958.jpg","D:\zzipp\جي بي\الكميرا\_organized_generation_workspace_20260612\02_stable_diffusion_webui\stable-diffusion-webui-master\stable-diffusion-webui-master\repositories\taming-transformers\data\coco_annotations_100\val2017\000000016958.jpg","000000016958.jpg",".jpg","155256","0.148","26/12/47 02:32:48 م"
"02_stable_diffusion_webui\stable-diffusion-webui-master\stable-diffusion-webui-master\repositories\taming-transformers\data\coco_annotations_100\val2017\000000017029.jpg","D:\zzipp\جي بي\الكميرا\_organized_generation_workspace_20260612\02_stable_diffusion_webui\stable-diffusion-webui-master\stable-diffusion-webui-master\repositories\taming-transformers\data\coco_annotations_100\val2017\000000017029.jpg","000000017029.jpg",".jpg","349935","0.334","26/12/47 02:32:48 م"
"02_stable_diffusion_webui\stable-diffusion-webui-master\stable-diffusion-webui-master\repositories\taming-transformers\data\coco_annotations_100\val2017\000000017031.jpg","D:\zzipp\جي بي\الكميرا\_organized_generation_workspace_20260612\02_stable_diffusion_webui\stable-diffusion-webui-master\stable-diffusion-webui-master\repositories\taming-transformers\data\coco_annotations_100\val2017\000000017031.jpg","000000017031.jpg",".jpg","113005","0.108","26/12/47 02:32:48 م"
"02_stable_diffusion_webui\stable-diffusion-webui-master\stable-diffusion-webui-master\repositories\taming-transformers\data\coco_annotations_100\val2017\000000017115.jpg","D:\zzipp\جي بي\الكميرا\_organized_generation_workspace_20260612\02_stable_diffusion_webui\stable-diffusion-webui-master\stable-diffusion-webui-master\repositories\taming-transformers\data\coco_annotations_100\val2017\000000017115.jpg","000000017115.jpg",".jpg","351522","0.335","26/12/47 02:32:48 م"
"02_stable_diffusion_webui\stable-diffusion-webui-master\stable-diffusion-webui-master\repositories\taming-transformers\data\coco_annotations_100\val2017\000000017178.jpg","D:\zzipp\جي بي\الكميرا\_organized_generation_workspace_20260612\02_stable_diffusion_webui\stable-diffusion-webui-master\stable-diffusion-webui-master\repositories\taming-transformers\data\coco_annotations_100\val2017\000000017178.jpg","000000017178.jpg",".jpg","166597","0.159","26/12/47 02:32:48 م"
"02_stable_diffusion_webui\stable-diffusion-webui-master\stable-diffusion-webui-master\repositories\taming-transformers\data\coco_annotations_100\val2017\000000017182.jpg","D:\zzipp\جي بي\الكميرا\_organized_generation_workspace_20260612\02_stable_diffusion_webui\stable-diffusion-webui-master\stable-diffusion-webui-master\repositories\taming-transformers\data\coco_annotations_100\val2017\000000017182.jpg","000000017182.jpg",".jpg","105405","0.101","26/12/47 02:32:48 م"
"02_stable_diffusion_webui\stable-diffusion-webui-master\stable-diffusion-webui-master\repositories\taming-transformers\data\coco_annotations_100\val2017\000000017207.jpg","D:\zzipp\جي بي\الكميرا\_organized_generation_workspace_20260612\02_stable_diffusion_webui\stable-diffusion-webui-master\stable-diffusion-webui-master\repositories\taming-transformers\data\coco_annotations_100\val2017\000000017207.jpg","000000017207.jpg",".jpg","134840","0.129","26/12/47 02:32:48 م"
"02_stable_diffusion_webui\stable-diffusion-webui-master\stable-diffusion-webui-master\repositories\taming-transformers\data\coco_annotations_100\val2017\000000017379.jpg","D:\zzipp\جي بي\الكميرا\_organized_generation_workspace_20260612\02_stable_diffusion_webui\stable-diffusion-webui-master\stable-diffusion-webui-master\repositories\taming-transformers\data\coco_annotations_100\val2017\000000017379.jpg","000000017379.jpg",".jpg","179753","0.171","26/12/47 02:32:48 م"
"02_stable_diffusion_webui\stable-diffusion-webui-master\stable-diffusion-webui-master\repositories\taming-transformers\data\coco_annotations_100\val2017\000000017436.jpg","D:\zzipp\جي بي\الكميرا\_organized_generation_workspace_20260612\02_stable_diffusion_webui\stable-diffusion-webui-master\stable-diffusion-webui-master\repositories\taming-transformers\data\coco_annotations_100\val2017\000000017436.jpg","000000017436.jpg",".jpg","129858","0.124","26/12/47 02:32:48 م"
"02_stable_diffusion_webui\stable-diffusion-webui-master\stable-diffusion-webui-master\repositories\taming-transformers\data\coco_annotations_100\val2017\000000017627.jpg","D:\zzipp\جي بي\الكميرا\_organized_generation_workspace_20260612\02_stable_diffusion_webui\stable-diffusion-webui-master\stable-diffusion-webui-master\repositories\taming-transformers\data\coco_annotations_100\val2017\000000017627.jpg","000000017627.jpg",".jpg","186973","0.178","26/12/47 02:32:48 م"
"02_stable_diffusion_webui\stable-diffusion-webui-master\stable-diffusion-webui-master\repositories\taming-transformers\data\coco_annotations_100\val2017\000000017714.jpg","D:\zzipp\جي بي\الكميرا\_organized_generation_workspace_20260612\02_stable_diffusion_webui\stable-diffusion-webui-master\stable-diffusion-webui-master\repositories\taming-transformers\data\coco_annotations_100\val2017\000000017714.jpg","000000017714.jpg",".jpg","169159","0.161","26/12/47 02:32:48 م"
"02_stable_diffusion_webui\stable-diffusion-webui-master\stable-diffusion-webui-master\repositories\taming-transformers\data\coco_annotations_100\val2017\000000017899.jpg","D:\zzipp\جي بي\الكميرا\_organized_generation_workspace_20260612\02_stable_diffusion_webui\stable-diffusion-webui-master\stable-diffusion-webui-master\repositories\taming-transformers\data\coco_annotations_100\val2017\000000017899.jpg","000000017899.jpg",".jpg","284188","0.271","26/12/47 02:32:48 م"
"02_stable_diffusion_webui\stable-diffusion-webui-master\stable-diffusion-webui-master\repositories\taming-transformers\data\coco_annotations_100\val2017\000000017905.jpg","D:\zzipp\جي بي\الكميرا\_organized_generation_workspace_20260612\02_stable_diffusion_webui\stable-diffusion-webui-master\stable-diffusion-webui-master\repositories\taming-transformers\data\coco_annotations_100\val2017\000000017905.jpg","000000017905.jpg",".jpg","185463","0.177","26/12/47 02:32:48 م"
"02_stable_diffusion_webui\stable-diffusion-webui-master\stable-diffusion-webui-master\repositories\taming-transformers\data\coco_annotations_100\val2017\000000017959.jpg","D:\zzipp\جي بي\الكميرا\_organized_generation_workspace_20260612\02_stable_diffusion_webui\stable-diffusion-webui-master\stable-diffusion-webui-master\repositories\taming-transformers\data\coco_annotations_100\val2017\000000017959.jpg","000000017959.jpg",".jpg","121659","0.116","26/12/47 02:32:48 م"
"02_stable_diffusion_webui\stable-diffusion-webui-master\stable-diffusion-webui-master\repositories\taming-transformers\data\coco_annotations_100\val2017\000000018150.jpg","D:\zzipp\جي بي\الكميرا\_organized_generation_workspace_20260612\02_stable_diffusion_webui\stable-diffusion-webui-master\stable-diffusion-webui-master\repositories\taming-transformers\data\coco_annotations_100\val2017\000000018150.jpg","000000018150.jpg",".jpg","205383","0.196","26/12/47 02:32:48 م"
"02_stable_diffusion_webui\stable-diffusion-webui-master\stable-diffusion-webui-master\repositories\taming-transformers\data\coco_annotations_100\val2017\000000018193.jpg","D:\zzipp\جي بي\الكميرا\_organized_generation_workspace_20260612\02_stable_diffusion_webui\stable-diffusion-webui-master\stable-diffusion-webui-master\repositories\taming-transformers\data\coco_annotations_100\val2017\000000018193.jpg","000000018193.jpg",".jpg","102639","0.098","26/12/47 02:32:48 م"
"02_stable_diffusion_webui\stable-diffusion-webui-master\stable-diffusion-webui-master\repositories\taming-transformers\data\coco_annotations_100\val2017\000000018380.jpg","D:\zzipp\جي بي\الكميرا\_organized_generation_workspace_20260612\02_stable_diffusion_webui\stable-diffusion-webui-master\stable-diffusion-webui-master\repositories\taming-transformers\data\coco_annotations_100\val2017\000000018380.jpg","000000018380.jpg",".jpg","279661","0.267","26/12/47 02:32:48 م"
"02_stable_diffusion_webui\stable-diffusion-webui-master\stable-diffusion-webui-master\repositories\taming-transformers\data\coco_annotations_100\val2017\000000018491.jpg","D:\zzipp\جي بي\الكميرا\_organized_generation_workspace_20260612\02_stable_diffusion_webui\stable-diffusion-webui-master\stable-diffusion-webui-master\repositories\taming-transformers\data\coco_annotations_100\val2017\000000018491.jpg","000000018491.jpg",".jpg","109544","0.104","26/12/47 02:32:48 م"
"02_stable_diffusion_webui\stable-diffusion-webui-master\stable-diffusion-webui-master\repositories\taming-transformers\data\coco_annotations_100\val2017\000000018519.jpg","D:\zzipp\جي بي\الكميرا\_organized_generation_workspace_20260612\02_stable_diffusion_webui\stable-diffusion-webui-master\stable-diffusion-webui-master\repositories\taming-transformers\data\coco_annotations_100\val2017\000000018519.jpg","000000018519.jpg",".jpg","184659","0.176","26/12/47 02:32:48 م"
"02_stable_diffusion_webui\stable-diffusion-webui-master\stable-diffusion-webui-master\repositories\taming-transformers\data\coco_annotations_100\val2017\000000018575.jpg","D:\zzipp\جي بي\الكميرا\_organized_generation_workspace_20260612\02_stable_diffusion_webui\stable-diffusion-webui-master\stable-diffusion-webui-master\repositories\taming-transformers\data\coco_annotations_100\val2017\000000018575.jpg","000000018575.jpg",".jpg","151689","0.145","26/12/47 02:32:48 م"
"02_stable_diffusion_webui\stable-diffusion-webui-master\stable-diffusion-webui-master\repositories\taming-transformers\data\coco_annotations_100\val2017\000000018737.jpg","D:\zzipp\جي بي\الكميرا\_organized_generation_workspace_20260612\02_stable_diffusion_webui\stable-diffusion-webui-master\stable-diffusion-webui-master\repositories\taming-transformers\data\coco_annotations_100\val2017\000000018737.jpg","000000018737.jpg",".jpg","172938","0.165","26/12/47 02:32:48 م"
"02_stable_diffusion_webui\stable-diffusion-webui-master\stable-diffusion-webui-master\repositories\taming-transformers\data\coco_annotations_100\val2017\000000018770.jpg","D:\zzipp\جي بي\الكميرا\_organized_generation_workspace_20260612\02_stable_diffusion_webui\stable-diffusion-webui-master\stable-diffusion-webui-master\repositories\taming-transformers\data\coco_annotations_100\val2017\000000018770.jpg","000000018770.jpg",".jpg","87553","0.083","26/12/47 02:32:48 م"
"02_stable_diffusion_webui\stable-diffusion-webui-master\stable-diffusion-webui-master\repositories\taming-transformers\data\coco_annotations_100\val2017\000000018833.jpg","D:\zzipp\جي بي\الكميرا\_organized_generation_workspace_20260612\02_stable_diffusion_webui\stable-diffusion-webui-master\stable-diffusion-webui-master\repositories\taming-transformers\data\coco_annotations_100\val2017\000000018833.jpg","000000018833.jpg",".jpg","85243","0.081","26/12/47 02:32:48 م"
"02_stable_diffusion_webui\stable-diffusion-webui-master\stable-diffusion-webui-master\repositories\taming-transformers\data\coco_annotations_100\val2017\000000018837.jpg","D:\zzipp\جي بي\الكميرا\_organized_generation_workspace_20260612\02_stable_diffusion_webui\stable-diffusion-webui-master\stable-diffusion-webui-master\repositories\taming-transformers\data\coco_annotations_100\val2017\000000018837.jpg","000000018837.jpg",".jpg","224384","0.214","26/12/47 02:32:48 م"
"02_stable_diffusion_webui\stable-diffusion-webui-master\stable-diffusion-webui-master\repositories\taming-transformers\data\coco_annotations_100\val2017\000000019042.jpg","D:\zzipp\جي بي\الكميرا\_organized_generation_workspace_20260612\02_stable_diffusion_webui\stable-diffusion-webui-master\stable-diffusion-webui-master\repositories\taming-transformers\data\coco_annotations_100\val2017\000000019042.jpg","000000019042.jpg",".jpg","197906","0.189","26/12/47 02:32:48 م"
"02_stable_diffusion_webui\stable-diffusion-webui-master\stable-diffusion-webui-master\repositories\taming-transformers\data\coco_annotations_100\val2017\000000019109.jpg","D:\zzipp\جي بي\الكميرا\_organized_generation_workspace_20260612\02_stable_diffusion_webui\stable-diffusion-webui-master\stable-diffusion-webui-master\repositories\taming-transformers\data\coco_annotations_100\val2017\000000019109.jpg","000000019109.jpg",".jpg","265893","0.254","26/12/47 02:32:48 م"
"02_stable_diffusion_webui\stable-diffusion-webui-master\stable-diffusion-webui-master\repositories\taming-transformers\data\coco_annotations_100\val2017\000000019221.jpg","D:\zzipp\جي بي\الكميرا\_organized_generation_workspace_20260612\02_stable_diffusion_webui\stable-diffusion-webui-master\stable-diffusion-webui-master\repositories\taming-transformers\data\coco_annotations_100\val2017\000000019221.jpg","000000019221.jpg",".jpg","112695","0.107","26/12/47 02:32:48 م"
"02_stable_diffusion_webui\stable-diffusion-webui-master\stable-diffusion-webui-master\repositories\taming-transformers\data\coco_annotations_100\val2017\000000019402.jpg","D:\zzipp\جي بي\الكميرا\_organized_generation_workspace_20260612\02_stable_diffusion_webui\stable-diffusion-webui-master\stable-diffusion-webui-master\repositories\taming-transformers\data\coco_annotations_100\val2017\000000019402.jpg","000000019402.jpg",".jpg","173626","0.166","26/12/47 02:32:48 م"
"02_stable_diffusion_webui\stable-diffusion-webui-master\stable-diffusion-webui-master\repositories\taming-transformers\data\coco_annotations_100\val2017\000000019432.jpg","D:\zzipp\جي بي\الكميرا\_organized_generation_workspace_20260612\02_stable_diffusion_webui\stable-diffusion-webui-master\stable-diffusion-webui-master\repositories\taming-transformers\data\coco_annotations_100\val2017\000000019432.jpg","000000019432.jpg",".jpg","223434","0.213","26/12/47 02:32:48 م"
"02_stable_diffusion_webui\stable-diffusion-webui-master\stable-diffusion-webui-master\repositories\taming-transformers\data\coco_annotations_100\val2017\000000019742.jpg","D:\zzipp\جي بي\الكميرا\_organized_generation_workspace_20260612\02_stable_diffusion_webui\stable-diffusion-webui-master\stable-diffusion-webui-master\repositories\taming-transformers\data\coco_annotations_100\val2017\000000019742.jpg","000000019742.jpg",".jpg","91344","0.087","26/12/47 02:32:48 م"
"02_stable_diffusion_webui\stable-diffusion-webui-master\stable-diffusion-webui-master\repositories\taming-transformers\data\coco_annotations_100\val2017\000000019786.jpg","D:\zzipp\جي بي\الكميرا\_organized_generation_workspace_20260612\02_stable_diffusion_webui\stable-diffusion-webui-master\stable-diffusion-webui-master\repositories\taming-transformers\data\coco_annotations_100\val2017\000000019786.jpg","000000019786.jpg",".jpg","79278","0.076","26/12/47 02:32:48 م"
"02_stable_diffusion_webui\stable-diffusion-webui-master\stable-diffusion-webui-master\repositories\taming-transformers\data\coco_annotations_100\val2017\000000019924.jpg","D:\zzipp\جي بي\الكميرا\_organized_generation_workspace_20260612\02_stable_diffusion_webui\stable-diffusion-webui-master\stable-diffusion-webui-master\repositories\taming-transformers\data\coco_annotations_100\val2017\000000019924.jpg","000000019924.jpg",".jpg","102366","0.098","26/12/47 02:32:48 م"
"02_stable_diffusion_webui\stable-diffusion-webui-master\stable-diffusion-webui-master\repositories\taming-transformers\data\coco_annotations_100\val2017\000000020059.jpg","D:\zzipp\جي بي\الكميرا\_organized_generation_workspace_20260612\02_stable_diffusion_webui\stable-diffusion-webui-master\stable-diffusion-webui-master\repositories\taming-transformers\data\coco_annotations_100\val2017\000000020059.jpg","000000020059.jpg",".jpg","210318","0.201","26/12/47 02:32:48 م"
"02_stable_diffusion_webui\stable-diffusion-webui-master\stable-diffusion-webui-master\repositories\taming-transformers\data\coco_annotations_100\val2017\000000020107.jpg","D:\zzipp\جي بي\الكميرا\_organized_generation_workspace_20260612\02_stable_diffusion_webui\stable-diffusion-webui-master\stable-diffusion-webui-master\repositories\taming-transformers\data\coco_annotations_100\val2017\000000020107.jpg","000000020107.jpg",".jpg","106821","0.102","26/12/47 02:32:48 م"
"02_stable_diffusion_webui\stable-diffusion-webui-master\stable-diffusion-webui-master\repositories\taming-transformers\data\coco_annotations_100\val2017\000000020247.jpg","D:\zzipp\جي بي\الكميرا\_organized_generation_workspace_20260612\02_stable_diffusion_webui\stable-diffusion-webui-master\stable-diffusion-webui-master\repositories\taming-transformers\data\coco_annotations_100\val2017\000000020247.jpg","000000020247.jpg",".jpg","158661","0.151","26/12/47 02:32:48 م"
"02_stable_diffusion_webui\stable-diffusion-webui-master\stable-diffusion-webui-master\repositories\taming-transformers\data\coco_annotations_100\val2017\000000020333.jpg","D:\zzipp\جي بي\الكميرا\_organized_generation_workspace_20260612\02_stable_diffusion_webui\stable-diffusion-webui-master\stable-diffusion-webui-master\repositories\taming-transformers\data\coco_annotations_100\val2017\000000020333.jpg","000000020333.jpg",".jpg","149099","0.142","26/12/47 02:32:48 م"
"02_stable_diffusion_webui\stable-diffusion-webui-master\stable-diffusion-webui-master\repositories\taming-transformers\data\coco_images\000000018380.jpg","D:\zzipp\جي بي\الكميرا\_organized_generation_workspace_20260612\02_stable_diffusion_webui\stable-diffusion-webui-master\stable-diffusion-webui-master\repositories\taming-transformers\data\coco_images\000000018380.jpg","000000018380.jpg",".jpg","279661","0.267","26/12/47 02:32:48 م"
"02_stable_diffusion_webui\stable-diffusion-webui-master\stable-diffusion-webui-master\repositories\taming-transformers\data\coco_images\000000052507.jpg","D:\zzipp\جي بي\الكميرا\_organized_generation_workspace_20260612\02_stable_diffusion_webui\stable-diffusion-webui-master\stable-diffusion-webui-master\repositories\taming-transformers\data\coco_images\000000052507.jpg","000000052507.jpg",".jpg","230322","0.22","26/12/47 02:32:48 م"
"02_stable_diffusion_webui\stable-diffusion-webui-master\stable-diffusion-webui-master\repositories\taming-transformers\data\coco_images\000000057672.jpg","D:\zzipp\جي بي\الكميرا\_organized_generation_workspace_20260612\02_stable_diffusion_webui\stable-diffusion-webui-master\stable-diffusion-webui-master\repositories\taming-transformers\data\coco_images\000000057672.jpg","000000057672.jpg",".jpg","147264","0.14","26/12/47 02:32:48 م"
"02_stable_diffusion_webui\stable-diffusion-webui-master\stable-diffusion-webui-master\repositories\taming-transformers\data\coco_images\000000064898.jpg","D:\zzipp\جي بي\الكميرا\_organized_generation_workspace_20260612\02_stable_diffusion_webui\stable-diffusion-webui-master\stable-diffusion-webui-master\repositories\taming-transformers\data\coco_images\000000064898.jpg","000000064898.jpg",".jpg","175262","0.167","26/12/47 02:32:48 م"
"02_stable_diffusion_webui\stable-diffusion-webui-master\stable-diffusion-webui-master\repositories\taming-transformers\data\coco_images\000000098392.jpg","D:\zzipp\جي بي\الكميرا\_organized_generation_workspace_20260612\02_stable_diffusion_webui\stable-diffusion-webui-master\stable-diffusion-webui-master\repositories\taming-transformers\data\coco_images\000000098392.jpg","000000098392.jpg",".jpg","92708","0.088","26/12/47 02:32:48 م"
"02_stable_diffusion_webui\stable-diffusion-webui-master\stable-diffusion-webui-master\repositories\taming-transformers\data\coco_images\000000110638.jpg","D:\zzipp\جي بي\الكميرا\_organized_generation_workspace_20260612\02_stable_diffusion_webui\stable-diffusion-webui-master\stable-diffusion-webui-master\repositories\taming-transformers\data\coco_images\000000110638.jpg","000000110638.jpg",".jpg","228586","0.218","26/12/47 02:32:48 م"
"02_stable_diffusion_webui\stable-diffusion-webui-master\stable-diffusion-webui-master\repositories\taming-transformers\data\coco_images\000000119445.jpg","D:\zzipp\جي بي\الكميرا\_organized_generation_workspace_20260612\02_stable_diffusion_webui\stable-diffusion-webui-master\stable-diffusion-webui-master\repositories\taming-transformers\data\coco_images\000000119445.jpg","000000119445.jpg",".jpg","149162","0.142","26/12/47 02:32:48 م"
"02_stable_diffusion_webui\stable-diffusion-webui-master\stable-diffusion-webui-master\repositories\taming-transformers\data\coco_images\000000128658.jpg","D:\zzipp\جي بي\الكميرا\_organized_generation_workspace_20260612\02_stable_diffusion_webui\stable-diffusion-webui-master\stable-diffusion-webui-master\repositories\taming-transformers\data\coco_images\000000128658.jpg","000000128658.jpg",".jpg","105531","0.101","26/12/47 02:32:48 م"
"02_stable_diffusion_webui\stable-diffusion-webui-master\stable-diffusion-webui-master\repositories\taming-transformers\data\coco_images\000000154358.jpg","D:\zzipp\جي بي\الكميرا\_organized_generation_workspace_20260612\02_stable_diffusion_webui\stable-diffusion-webui-master\stable-diffusion-webui-master\repositories\taming-transformers\data\coco_images\000000154358.jpg","000000154358.jpg",".jpg","173359","0.165","26/12/47 02:32:48 م"
"02_stable_diffusion_webui\stable-diffusion-webui-master\stable-diffusion-webui-master\repositories\taming-transformers\data\coco_images\000000166259.jpg","D:\zzipp\جي بي\الكميرا\_organized_generation_workspace_20260612\02_stable_diffusion_webui\stable-diffusion-webui-master\stable-diffusion-webui-master\repositories\taming-transformers\data\coco_images\000000166259.jpg","000000166259.jpg",".jpg","164881","0.157","26/12/47 02:32:48 م"
"02_stable_diffusion_webui\stable-diffusion-webui-master\stable-diffusion-webui-master\repositories\taming-transformers\data\coco_images\000000166563.jpg","D:\zzipp\جي بي\الكميرا\_organized_generation_workspace_20260612\02_stable_diffusion_webui\stable-diffusion-webui-master\stable-diffusion-webui-master\repositories\taming-transformers\data\coco_images\000000166563.jpg","000000166563.jpg",".jpg","101772","0.097","26/12/47 02:32:48 م"
"02_stable_diffusion_webui\stable-diffusion-webui-master\stable-diffusion-webui-master\repositories\taming-transformers\data\coco_images\000000175387.jpg","D:\zzipp\جي بي\الكميرا\_organized_generation_workspace_20260612\02_stable_diffusion_webui\stable-diffusion-webui-master\stable-diffusion-webui-master\repositories\taming-transformers\data\coco_images\000000175387.jpg","000000175387.jpg",".jpg","63517","0.061","26/12/47 02:32:48 م"
"02_stable_diffusion_webui\stable-diffusion-webui-master\stable-diffusion-webui-master\repositories\taming-transformers\data\coco_images\000000185599.jpg","D:\zzipp\جي بي\الكميرا\_organized_generation_workspace_20260612\02_stable_diffusion_webui\stable-diffusion-webui-master\stable-diffusion-webui-master\repositories\taming-transformers\data\coco_images\000000185599.jpg","000000185599.jpg",".jpg","119803","0.114","26/12/47 02:32:48 م"
"02_stable_diffusion_webui\stable-diffusion-webui-master\stable-diffusion-webui-master\repositories\taming-transformers\data\coco_images\000000205834.jpg","D:\zzipp\جي بي\الكميرا\_organized_generation_workspace_20260612\02_stable_diffusion_webui\stable-diffusion-webui-master\stable-diffusion-webui-master\repositories\taming-transformers\data\coco_images\000000205834.jpg","000000205834.jpg",".jpg","118903","0.113","26/12/47 02:32:48 م"
"02_stable_diffusion_webui\stable-diffusion-webui-master\stable-diffusion-webui-master\repositories\taming-transformers\data\coco_images\000000231169.jpg","D:\zzipp\جي بي\الكميرا\_organized_generation_workspace_20260612\02_stable_diffusion_webui\stable-diffusion-webui-master\stable-diffusion-webui-master\repositories\taming-transformers\data\coco_images\000000231169.jpg","000000231169.jpg",".jpg","193183","0.184","26/12/47 02:32:48 م"
"02_stable_diffusion_webui\stable-diffusion-webui-master\stable-diffusion-webui-master\repositories\taming-transformers\data\coco_images\000000237928.jpg","D:\zzipp\جي بي\الكميرا\_organized_generation_workspace_20260612\02_stable_diffusion_webui\stable-diffusion-webui-master\stable-diffusion-webui-master\repositories\taming-transformers\data\coco_images\000000237928.jpg","000000237928.jpg",".jpg","108718","0.104","26/12/47 02:32:48 م"
"02_stable_diffusion_webui\stable-diffusion-webui-master\stable-diffusion-webui-master\repositories\taming-transformers\data\coco_images\000000255824.jpg","D:\zzipp\جي بي\الكميرا\_organized_generation_workspace_20260612\02_stable_diffusion_webui\stable-diffusion-webui-master\stable-diffusion-webui-master\repositories\taming-transformers\data\coco_images\000000255824.jpg","000000255824.jpg",".jpg","172916","0.165","26/12/47 02:32:48 م"
"02_stable_diffusion_webui\stable-diffusion-webui-master\stable-diffusion-webui-master\repositories\taming-transformers\data\coco_images\000000256775.jpg","D:\zzipp\جي بي\الكميرا\_organized_generation_workspace_20260612\02_stable_diffusion_webui\stable-diffusion-webui-master\stable-diffusion-webui-master\repositories\taming-transformers\data\coco_images\000000256775.jpg","000000256775.jpg",".jpg","143596","0.137","26/12/47 02:32:48 م"
"02_stable_diffusion_webui\stable-diffusion-webui-master\stable-diffusion-webui-master\repositories\taming-transformers\data\coco_images\000000299355.jpg","D:\zzipp\جي بي\الكميرا\_organized_generation_workspace_20260612\02_stable_diffusion_webui\stable-diffusion-webui-master\stable-diffusion-webui-master\repositories\taming-transformers\data\coco_images\000000299355.jpg","000000299355.jpg",".jpg","82256","0.078","26/12/47 02:32:48 م"
"02_stable_diffusion_webui\stable-diffusion-webui-master\stable-diffusion-webui-master\repositories\taming-transformers\data\coco_images\000000299720.jpg","D:\zzipp\جي بي\الكميرا\_organized_generation_workspace_20260612\02_stable_diffusion_webui\stable-diffusion-webui-master\stable-diffusion-webui-master\repositories\taming-transformers\data\coco_images\000000299720.jpg","000000299720.jpg",".jpg","78799","0.075","26/12/47 02:32:48 م"
"02_stable_diffusion_webui\stable-diffusion-webui-master\stable-diffusion-webui-master\repositories\taming-transformers\data\coco_images\000000303653.jpg","D:\zzipp\جي بي\الكميرا\_organized_generation_workspace_20260612\02_stable_diffusion_webui\stable-diffusion-webui-master\stable-diffusion-webui-master\repositories\taming-transformers\data\coco_images\000000303653.jpg","000000303653.jpg",".jpg","212824","0.203","26/12/47 02:32:50 م"
"02_stable_diffusion_webui\stable-diffusion-webui-master\stable-diffusion-webui-master\repositories\taming-transformers\data\coco_images\000000323895.jpg","D:\zzipp\جي بي\الكميرا\_organized_generation_workspace_20260612\02_stable_diffusion_webui\stable-diffusion-webui-master\stable-diffusion-webui-master\repositories\taming-transformers\data\coco_images\000000323895.jpg","000000323895.jpg",".jpg","104163","0.099","26/12/47 02:32:50 م"
"02_stable_diffusion_webui\stable-diffusion-webui-master\stable-diffusion-webui-master\repositories\taming-transformers\data\coco_images\000000335529.jpg","D:\zzipp\جي بي\الكميرا\_organized_generation_workspace_20260612\02_stable_diffusion_webui\stable-diffusion-webui-master\stable-diffusion-webui-master\repositories\taming-transformers\data\coco_images\000000335529.jpg","000000335529.jpg",".jpg","148244","0.141","26/12/47 02:32:50 م"
"02_stable_diffusion_webui\stable-diffusion-webui-master\stable-diffusion-webui-master\repositories\taming-transformers\data\coco_images\000000348045.jpg","D:\zzipp\جي بي\الكميرا\_organized_generation_workspace_20260612\02_stable_diffusion_webui\stable-diffusion-webui-master\stable-diffusion-webui-master\repositories\taming-transformers\data\coco_images\000000348045.jpg","000000348045.jpg",".jpg","166603","0.159","26/12/47 02:32:50 م"
"02_stable_diffusion_webui\stable-diffusion-webui-master\stable-diffusion-webui-master\repositories\taming-transformers\data\coco_images\000000348481.jpg","D:\zzipp\جي بي\الكميرا\_organized_generation_workspace_20260612\02_stable_diffusion_webui\stable-diffusion-webui-master\stable-diffusion-webui-master\repositories\taming-transformers\data\coco_images\000000348481.jpg","000000348481.jpg",".jpg","115455","0.11","26/12/47 02:32:50 م"
"02_stable_diffusion_webui\stable-diffusion-webui-master\stable-diffusion-webui-master\repositories\taming-transformers\data\coco_images\000000350405.jpg","D:\zzipp\جي بي\الكميرا\_organized_generation_workspace_20260612\02_stable_diffusion_webui\stable-diffusion-webui-master\stable-diffusion-webui-master\repositories\taming-transformers\data\coco_images\000000350405.jpg","000000350405.jpg",".jpg","69299","0.066","26/12/47 02:32:50 م"
"02_stable_diffusion_webui\stable-diffusion-webui-master\stable-diffusion-webui-master\repositories\taming-transformers\data\coco_images\000000356347.jpg","D:\zzipp\جي بي\الكميرا\_organized_generation_workspace_20260612\02_stable_diffusion_webui\stable-diffusion-webui-master\stable-diffusion-webui-master\repositories\taming-transformers\data\coco_images\000000356347.jpg","000000356347.jpg",".jpg","174921","0.167","26/12/47 02:32:50 م"
"02_stable_diffusion_webui\stable-diffusion-webui-master\stable-diffusion-webui-master\repositories\taming-transformers\data\coco_images\000000361180.jpg","D:\zzipp\جي بي\الكميرا\_organized_generation_workspace_20260612\02_stable_diffusion_webui\stable-diffusion-webui-master\stable-diffusion-webui-master\repositories\taming-transformers\data\coco_images\000000361180.jpg","000000361180.jpg",".jpg","220029","0.21","26/12/47 02:32:50 م"
"02_stable_diffusion_webui\stable-diffusion-webui-master\stable-diffusion-webui-master\repositories\taming-transformers\data\coco_images\000000403385.jpg","D:\zzipp\جي بي\الكميرا\_organized_generation_workspace_20260612\02_stable_diffusion_webui\stable-diffusion-webui-master\stable-diffusion-webui-master\repositories\taming-transformers\data\coco_images\000000403385.jpg","000000403385.jpg",".jpg","81462","0.078","26/12/47 02:32:50 م"
"02_stable_diffusion_webui\stable-diffusion-webui-master\stable-diffusion-webui-master\repositories\taming-transformers\data\coco_images\000000406997.jpg","D:\zzipp\جي بي\الكميرا\_organized_generation_workspace_20260612\02_stable_diffusion_webui\stable-diffusion-webui-master\stable-diffusion-webui-master\repositories\taming-transformers\data\coco_images\000000406997.jpg","000000406997.jpg",".jpg","237838","0.227","26/12/47 02:32:50 م"
"02_stable_diffusion_webui\stable-diffusion-webui-master\stable-diffusion-webui-master\repositories\taming-transformers\data\coco_images\000000452122.jpg","D:\zzipp\جي بي\الكميرا\_organized_generation_workspace_20260612\02_stable_diffusion_webui\stable-diffusion-webui-master\stable-diffusion-webui-master\repositories\taming-transformers\data\coco_images\000000452122.jpg","000000452122.jpg",".jpg","62118","0.059","26/12/47 02:32:50 م"
"02_stable_diffusion_webui\stable-diffusion-webui-master\stable-diffusion-webui-master\repositories\taming-transformers\data\coco_images\000000491464.jpg","D:\zzipp\جي بي\الكميرا\_organized_generation_workspace_20260612\02_stable_diffusion_webui\stable-diffusion-webui-master\stable-diffusion-webui-master\repositories\taming-transformers\data\coco_images\000000491464.jpg","000000491464.jpg",".jpg","159468","0.152","26/12/47 02:32:50 م"
"02_stable_diffusion_webui\stable-diffusion-webui-master\stable-diffusion-webui-master\repositories\taming-transformers\data\coco_images\000000517069.jpg","D:\zzipp\جي بي\الكميرا\_organized_generation_workspace_20260612\02_stable_diffusion_webui\stable-diffusion-webui-master\stable-diffusion-webui-master\repositories\taming-transformers\data\coco_images\000000517069.jpg","000000517069.jpg",".jpg","148150","0.141","26/12/47 02:32:50 م"
"02_stable_diffusion_webui\stable-diffusion-webui-master\stable-diffusion-webui-master\repositories\taming-transformers\data\coco_images\000000522393.jpg","D:\zzipp\جي بي\الكميرا\_organized_generation_workspace_20260612\02_stable_diffusion_webui\stable-diffusion-webui-master\stable-diffusion-webui-master\repositories\taming-transformers\data\coco_images\000000522393.jpg","000000522393.jpg",".jpg","227723","0.217","26/12/47 02:32:50 م"
"02_stable_diffusion_webui\stable-diffusion-webui-master\stable-diffusion-webui-master\repositories\taming-transformers\data\coco_images\000000569273.jpg","D:\zzipp\جي بي\الكميرا\_organized_generation_workspace_20260612\02_stable_diffusion_webui\stable-diffusion-webui-master\stable-diffusion-webui-master\repositories\taming-transformers\data\coco_images\000000569273.jpg","000000569273.jpg",".jpg","198160","0.189","26/12/47 02:32:50 م"
"02_stable_diffusion_webui\stable-diffusion-webui-master\stable-diffusion-webui-master\repositories\taming-transformers\data\coco_segmentations\000000018380.png","D:\zzipp\جي بي\الكميرا\_organized_generation_workspace_20260612\02_stable_diffusion_webui\stable-diffusion-webui-master\stable-diffusion-webui-master\repositories\taming-transformers\data\coco_segmentations\000000018380.png","000000018380.png",".png","10114","0.01","26/12/47 02:32:50 م"
"02_stable_diffusion_webui\stable-diffusion-webui-master\stable-diffusion-webui-master\repositories\taming-transformers\data\coco_segmentations\000000052507.png","D:\zzipp\جي بي\الكميرا\_organized_generation_workspace_20260612\02_stable_diffusion_webui\stable-diffusion-webui-master\stable-diffusion-webui-master\repositories\taming-transformers\data\coco_segmentations\000000052507.png","000000052507.png",".png","2894","0.003","26/12/47 02:32:50 م"
"02_stable_diffusion_webui\stable-diffusion-webui-master\stable-diffusion-webui-master\repositories\taming-transformers\data\coco_segmentations\000000057672.png","D:\zzipp\جي بي\الكميرا\_organized_generation_workspace_20260612\02_stable_diffusion_webui\stable-diffusion-webui-master\stable-diffusion-webui-master\repositories\taming-transformers\data\coco_segmentations\000000057672.png","000000057672.png",".png","7430","0.007","26/12/47 02:32:50 م"
"02_stable_diffusion_webui\stable-diffusion-webui-master\stable-diffusion-webui-master\repositories\taming-transformers\data\coco_segmentations\000000064898.png","D:\zzipp\جي بي\الكميرا\_organized_generation_workspace_20260612\02_stable_diffusion_webui\stable-diffusion-webui-master\stable-diffusion-webui-master\repositories\taming-transformers\data\coco_segmentations\000000064898.png","000000064898.png",".png","2065","0.002","26/12/47 02:32:50 م"
"02_stable_diffusion_webui\stable-diffusion-webui-master\stable-diffusion-webui-master\repositories\taming-transformers\data\coco_segmentations\000000098392.png","D:\zzipp\جي بي\الكميرا\_organized_generation_workspace_20260612\02_stable_diffusion_webui\stable-diffusion-webui-master\stable-diffusion-webui-master\repositories\taming-transformers\data\coco_segmentations\000000098392.png","000000098392.png",".png","4726","0.005","26/12/47 02:32:50 م"
"02_stable_diffusion_webui\stable-diffusion-webui-master\stable-diffusion-webui-master\repositories\taming-transformers\data\coco_segmentations\000000110638.png","D:\zzipp\جي بي\الكميرا\_organized_generation_workspace_20260612\02_stable_diffusion_webui\stable-diffusion-webui-master\stable-diffusion-webui-master\repositories\taming-transformers\data\coco_segmentations\000000110638.png","000000110638.png",".png","4739","0.005","26/12/47 02:32:50 م"
"02_stable_diffusion_webui\stable-diffusion-webui-master\stable-diffusion-webui-master\repositories\taming-transformers\data\coco_segmentations\000000119445.png","D:\zzipp\جي بي\الكميرا\_organized_generation_workspace_20260612\02_stable_diffusion_webui\stable-diffusion-webui-master\stable-diffusion-webui-master\repositories\taming-transformers\data\coco_segmentations\000000119445.png","000000119445.png",".png","4616","0.004","26/12/47 02:32:50 م"
"02_stable_diffusion_webui\stable-diffusion-webui-master\stable-diffusion-webui-master\repositories\taming-transformers\data\coco_segmentations\000000128658.png","D:\zzipp\جي بي\الكميرا\_organized_generation_workspace_20260612\02_stable_diffusion_webui\stable-diffusion-webui-master\stable-diffusion-webui-master\repositories\taming-transformers\data\coco_segmentations\000000128658.png","000000128658.png",".png","5728","0.005","26/12/47 02:32:50 م"
"02_stable_diffusion_webui\stable-diffusion-webui-master\stable-diffusion-webui-master\repositories\taming-transformers\data\coco_segmentations\000000154358.png","D:\zzipp\جي بي\الكميرا\_organized_generation_workspace_20260612\02_stable_diffusion_webui\stable-diffusion-webui-master\stable-diffusion-webui-master\repositories\taming-transformers\data\coco_segmentations\000000154358.png","000000154358.png",".png","7961","0.008","26/12/47 02:32:50 م"
"02_stable_diffusion_webui\stable-diffusion-webui-master\stable-diffusion-webui-master\repositories\taming-transformers\data\coco_segmentations\000000166259.png","D:\zzipp\جي بي\الكميرا\_organized_generation_workspace_20260612\02_stable_diffusion_webui\stable-diffusion-webui-master\stable-diffusion-webui-master\repositories\taming-transformers\data\coco_segmentations\000000166259.png","000000166259.png",".png","4675","0.004","26/12/47 02:32:50 م"
"02_stable_diffusion_webui\stable-diffusion-webui-master\stable-diffusion-webui-master\repositories\taming-transformers\data\coco_segmentations\000000166563.png","D:\zzipp\جي بي\الكميرا\_organized_generation_workspace_20260612\02_stable_diffusion_webui\stable-diffusion-webui-master\stable-diffusion-webui-master\repositories\taming-transformers\data\coco_segmentations\000000166563.png","000000166563.png",".png","5096","0.005","26/12/47 02:32:50 م"
"02_stable_diffusion_webui\stable-diffusion-webui-master\stable-diffusion-webui-master\repositories\taming-transformers\data\coco_segmentations\000000175387.png","D:\zzipp\جي بي\الكميرا\_organized_generation_workspace_20260612\02_stable_diffusion_webui\stable-diffusion-webui-master\stable-diffusion-webui-master\repositories\taming-transformers\data\coco_segmentations\000000175387.png","000000175387.png",".png","2869","0.003","26/12/47 02:32:50 م"
"02_stable_diffusion_webui\stable-diffusion-webui-master\stable-diffusion-webui-master\repositories\taming-transformers\data\coco_segmentations\000000185599.png","D:\zzipp\جي بي\الكميرا\_organized_generation_workspace_20260612\02_stable_diffusion_webui\stable-diffusion-webui-master\stable-diffusion-webui-master\repositories\taming-transformers\data\coco_segmentations\000000185599.png","000000185599.png",".png","4302","0.004","26/12/47 02:32:50 م"
"02_stable_diffusion_webui\stable-diffusion-webui-master\stable-diffusion-webui-master\repositories\taming-transformers\data\coco_segmentations\000000205834.png","D:\zzipp\جي بي\الكميرا\_organized_generation_workspace_20260612\02_stable_diffusion_webui\stable-diffusion-webui-master\stable-diffusion-webui-master\repositories\taming-transformers\data\coco_segmentations\000000205834.png","000000205834.png",".png","4076","0.004","26/12/47 02:32:50 م"
"02_stable_diffusion_webui\stable-diffusion-webui-master\stable-diffusion-webui-master\repositories\taming-transformers\data\coco_segmentations\000000231169.png","D:\zzipp\جي بي\الكميرا\_organized_generation_workspace_20260612\02_stable_diffusion_webui\stable-diffusion-webui-master\stable-diffusion-webui-master\repositories\taming-transformers\data\coco_segmentations\000000231169.png","000000231169.png",".png","5024","0.005","26/12/47 02:32:50 م"
"02_stable_diffusion_webui\stable-diffusion-webui-master\stable-diffusion-webui-master\repositories\taming-transformers\data\coco_segmentations\000000237928.png","D:\zzipp\جي بي\الكميرا\_organized_generation_workspace_20260612\02_stable_diffusion_webui\stable-diffusion-webui-master\stable-diffusion-webui-master\repositories\taming-transformers\data\coco_segmentations\000000237928.png","000000237928.png",".png","4318","0.004","26/12/47 02:32:50 م"
"02_stable_diffusion_webui\stable-diffusion-webui-master\stable-diffusion-webui-master\repositories\taming-transformers\data\coco_segmentations\000000255824.png","D:\zzipp\جي بي\الكميرا\_organized_generation_workspace_20260612\02_stable_diffusion_webui\stable-diffusion-webui-master\stable-diffusion-webui-master\repositories\taming-transformers\data\coco_segmentations\000000255824.png","000000255824.png",".png","3574","0.003","26/12/47 02:32:50 م"
"02_stable_diffusion_webui\stable-diffusion-webui-master\stable-diffusion-webui-master\repositories\taming-transformers\data\coco_segmentations\000000256775.png","D:\zzipp\جي بي\الكميرا\_organized_generation_workspace_20260612\02_stable_diffusion_webui\stable-diffusion-webui-master\stable-diffusion-webui-master\repositories\taming-transformers\data\coco_segmentations\000000256775.png","000000256775.png",".png","3849","0.004","26/12/47 02:32:50 م"
"02_stable_diffusion_webui\stable-diffusion-webui-master\stable-diffusion-webui-master\repositories\taming-transformers\data\coco_segmentations\000000299355.png","D:\zzipp\جي بي\الكميرا\_organized_generation_workspace_20260612\02_stable_diffusion_webui\stable-diffusion-webui-master\stable-diffusion-webui-master\repositories\taming-transformers\data\coco_segmentations\000000299355.png","000000299355.png",".png","2887","0.003","26/12/47 02:32:50 م"
"02_stable_diffusion_webui\stable-diffusion-webui-master\stable-diffusion-webui-master\repositories\taming-transformers\data\coco_segmentations\000000299720.png","D:\zzipp\جي بي\الكميرا\_organized_generation_workspace_20260612\02_stable_diffusion_webui\stable-diffusion-webui-master\stable-diffusion-webui-master\repositories\taming-transformers\data\coco_segmentations\000000299720.png","000000299720.png",".png","4686","0.004","26/12/47 02:32:50 م"
"02_stable_diffusion_webui\stable-diffusion-webui-master\stable-diffusion-webui-master\repositories\taming-transformers\data\coco_segmentations\000000303653.png","D:\zzipp\جي بي\الكميرا\_organized_generation_workspace_20260612\02_stable_diffusion_webui\stable-diffusion-webui-master\stable-diffusion-webui-master\repositories\taming-transformers\data\coco_segmentations\000000303653.png","000000303653.png",".png","6975","0.007","26/12/47 02:32:50 م"
"02_stable_diffusion_webui\stable-diffusion-webui-master\stable-diffusion-webui-master\repositories\taming-transformers\data\coco_segmentations\000000323895.png","D:\zzipp\جي بي\الكميرا\_organized_generation_workspace_20260612\02_stable_diffusion_webui\stable-diffusion-webui-master\stable-diffusion-webui-master\repositories\taming-transformers\data\coco_segmentations\000000323895.png","000000323895.png",".png","3520","0.003","26/12/47 02:32:50 م"
"02_stable_diffusion_webui\stable-diffusion-webui-master\stable-diffusion-webui-master\repositories\taming-transformers\data\coco_segmentations\000000335529.png","D:\zzipp\جي بي\الكميرا\_organized_generation_workspace_20260612\02_stable_diffusion_webui\stable-diffusion-webui-master\stable-diffusion-webui-master\repositories\taming-transformers\data\coco_segmentations\000000335529.png","000000335529.png",".png","6012","0.006","26/12/47 02:32:50 م"
"02_stable_diffusion_webui\stable-diffusion-webui-master\stable-diffusion-webui-master\repositories\taming-transformers\data\coco_segmentations\000000348045.png","D:\zzipp\جي بي\الكميرا\_organized_generation_workspace_20260612\02_stable_diffusion_webui\stable-diffusion-webui-master\stable-diffusion-webui-master\repositories\taming-transformers\data\coco_segmentations\000000348045.png","000000348045.png",".png","3665","0.003","26/12/47 02:32:50 م"
"02_stable_diffusion_webui\stable-diffusion-webui-master\stable-diffusion-webui-master\repositories\taming-transformers\data\coco_segmentations\000000348481.png","D:\zzipp\جي بي\الكميرا\_organized_generation_workspace_20260612\02_stable_diffusion_webui\stable-diffusion-webui-master\stable-diffusion-webui-master\repositories\taming-transformers\data\coco_segmentations\000000348481.png","000000348481.png",".png","8123","0.008","26/12/47 02:32:50 م"
"02_stable_diffusion_webui\stable-diffusion-webui-master\stable-diffusion-webui-master\repositories\taming-transformers\data\coco_segmentations\000000350405.png","D:\zzipp\جي بي\الكميرا\_organized_generation_workspace_20260612\02_stable_diffusion_webui\stable-diffusion-webui-master\stable-diffusion-webui-master\repositories\taming-transformers\data\coco_segmentations\000000350405.png","000000350405.png",".png","2947","0.003","26/12/47 02:32:50 م"
"02_stable_diffusion_webui\stable-diffusion-webui-master\stable-diffusion-webui-master\repositories\taming-transformers\data\coco_segmentations\000000356347.png","D:\zzipp\جي بي\الكميرا\_organized_generation_workspace_20260612\02_stable_diffusion_webui\stable-diffusion-webui-master\stable-diffusion-webui-master\repositories\taming-transformers\data\coco_segmentations\000000356347.png","000000356347.png",".png","3443","0.003","26/12/47 02:32:50 م"
"02_stable_diffusion_webui\stable-diffusion-webui-master\stable-diffusion-webui-master\repositories\taming-transformers\data\coco_segmentations\000000361180.png","D:\zzipp\جي بي\الكميرا\_organized_generation_workspace_20260612\02_stable_diffusion_webui\stable-diffusion-webui-master\stable-diffusion-webui-master\repositories\taming-transformers\data\coco_segmentations\000000361180.png","000000361180.png",".png","2587","0.002","26/12/47 02:32:50 م"
"02_stable_diffusion_webui\stable-diffusion-webui-master\stable-diffusion-webui-master\repositories\taming-transformers\data\coco_segmentations\000000403385.png","D:\zzipp\جي بي\الكميرا\_organized_generation_workspace_20260612\02_stable_diffusion_webui\stable-diffusion-webui-master\stable-diffusion-webui-master\repositories\taming-transformers\data\coco_segmentations\000000403385.png","000000403385.png",".png","6064","0.006","26/12/47 02:32:50 م"
"02_stable_diffusion_webui\stable-diffusion-webui-master\stable-diffusion-webui-master\repositories\taming-transformers\data\coco_segmentations\000000406997.png","D:\zzipp\جي بي\الكميرا\_organized_generation_workspace_20260612\02_stable_diffusion_webui\stable-diffusion-webui-master\stable-diffusion-webui-master\repositories\taming-transformers\data\coco_segmentations\000000406997.png","000000406997.png",".png","7223","0.007","26/12/47 02:32:50 م"
"02_stable_diffusion_webui\stable-diffusion-webui-master\stable-diffusion-webui-master\repositories\taming-transformers\data\coco_segmentations\000000452122.png","D:\zzipp\جي بي\الكميرا\_organized_generation_workspace_20260612\02_stable_diffusion_webui\stable-diffusion-webui-master\stable-diffusion-webui-master\repositories\taming-transformers\data\coco_segmentations\000000452122.png","000000452122.png",".png","2459","0.002","26/12/47 02:32:50 م"
"02_stable_diffusion_webui\stable-diffusion-webui-master\stable-diffusion-webui-master\repositories\taming-transformers\data\coco_segmentations\000000491464.png","D:\zzipp\جي بي\الكميرا\_organized_generation_workspace_20260612\02_stable_diffusion_webui\stable-diffusion-webui-master\stable-diffusion-webui-master\repositories\taming-transformers\data\coco_segmentations\000000491464.png","000000491464.png",".png","6626","0.006","26/12/47 02:32:50 م"
"02_stable_diffusion_webui\stable-diffusion-webui-master\stable-diffusion-webui-master\repositories\taming-transformers\data\coco_segmentations\000000517069.png","D:\zzipp\جي بي\الكميرا\_organized_generation_workspace_20260612\02_stable_diffusion_webui\stable-diffusion-webui-master\stable-diffusion-webui-master\repositories\taming-transformers\data\coco_segmentations\000000517069.png","000000517069.png",".png","9490","0.009","26/12/47 02:32:50 م"
"02_stable_diffusion_webui\stable-diffusion-webui-master\stable-diffusion-webui-master\repositories\taming-transformers\data\coco_segmentations\000000522393.png","D:\zzipp\جي بي\الكميرا\_organized_generation_workspace_20260612\02_stable_diffusion_webui\stable-diffusion-webui-master\stable-diffusion-webui-master\repositories\taming-transformers\data\coco_segmentations\000000522393.png","000000522393.png",".png","4921","0.005","26/12/47 02:32:50 م"
"02_stable_diffusion_webui\stable-diffusion-webui-master\stable-diffusion-webui-master\repositories\taming-transformers\data\coco_segmentations\000000569273.png","D:\zzipp\جي بي\الكميرا\_organized_generation_workspace_20260612\02_stable_diffusion_webui\stable-diffusion-webui-master\stable-diffusion-webui-master\repositories\taming-transformers\data\coco_segmentations\000000569273.png","000000569273.png",".png","6855","0.007","26/12/47 02:32:50 م"
"02_stable_diffusion_webui\stable-diffusion-webui-master\stable-diffusion-webui-master\repositories\taming-transformers\data\drin_depth\n01795545\ILSVRC2012_val_00023344.png","D:\zzipp\جي بي\الكميرا\_organized_generation_workspace_20260612\02_stable_diffusion_webui\stable-diffusion-webui-master\stable-diffusion-webui-master\repositories\taming-transformers\data\drin_depth\n01795545\ILSVRC2012_val_00023344.png","ILSVRC2012_val_00023344.png",".png","563002","0.537","26/12/47 02:32:50 م"
"02_stable_diffusion_webui\stable-diffusion-webui-master\stable-diffusion-webui-master\repositories\taming-transformers\data\drin_depth\n01819313\ILSVRC2012_val_00003068.png","D:\zzipp\جي بي\الكميرا\_organized_generation_workspace_20260612\02_stable_diffusion_webui\stable-diffusion-webui-master\stable-diffusion-webui-master\repositories\taming-transformers\data\drin_depth\n01819313\ILSVRC2012_val_00003068.png","ILSVRC2012_val_00003068.png",".png","557047","0.531","26/12/47 02:32:50 م"
"02_stable_diffusion_webui\stable-diffusion-webui-master\stable-diffusion-webui-master\repositories\taming-transformers\data\drin_depth\n01820546\ILSVRC2012_val_00034784.png","D:\zzipp\جي بي\الكميرا\_organized_generation_workspace_20260612\02_stable_diffusion_webui\stable-diffusion-webui-master\stable-diffusion-webui-master\repositories\taming-transformers\data\drin_depth\n01820546\ILSVRC2012_val_00034784.png","ILSVRC2012_val_00034784.png",".png","660172","0.63","26/12/47 02:32:50 م"
"02_stable_diffusion_webui\stable-diffusion-webui-master\stable-diffusion-webui-master\repositories\taming-transformers\data\drin_depth\n01820546\ILSVRC2012_val_00047491.png","D:\zzipp\جي بي\الكميرا\_organized_generation_workspace_20260612\02_stable_diffusion_webui\stable-diffusion-webui-master\stable-diffusion-webui-master\repositories\taming-transformers\data\drin_depth\n01820546\ILSVRC2012_val_00047491.png","ILSVRC2012_val_00047491.png",".png","549928","0.524","26/12/47 02:32:50 م"
"02_stable_diffusion_webui\stable-diffusion-webui-master\stable-diffusion-webui-master\repositories\taming-transformers\data\drin_depth\n01828970\ILSVRC2012_val_00001336.png","D:\zzipp\جي بي\الكميرا\_organized_generation_workspace_20260612\02_stable_diffusion_webui\stable-diffusion-webui-master\stable-diffusion-webui-master\repositories\taming-transformers\data\drin_depth\n01828970\ILSVRC2012_val_00001336.png","ILSVRC2012_val_00001336.png",".png","657595","0.627","26/12/47 02:32:50 م"
"02_stable_diffusion_webui\stable-diffusion-webui-master\stable-diffusion-webui-master\repositories\taming-transformers\data\drin_depth\n01828970\ILSVRC2012_val_00008236.png","D:\zzipp\جي بي\الكميرا\_organized_generation_workspace_20260612\02_stable_diffusion_webui\stable-diffusion-webui-master\stable-diffusion-webui-master\repositories\taming-transformers\data\drin_depth\n01828970\ILSVRC2012_val_00008236.png","ILSVRC2012_val_00008236.png",".png","644218","0.614","26/12/47 02:32:50 م"
"02_stable_diffusion_webui\stable-diffusion-webui-master\stable-diffusion-webui-master\repositories\taming-transformers\data\drin_depth\n01828970\ILSVRC2012_val_00046802.png","D:\zzipp\جي بي\الكميرا\_organized_generation_workspace_20260612\02_stable_diffusion_webui\stable-diffusion-webui-master\stable-diffusion-webui-master\repositories\taming-transformers\data\drin_depth\n01828970\ILSVRC2012_val_00046802.png","ILSVRC2012_val_00046802.png",".png","545194","0.52","26/12/47 02:32:50 م"
"02_stable_diffusion_webui\stable-diffusion-webui-master\stable-diffusion-webui-master\repositories\taming-transformers\data\drin_depth\n01843065\ILSVRC2012_val_00022439.png","D:\zzipp\جي بي\الكميرا\_organized_generation_workspace_20260612\02_stable_diffusion_webui\stable-diffusion-webui-master\stable-diffusion-webui-master\repositories\taming-transformers\data\drin_depth\n01843065\ILSVRC2012_val_00022439.png","ILSVRC2012_val_00022439.png",".png","590701","0.563","26/12/47 02:32:50 م"
"02_stable_diffusion_webui\stable-diffusion-webui-master\stable-diffusion-webui-master\repositories\taming-transformers\data\drin_depth\n01847000\ILSVRC2012_val_00022364.png","D:\zzipp\جي بي\الكميرا\_organized_generation_workspace_20260612\02_stable_diffusion_webui\stable-diffusion-webui-master\stable-diffusion-webui-master\repositories\taming-transformers\data\drin_depth\n01847000\ILSVRC2012_val_00022364.png","ILSVRC2012_val_00022364.png",".png","530644","0.506","26/12/47 02:32:50 م"
"02_stable_diffusion_webui\stable-diffusion-webui-master\stable-diffusion-webui-master\repositories\taming-transformers\data\drin_depth\n02085782\ILSVRC2012_val_00012298.png","D:\zzipp\جي بي\الكميرا\_organized_generation_workspace_20260612\02_stable_diffusion_webui\stable-diffusion-webui-master\stable-diffusion-webui-master\repositories\taming-transformers\data\drin_depth\n02085782\ILSVRC2012_val_00012298.png","ILSVRC2012_val_00012298.png",".png","336447","0.321","26/12/47 02:32:50 م"
"02_stable_diffusion_webui\stable-diffusion-webui-master\stable-diffusion-webui-master\repositories\taming-transformers\data\drin_depth\n02086646\ILSVRC2012_val_00011473.png","D:\zzipp\جي بي\الكميرا\_organized_generation_workspace_20260612\02_stable_diffusion_webui\stable-diffusion-webui-master\stable-diffusion-webui-master\repositories\taming-transformers\data\drin_depth\n02086646\ILSVRC2012_val_00011473.png","ILSVRC2012_val_00011473.png",".png","467021","0.445","26/12/47 02:32:50 م"
"02_stable_diffusion_webui\stable-diffusion-webui-master\stable-diffusion-webui-master\repositories\taming-transformers\data\drin_depth\n02088466\ILSVRC2012_val_00013651.png","D:\zzipp\جي بي\الكميرا\_organized_generation_workspace_20260612\02_stable_diffusion_webui\stable-diffusion-webui-master\stable-diffusion-webui-master\repositories\taming-transformers\data\drin_depth\n02088466\ILSVRC2012_val_00013651.png","ILSVRC2012_val_00013651.png",".png","396956","0.379","26/12/47 02:32:50 م"
"02_stable_diffusion_webui\stable-diffusion-webui-master\stable-diffusion-webui-master\repositories\taming-transformers\data\drin_depth\n02089973\ILSVRC2012_val_00000028.png","D:\zzipp\جي بي\الكميرا\_organized_generation_workspace_20260612\02_stable_diffusion_webui\stable-diffusion-webui-master\stable-diffusion-webui-master\repositories\taming-transformers\data\drin_depth\n02089973\ILSVRC2012_val_00000028.png","ILSVRC2012_val_00000028.png",".png","591901","0.564","26/12/47 02:32:50 م"
"02_stable_diffusion_webui\stable-diffusion-webui-master\stable-diffusion-webui-master\repositories\taming-transformers\data\drin_depth\n02093256\ILSVRC2012_val_00046547.png","D:\zzipp\جي بي\الكميرا\_organized_generation_workspace_20260612\02_stable_diffusion_webui\stable-diffusion-webui-master\stable-diffusion-webui-master\repositories\taming-transformers\data\drin_depth\n02093256\ILSVRC2012_val_00046547.png","ILSVRC2012_val_00046547.png",".png","585514","0.558","26/12/47 02:32:50 م"
"02_stable_diffusion_webui\stable-diffusion-webui-master\stable-diffusion-webui-master\repositories\taming-transformers\data\drin_depth\n02096294\ILSVRC2012_val_00042133.png","D:\zzipp\جي بي\الكميرا\_organized_generation_workspace_20260612\02_stable_diffusion_webui\stable-diffusion-webui-master\stable-diffusion-webui-master\repositories\taming-transformers\data\drin_depth\n02096294\ILSVRC2012_val_00042133.png","ILSVRC2012_val_00042133.png",".png","437245","0.417","26/12/47 02:32:50 م"
"02_stable_diffusion_webui\stable-diffusion-webui-master\stable-diffusion-webui-master\repositories\taming-transformers\data\drin_depth\n02099601\ILSVRC2012_val_00005697.png","D:\zzipp\جي بي\الكميرا\_organized_generation_workspace_20260612\02_stable_diffusion_webui\stable-diffusion-webui-master\stable-diffusion-webui-master\repositories\taming-transformers\data\drin_depth\n02099601\ILSVRC2012_val_00005697.png","ILSVRC2012_val_00005697.png",".png","596630","0.569","26/12/47 02:32:50 م"
"02_stable_diffusion_webui\stable-diffusion-webui-master\stable-diffusion-webui-master\repositories\taming-transformers\data\drin_depth\n02099712\ILSVRC2012_val_00023471.png","D:\zzipp\جي بي\الكميرا\_organized_generation_workspace_20260612\02_stable_diffusion_webui\stable-diffusion-webui-master\stable-diffusion-webui-master\repositories\taming-transformers\data\drin_depth\n02099712\ILSVRC2012_val_00023471.png","ILSVRC2012_val_00023471.png",".png","452498","0.432","26/12/47 02:32:50 م"
"02_stable_diffusion_webui\stable-diffusion-webui-master\stable-diffusion-webui-master\repositories\taming-transformers\data\drin_depth\n02100877\ILSVRC2012_val_00039863.png","D:\zzipp\جي بي\الكميرا\_organized_generation_workspace_20260612\02_stable_diffusion_webui\stable-diffusion-webui-master\stable-diffusion-webui-master\repositories\taming-transformers\data\drin_depth\n02100877\ILSVRC2012_val_00039863.png","ILSVRC2012_val_00039863.png",".png","501001","0.478","26/12/47 02:32:50 م"
"02_stable_diffusion_webui\stable-diffusion-webui-master\stable-diffusion-webui-master\repositories\taming-transformers\data\drin_depth\n02101006\ILSVRC2012_val_00032333.png","D:\zzipp\جي بي\الكميرا\_organized_generation_workspace_20260612\02_stable_diffusion_webui\stable-diffusion-webui-master\stable-diffusion-webui-master\repositories\taming-transformers\data\drin_depth\n02101006\ILSVRC2012_val_00032333.png","ILSVRC2012_val_00032333.png",".png","631034","0.602","26/12/47 02:32:50 م"
"02_stable_diffusion_webui\stable-diffusion-webui-master\stable-diffusion-webui-master\repositories\taming-transformers\data\drin_depth\n02101006\ILSVRC2012_val_00047325.png","D:\zzipp\جي بي\الكميرا\_organized_generation_workspace_20260612\02_stable_diffusion_webui\stable-diffusion-webui-master\stable-diffusion-webui-master\repositories\taming-transformers\data\drin_depth\n02101006\ILSVRC2012_val_00047325.png","ILSVRC2012_val_00047325.png",".png","487797","0.465","26/12/47 02:32:50 م"
"02_stable_diffusion_webui\stable-diffusion-webui-master\stable-diffusion-webui-master\repositories\taming-transformers\data\drin_depth\n02101556\ILSVRC2012_val_00030540.png","D:\zzipp\جي بي\الكميرا\_organized_generation_workspace_20260612\02_stable_diffusion_webui\stable-diffusion-webui-master\stable-diffusion-webui-master\repositories\taming-transformers\data\drin_depth\n02101556\ILSVRC2012_val_00030540.png","ILSVRC2012_val_00030540.png",".png","524187","0.5","26/12/47 02:32:52 م"
"02_stable_diffusion_webui\stable-diffusion-webui-master\stable-diffusion-webui-master\repositories\taming-transformers\data\drin_depth\n02102318\ILSVRC2012_val_00024691.png","D:\zzipp\جي بي\الكميرا\_organized_generation_workspace_20260612\02_stable_diffusion_webui\stable-diffusion-webui-master\stable-diffusion-webui-master\repositories\taming-transformers\data\drin_depth\n02102318\ILSVRC2012_val_00024691.png","ILSVRC2012_val_00024691.png",".png","522845","0.499","26/12/47 02:32:52 م"
"02_stable_diffusion_webui\stable-diffusion-webui-master\stable-diffusion-webui-master\repositories\taming-transformers\data\drin_depth\n02105505\ILSVRC2012_val_00031252.png","D:\zzipp\جي بي\الكميرا\_organized_generation_workspace_20260612\02_stable_diffusion_webui\stable-diffusion-webui-master\stable-diffusion-webui-master\repositories\taming-transformers\data\drin_depth\n02105505\ILSVRC2012_val_00031252.png","ILSVRC2012_val_00031252.png",".png","771375","0.736","26/12/47 02:32:52 م"
"02_stable_diffusion_webui\stable-diffusion-webui-master\stable-diffusion-webui-master\repositories\taming-transformers\data\drin_depth\n02110627\ILSVRC2012_val_00008310.png","D:\zzipp\جي بي\الكميرا\_organized_generation_workspace_20260612\02_stable_diffusion_webui\stable-diffusion-webui-master\stable-diffusion-webui-master\repositories\taming-transformers\data\drin_depth\n02110627\ILSVRC2012_val_00008310.png","ILSVRC2012_val_00008310.png",".png","616860","0.588","26/12/47 02:32:52 م"
"02_stable_diffusion_webui\stable-diffusion-webui-master\stable-diffusion-webui-master\repositories\taming-transformers\data\drin_depth\n02111889\ILSVRC2012_val_00042625.png","D:\zzipp\جي بي\الكميرا\_organized_generation_workspace_20260612\02_stable_diffusion_webui\stable-diffusion-webui-master\stable-diffusion-webui-master\repositories\taming-transformers\data\drin_depth\n02111889\ILSVRC2012_val_00042625.png","ILSVRC2012_val_00042625.png",".png","437957","0.418","26/12/47 02:32:52 م"
"02_stable_diffusion_webui\stable-diffusion-webui-master\stable-diffusion-webui-master\repositories\taming-transformers\data\drin_images\n01795545\ILSVRC2012_val_00023344.JPEG","D:\zzipp\جي بي\الكميرا\_organized_generation_workspace_20260612\02_stable_diffusion_webui\stable-diffusion-webui-master\stable-diffusion-webui-master\repositories\taming-transformers\data\drin_images\n01795545\ILSVRC2012_val_00023344.JPEG","ILSVRC2012_val_00023344.JPEG",".JPEG","160997","0.154","26/12/47 02:32:52 م"
"02_stable_diffusion_webui\stable-diffusion-webui-master\stable-diffusion-webui-master\repositories\taming-transformers\data\drin_images\n01819313\ILSVRC2012_val_00003068.JPEG","D:\zzipp\جي بي\الكميرا\_organized_generation_workspace_20260612\02_stable_diffusion_webui\stable-diffusion-webui-master\stable-diffusion-webui-master\repositories\taming-transformers\data\drin_images\n01819313\ILSVRC2012_val_00003068.JPEG","ILSVRC2012_val_00003068.JPEG",".JPEG","130371","0.124","26/12/47 02:32:52 م"
"02_stable_diffusion_webui\stable-diffusion-webui-master\stable-diffusion-webui-master\repositories\taming-transformers\data\drin_images\n01820546\ILSVRC2012_val_00034784.JPEG","D:\zzipp\جي بي\الكميرا\_organized_generation_workspace_20260612\02_stable_diffusion_webui\stable-diffusion-webui-master\stable-diffusion-webui-master\repositories\taming-transformers\data\drin_images\n01820546\ILSVRC2012_val_00034784.JPEG","ILSVRC2012_val_00034784.JPEG",".JPEG","110646","0.106","26/12/47 02:32:52 م"
"02_stable_diffusion_webui\stable-diffusion-webui-master\stable-diffusion-webui-master\repositories\taming-transformers\data\drin_images\n01820546\ILSVRC2012_val_00047491.JPEG","D:\zzipp\جي بي\الكميرا\_organized_generation_workspace_20260612\02_stable_diffusion_webui\stable-diffusion-webui-master\stable-diffusion-webui-master\repositories\taming-transformers\data\drin_images\n01820546\ILSVRC2012_val_00047491.JPEG","ILSVRC2012_val_00047491.JPEG",".JPEG","88533","0.084","26/12/47 02:32:52 م"
"02_stable_diffusion_webui\stable-diffusion-webui-master\stable-diffusion-webui-master\repositories\taming-transformers\data\drin_images\n01828970\ILSVRC2012_val_00001336.JPEG","D:\zzipp\جي بي\الكميرا\_organized_generation_workspace_20260612\02_stable_diffusion_webui\stable-diffusion-webui-master\stable-diffusion-webui-master\repositories\taming-transformers\data\drin_images\n01828970\ILSVRC2012_val_00001336.JPEG","ILSVRC2012_val_00001336.JPEG",".JPEG","214079","0.204","26/12/47 02:32:52 م"
"02_stable_diffusion_webui\stable-diffusion-webui-master\stable-diffusion-webui-master\repositories\taming-transformers\data\drin_images\n01828970\ILSVRC2012_val_00008236.JPEG","D:\zzipp\جي بي\الكميرا\_organized_generation_workspace_20260612\02_stable_diffusion_webui\stable-diffusion-webui-master\stable-diffusion-webui-master\repositories\taming-transformers\data\drin_images\n01828970\ILSVRC2012_val_00008236.JPEG","ILSVRC2012_val_00008236.JPEG",".JPEG","223529","0.213","26/12/47 02:32:52 م"
"02_stable_diffusion_webui\stable-diffusion-webui-master\stable-diffusion-webui-master\repositories\taming-transformers\data\drin_images\n01828970\ILSVRC2012_val_00046802.JPEG","D:\zzipp\جي بي\الكميرا\_organized_generation_workspace_20260612\02_stable_diffusion_webui\stable-diffusion-webui-master\stable-diffusion-webui-master\repositories\taming-transformers\data\drin_images\n01828970\ILSVRC2012_val_00046802.JPEG","ILSVRC2012_val_00046802.JPEG",".JPEG","132865","0.127","26/12/47 02:32:52 م"
"02_stable_diffusion_webui\stable-diffusion-webui-master\stable-diffusion-webui-master\repositories\taming-transformers\data\drin_images\n01843065\ILSVRC2012_val_00022439.JPEG","D:\zzipp\جي بي\الكميرا\_organized_generation_workspace_20260612\02_stable_diffusion_webui\stable-diffusion-webui-master\stable-diffusion-webui-master\repositories\taming-transformers\data\drin_images\n01843065\ILSVRC2012_val_00022439.JPEG","ILSVRC2012_val_00022439.JPEG",".JPEG","152382","0.145","26/12/47 02:32:52 م"
"02_stable_diffusion_webui\stable-diffusion-webui-master\stable-diffusion-webui-master\repositories\taming-transformers\data\drin_images\n01847000\ILSVRC2012_val_00022364.JPEG","D:\zzipp\جي بي\الكميرا\_organized_generation_workspace_20260612\02_stable_diffusion_webui\stable-diffusion-webui-master\stable-diffusion-webui-master\repositories\taming-transformers\data\drin_images\n01847000\ILSVRC2012_val_00022364.JPEG","ILSVRC2012_val_00022364.JPEG",".JPEG","149638","0.143","26/12/47 02:32:52 م"
"02_stable_diffusion_webui\stable-diffusion-webui-master\stable-diffusion-webui-master\repositories\taming-transformers\data\drin_images\n02085782\ILSVRC2012_val_00012298.JPEG","D:\zzipp\جي بي\الكميرا\_organized_generation_workspace_20260612\02_stable_diffusion_webui\stable-diffusion-webui-master\stable-diffusion-webui-master\repositories\taming-transformers\data\drin_images\n02085782\ILSVRC2012_val_00012298.JPEG","ILSVRC2012_val_00012298.JPEG",".JPEG","29860","0.028","26/12/47 02:32:52 م"
"02_stable_diffusion_webui\stable-diffusion-webui-master\stable-diffusion-webui-master\repositories\taming-transformers\data\drin_images\n02086646\ILSVRC2012_val_00011473.JPEG","D:\zzipp\جي بي\الكميرا\_organized_generation_workspace_20260612\02_stable_diffusion_webui\stable-diffusion-webui-master\stable-diffusion-webui-master\repositories\taming-transformers\data\drin_images\n02086646\ILSVRC2012_val_00011473.JPEG","ILSVRC2012_val_00011473.JPEG",".JPEG","121772","0.116","26/12/47 02:32:52 م"
"02_stable_diffusion_webui\stable-diffusion-webui-master\stable-diffusion-webui-master\repositories\taming-transformers\data\drin_images\n02088466\ILSVRC2012_val_00013651.JPEG","D:\zzipp\جي بي\الكميرا\_organized_generation_workspace_20260612\02_stable_diffusion_webui\stable-diffusion-webui-master\stable-diffusion-webui-master\repositories\taming-transformers\data\drin_images\n02088466\ILSVRC2012_val_00013651.JPEG","ILSVRC2012_val_00013651.JPEG",".JPEG","38247","0.036","26/12/47 02:32:52 م"
"02_stable_diffusion_webui\stable-diffusion-webui-master\stable-diffusion-webui-master\repositories\taming-transformers\data\drin_images\n02089973\ILSVRC2012_val_00000028.JPEG","D:\zzipp\جي بي\الكميرا\_organized_generation_workspace_20260612\02_stable_diffusion_webui\stable-diffusion-webui-master\stable-diffusion-webui-master\repositories\taming-transformers\data\drin_images\n02089973\ILSVRC2012_val_00000028.JPEG","ILSVRC2012_val_00000028.JPEG",".JPEG","201693","0.192","26/12/47 02:32:52 م"
"02_stable_diffusion_webui\stable-diffusion-webui-master\stable-diffusion-webui-master\repositories\taming-transformers\data\drin_images\n02093256\ILSVRC2012_val_00046547.JPEG","D:\zzipp\جي بي\الكميرا\_organized_generation_workspace_20260612\02_stable_diffusion_webui\stable-diffusion-webui-master\stable-diffusion-webui-master\repositories\taming-transformers\data\drin_images\n02093256\ILSVRC2012_val_00046547.JPEG","ILSVRC2012_val_00046547.JPEG",".JPEG","98349","0.094","26/12/47 02:32:52 م"
"02_stable_diffusion_webui\stable-diffusion-webui-master\stable-diffusion-webui-master\repositories\taming-transformers\data\drin_images\n02096294\ILSVRC2012_val_00042133.JPEG","D:\zzipp\جي بي\الكميرا\_organized_generation_workspace_20260612\02_stable_diffusion_webui\stable-diffusion-webui-master\stable-diffusion-webui-master\repositories\taming-transformers\data\drin_images\n02096294\ILSVRC2012_val_00042133.JPEG","ILSVRC2012_val_00042133.JPEG",".JPEG","206922","0.197","26/12/47 02:32:52 م"
"02_stable_diffusion_webui\stable-diffusion-webui-master\stable-diffusion-webui-master\repositories\taming-transformers\data\drin_images\n02099601\ILSVRC2012_val_00005697.JPEG","D:\zzipp\جي بي\الكميرا\_organized_generation_workspace_20260612\02_stable_diffusion_webui\stable-diffusion-webui-master\stable-diffusion-webui-master\repositories\taming-transformers\data\drin_images\n02099601\ILSVRC2012_val_00005697.JPEG","ILSVRC2012_val_00005697.JPEG",".JPEG","158578","0.151","26/12/47 02:32:52 م"
"02_stable_diffusion_webui\stable-diffusion-webui-master\stable-diffusion-webui-master\repositories\taming-transformers\data\drin_images\n02099712\ILSVRC2012_val_00023471.JPEG","D:\zzipp\جي بي\الكميرا\_organized_generation_workspace_20260612\02_stable_diffusion_webui\stable-diffusion-webui-master\stable-diffusion-webui-master\repositories\taming-transformers\data\drin_images\n02099712\ILSVRC2012_val_00023471.JPEG","ILSVRC2012_val_00023471.JPEG",".JPEG","64650","0.062","26/12/47 02:32:52 م"
"02_stable_diffusion_webui\stable-diffusion-webui-master\stable-diffusion-webui-master\repositories\taming-transformers\data\drin_images\n02100877\ILSVRC2012_val_00039863.JPEG","D:\zzipp\جي بي\الكميرا\_organized_generation_workspace_20260612\02_stable_diffusion_webui\stable-diffusion-webui-master\stable-diffusion-webui-master\repositories\taming-transformers\data\drin_images\n02100877\ILSVRC2012_val_00039863.JPEG","ILSVRC2012_val_00039863.JPEG",".JPEG","108382","0.103","26/12/47 02:32:52 م"
"02_stable_diffusion_webui\stable-diffusion-webui-master\stable-diffusion-webui-master\repositories\taming-transformers\data\drin_images\n02101006\ILSVRC2012_val_00032333.JPEG","D:\zzipp\جي بي\الكميرا\_organized_generation_workspace_20260612\02_stable_diffusion_webui\stable-diffusion-webui-master\stable-diffusion-webui-master\repositories\taming-transformers\data\drin_images\n02101006\ILSVRC2012_val_00032333.JPEG","ILSVRC2012_val_00032333.JPEG",".JPEG","156659","0.149","26/12/47 02:32:52 م"
"02_stable_diffusion_webui\stable-diffusion-webui-master\stable-diffusion-webui-master\repositories\taming-transformers\data\drin_images\n02101006\ILSVRC2012_val_00047325.JPEG","D:\zzipp\جي بي\الكميرا\_organized_generation_workspace_20260612\02_stable_diffusion_webui\stable-diffusion-webui-master\stable-diffusion-webui-master\repositories\taming-transformers\data\drin_images\n02101006\ILSVRC2012_val_00047325.JPEG","ILSVRC2012_val_00047325.JPEG",".JPEG","140394","0.134","26/12/47 02:32:52 م"
"02_stable_diffusion_webui\stable-diffusion-webui-master\stable-diffusion-webui-master\repositories\taming-transformers\data\drin_images\n02101556\ILSVRC2012_val_00030540.JPEG","D:\zzipp\جي بي\الكميرا\_organized_generation_workspace_20260612\02_stable_diffusion_webui\stable-diffusion-webui-master\stable-diffusion-webui-master\repositories\taming-transformers\data\drin_images\n02101556\ILSVRC2012_val_00030540.JPEG","ILSVRC2012_val_00030540.JPEG",".JPEG","190299","0.181","26/12/47 02:32:52 م"
"02_stable_diffusion_webui\stable-diffusion-webui-master\stable-diffusion-webui-master\repositories\taming-transformers\data\drin_images\n02102318\ILSVRC2012_val_00024691.JPEG","D:\zzipp\جي بي\الكميرا\_organized_generation_workspace_20260612\02_stable_diffusion_webui\stable-diffusion-webui-master\stable-diffusion-webui-master\repositories\taming-transformers\data\drin_images\n02102318\ILSVRC2012_val_00024691.JPEG","ILSVRC2012_val_00024691.JPEG",".JPEG","110926","0.106","26/12/47 02:32:52 م"
"02_stable_diffusion_webui\stable-diffusion-webui-master\stable-diffusion-webui-master\repositories\taming-transformers\data\drin_images\n02105505\ILSVRC2012_val_00031252.JPEG","D:\zzipp\جي بي\الكميرا\_organized_generation_workspace_20260612\02_stable_diffusion_webui\stable-diffusion-webui-master\stable-diffusion-webui-master\repositories\taming-transformers\data\drin_images\n02105505\ILSVRC2012_val_00031252.JPEG","ILSVRC2012_val_00031252.JPEG",".JPEG","65436","0.062","26/12/47 02:32:52 م"
"02_stable_diffusion_webui\stable-diffusion-webui-master\stable-diffusion-webui-master\repositories\taming-transformers\data\drin_images\n02110627\ILSVRC2012_val_00008310.JPEG","D:\zzipp\جي بي\الكميرا\_organized_generation_workspace_20260612\02_stable_diffusion_webui\stable-diffusion-webui-master\stable-diffusion-webui-master\repositories\taming-transformers\data\drin_images\n02110627\ILSVRC2012_val_00008310.JPEG","ILSVRC2012_val_00008310.JPEG",".JPEG","116152","0.111","26/12/47 02:32:52 م"
"02_stable_diffusion_webui\stable-diffusion-webui-master\stable-diffusion-webui-master\repositories\taming-transformers\data\drin_images\n02111889\ILSVRC2012_val_00042625.JPEG","D:\zzipp\جي بي\الكميرا\_organized_generation_workspace_20260612\02_stable_diffusion_webui\stable-diffusion-webui-master\stable-diffusion-webui-master\repositories\taming-transformers\data\drin_images\n02111889\ILSVRC2012_val_00042625.JPEG","ILSVRC2012_val_00042625.JPEG",".JPEG","68596","0.065","26/12/47 02:32:52 م"
"02_stable_diffusion_webui\stable-diffusion-webui-master\stable-diffusion-webui-master\repositories\taming-transformers\data\open_images_annotations_100\train\000ab31e6be35fed.jpg","D:\zzipp\جي بي\الكميرا\_organized_generation_workspace_20260612\02_stable_diffusion_webui\stable-diffusion-webui-master\stable-diffusion-webui-master\repositories\taming-transformers\data\open_images_annotations_100\train\000ab31e6be35fed.jpg","000ab31e6be35fed.jpg",".jpg","447131","0.426","26/12/47 02:32:52 م"
"02_stable_diffusion_webui\stable-diffusion-webui-master\stable-diffusion-webui-master\repositories\taming-transformers\data\open_images_annotations_100\train\000ab7bec71cc50a.jpg","D:\zzipp\جي بي\الكميرا\_organized_generation_workspace_20260612\02_stable_diffusion_webui\stable-diffusion-webui-master\stable-diffusion-webui-master\repositories\taming-transformers\data\open_images_annotations_100\train\000ab7bec71cc50a.jpg","000ab7bec71cc50a.jpg",".jpg","459478","0.438","26/12/47 02:32:52 م"
"02_stable_diffusion_webui\stable-diffusion-webui-master\stable-diffusion-webui-master\repositories\taming-transformers\data\open_images_annotations_100\train\000ab8c20b3e5b58.jpg","D:\zzipp\جي بي\الكميرا\_organized_generation_workspace_20260612\02_stable_diffusion_webui\stable-diffusion-webui-master\stable-diffusion-webui-master\repositories\taming-transformers\data\open_images_annotations_100\train\000ab8c20b3e5b58.jpg","000ab8c20b3e5b58.jpg",".jpg","338203","0.323","26/12/47 02:32:52 م"
"02_stable_diffusion_webui\stable-diffusion-webui-master\stable-diffusion-webui-master\repositories\taming-transformers\data\open_images_annotations_100\train\000abc075d659122.jpg","D:\zzipp\جي بي\الكميرا\_organized_generation_workspace_20260612\02_stable_diffusion_webui\stable-diffusion-webui-master\stable-diffusion-webui-master\repositories\taming-transformers\data\open_images_annotations_100\train\000abc075d659122.jpg","000abc075d659122.jpg",".jpg","304165","0.29","26/12/47 02:32:52 م"
"02_stable_diffusion_webui\stable-diffusion-webui-master\stable-diffusion-webui-master\repositories\taming-transformers\data\open_images_annotations_100\train\000abc821f66a892.jpg","D:\zzipp\جي بي\الكميرا\_organized_generation_workspace_20260612\02_stable_diffusion_webui\stable-diffusion-webui-master\stable-diffusion-webui-master\repositories\taming-transformers\data\open_images_annotations_100\train\000abc821f66a892.jpg","000abc821f66a892.jpg",".jpg","84039","0.08","26/12/47 02:32:52 م"
"02_stable_diffusion_webui\stable-diffusion-webui-master\stable-diffusion-webui-master\repositories\taming-transformers\data\open_images_annotations_100\train\000abe5eddc5b303.jpg","D:\zzipp\جي بي\الكميرا\_organized_generation_workspace_20260612\02_stable_diffusion_webui\stable-diffusion-webui-master\stable-diffusion-webui-master\repositories\taming-transformers\data\open_images_annotations_100\train\000abe5eddc5b303.jpg","000abe5eddc5b303.jpg",".jpg","384229","0.366","26/12/47 02:32:52 م"
"02_stable_diffusion_webui\stable-diffusion-webui-master\stable-diffusion-webui-master\repositories\taming-transformers\data\open_images_annotations_100\train\000ac34008b0ba4c.jpg","D:\zzipp\جي بي\الكميرا\_organized_generation_workspace_20260612\02_stable_diffusion_webui\stable-diffusion-webui-master\stable-diffusion-webui-master\repositories\taming-transformers\data\open_images_annotations_100\train\000ac34008b0ba4c.jpg","000ac34008b0ba4c.jpg",".jpg","191489","0.183","26/12/47 02:32:52 م"
"02_stable_diffusion_webui\stable-diffusion-webui-master\stable-diffusion-webui-master\repositories\taming-transformers\data\open_images_annotations_100\train\000ac8c676b6077a.jpg","D:\zzipp\جي بي\الكميرا\_organized_generation_workspace_20260612\02_stable_diffusion_webui\stable-diffusion-webui-master\stable-diffusion-webui-master\repositories\taming-transformers\data\open_images_annotations_100\train\000ac8c676b6077a.jpg","000ac8c676b6077a.jpg",".jpg","197026","0.188","26/12/47 02:32:52 م"
"02_stable_diffusion_webui\stable-diffusion-webui-master\stable-diffusion-webui-master\repositories\taming-transformers\data\open_images_annotations_100\train\000ac95750ac7399.jpg","D:\zzipp\جي بي\الكميرا\_organized_generation_workspace_20260612\02_stable_diffusion_webui\stable-diffusion-webui-master\stable-diffusion-webui-master\repositories\taming-transformers\data\open_images_annotations_100\train\000ac95750ac7399.jpg","000ac95750ac7399.jpg",".jpg","571207","0.545","26/12/47 02:32:52 م"
"02_stable_diffusion_webui\stable-diffusion-webui-master\stable-diffusion-webui-master\repositories\taming-transformers\data\open_images_annotations_100\train\000acf666d991c39.jpg","D:\zzipp\جي بي\الكميرا\_organized_generation_workspace_20260612\02_stable_diffusion_webui\stable-diffusion-webui-master\stable-diffusion-webui-master\repositories\taming-transformers\data\open_images_annotations_100\train\000acf666d991c39.jpg","000acf666d991c39.jpg",".jpg","495601","0.473","26/12/47 02:32:52 م"
"02_stable_diffusion_webui\stable-diffusion-webui-master\stable-diffusion-webui-master\repositories\taming-transformers\data\open_images_annotations_100\train\000ad0ecfb21ee63.jpg","D:\zzipp\جي بي\الكميرا\_organized_generation_workspace_20260612\02_stable_diffusion_webui\stable-diffusion-webui-master\stable-diffusion-webui-master\repositories\taming-transformers\data\open_images_annotations_100\train\000ad0ecfb21ee63.jpg","000ad0ecfb21ee63.jpg",".jpg","282677","0.27","26/12/47 02:32:52 م"
"02_stable_diffusion_webui\stable-diffusion-webui-master\stable-diffusion-webui-master\repositories\taming-transformers\data\open_images_annotations_100\train\000ad20b5e452b24.jpg","D:\zzipp\جي بي\الكميرا\_organized_generation_workspace_20260612\02_stable_diffusion_webui\stable-diffusion-webui-master\stable-diffusion-webui-master\repositories\taming-transformers\data\open_images_annotations_100\train\000ad20b5e452b24.jpg","000ad20b5e452b24.jpg",".jpg","277271","0.264","26/12/47 02:32:52 م"
"02_stable_diffusion_webui\stable-diffusion-webui-master\stable-diffusion-webui-master\repositories\taming-transformers\data\open_images_annotations_100\train\000ad3d42653f5f6.jpg","D:\zzipp\جي بي\الكميرا\_organized_generation_workspace_20260612\02_stable_diffusion_webui\stable-diffusion-webui-master\stable-diffusion-webui-master\repositories\taming-transformers\data\open_images_annotations_100\train\000ad3d42653f5f6.jpg","000ad3d42653f5f6.jpg",".jpg","118962","0.113","26/12/47 02:32:52 م"
"02_stable_diffusion_webui\stable-diffusion-webui-master\stable-diffusion-webui-master\repositories\taming-transformers\data\open_images_annotations_100\train\000ad6c520be9ec5.jpg","D:\zzipp\جي بي\الكميرا\_organized_generation_workspace_20260612\02_stable_diffusion_webui\stable-diffusion-webui-master\stable-diffusion-webui-master\repositories\taming-transformers\data\open_images_annotations_100\train\000ad6c520be9ec5.jpg","000ad6c520be9ec5.jpg",".jpg","391224","0.373","26/12/47 02:32:52 م"
"02_stable_diffusion_webui\stable-diffusion-webui-master\stable-diffusion-webui-master\repositories\taming-transformers\data\open_images_annotations_100\train\000ad6fa67b5ad96.jpg","D:\zzipp\جي بي\الكميرا\_organized_generation_workspace_20260612\02_stable_diffusion_webui\stable-diffusion-webui-master\stable-diffusion-webui-master\repositories\taming-transformers\data\open_images_annotations_100\train\000ad6fa67b5ad96.jpg","000ad6fa67b5ad96.jpg",".jpg","761517","0.726","26/12/47 02:32:52 م"
"02_stable_diffusion_webui\stable-diffusion-webui-master\stable-diffusion-webui-master\repositories\taming-transformers\data\open_images_annotations_100\train\000adcdd7244ce4a.jpg","D:\zzipp\جي بي\الكميرا\_organized_generation_workspace_20260612\02_stable_diffusion_webui\stable-diffusion-webui-master\stable-diffusion-webui-master\repositories\taming-transformers\data\open_images_annotations_100\train\000adcdd7244ce4a.jpg","000adcdd7244ce4a.jpg",".jpg","132802","0.127","26/12/47 02:32:52 م"
"02_stable_diffusion_webui\stable-diffusion-webui-master\stable-diffusion-webui-master\repositories\taming-transformers\data\open_images_annotations_100\train\000adef7197e3118.jpg","D:\zzipp\جي بي\الكميرا\_organized_generation_workspace_20260612\02_stable_diffusion_webui\stable-diffusion-webui-master\stable-diffusion-webui-master\repositories\taming-transformers\data\open_images_annotations_100\train\000adef7197e3118.jpg","000adef7197e3118.jpg",".jpg","395096","0.377","26/12/47 02:32:52 م"
"02_stable_diffusion_webui\stable-diffusion-webui-master\stable-diffusion-webui-master\repositories\taming-transformers\data\open_images_annotations_100\train\000adfe5b817011c.jpg","D:\zzipp\جي بي\الكميرا\_organized_generation_workspace_20260612\02_stable_diffusion_webui\stable-diffusion-webui-master\stable-diffusion-webui-master\repositories\taming-transformers\data\open_images_annotations_100\train\000adfe5b817011c.jpg","000adfe5b817011c.jpg",".jpg","255600","0.244","26/12/47 02:32:52 م"
"02_stable_diffusion_webui\stable-diffusion-webui-master\stable-diffusion-webui-master\repositories\taming-transformers\data\open_images_annotations_100\train\000ae235808cc1e8.jpg","D:\zzipp\جي بي\الكميرا\_organized_generation_workspace_20260612\02_stable_diffusion_webui\stable-diffusion-webui-master\stable-diffusion-webui-master\repositories\taming-transformers\data\open_images_annotations_100\train\000ae235808cc1e8.jpg","000ae235808cc1e8.jpg",".jpg","215931","0.206","26/12/47 02:32:52 م"
"02_stable_diffusion_webui\stable-diffusion-webui-master\stable-diffusion-webui-master\repositories\taming-transformers\data\open_images_annotations_100\train\000ae28755d2d20e.jpg","D:\zzipp\جي بي\الكميرا\_organized_generation_workspace_20260612\02_stable_diffusion_webui\stable-diffusion-webui-master\stable-diffusion-webui-master\repositories\taming-transformers\data\open_images_annotations_100\train\000ae28755d2d20e.jpg","000ae28755d2d20e.jpg",".jpg","313500","0.299","26/12/47 02:32:52 م"
"02_stable_diffusion_webui\stable-diffusion-webui-master\stable-diffusion-webui-master\repositories\taming-transformers\data\open_images_annotations_100\train\000aecd78b230135.jpg","D:\zzipp\جي بي\الكميرا\_organized_generation_workspace_20260612\02_stable_diffusion_webui\stable-diffusion-webui-master\stable-diffusion-webui-master\repositories\taming-transformers\data\open_images_annotations_100\train\000aecd78b230135.jpg","000aecd78b230135.jpg",".jpg","170949","0.163","26/12/47 02:32:52 م"
"02_stable_diffusion_webui\stable-diffusion-webui-master\stable-diffusion-webui-master\repositories\taming-transformers\data\open_images_annotations_100\train\000aee0af66d4237.jpg","D:\zzipp\جي بي\الكميرا\_organized_generation_workspace_20260612\02_stable_diffusion_webui\stable-diffusion-webui-master\stable-diffusion-webui-master\repositories\taming-transformers\data\open_images_annotations_100\train\000aee0af66d4237.jpg","000aee0af66d4237.jpg",".jpg","459109","0.438","26/12/47 02:32:52 م"
"02_stable_diffusion_webui\stable-diffusion-webui-master\stable-diffusion-webui-master\repositories\taming-transformers\data\open_images_annotations_100\train\000af180a3163f17.jpg","D:\zzipp\جي بي\الكميرا\_organized_generation_workspace_20260612\02_stable_diffusion_webui\stable-diffusion-webui-master\stable-diffusion-webui-master\repositories\taming-transformers\data\open_images_annotations_100\train\000af180a3163f17.jpg","000af180a3163f17.jpg",".jpg","65762","0.063","26/12/47 02:32:52 م"
"02_stable_diffusion_webui\stable-diffusion-webui-master\stable-diffusion-webui-master\repositories\taming-transformers\data\open_images_annotations_100\train\000af631fb329557.jpg","D:\zzipp\جي بي\الكميرا\_organized_generation_workspace_20260612\02_stable_diffusion_webui\stable-diffusion-webui-master\stable-diffusion-webui-master\repositories\taming-transformers\data\open_images_annotations_100\train\000af631fb329557.jpg","000af631fb329557.jpg",".jpg","313932","0.299","26/12/47 02:32:52 م"
"02_stable_diffusion_webui\stable-diffusion-webui-master\stable-diffusion-webui-master\repositories\taming-transformers\data\open_images_annotations_100\train\000afe7726e121ea.jpg","D:\zzipp\جي بي\الكميرا\_organized_generation_workspace_20260612\02_stable_diffusion_webui\stable-diffusion-webui-master\stable-diffusion-webui-master\repositories\taming-transformers\data\open_images_annotations_100\train\000afe7726e121ea.jpg","000afe7726e121ea.jpg",".jpg","78524","0.075","26/12/47 02:32:52 م"
"02_stable_diffusion_webui\stable-diffusion-webui-master\stable-diffusion-webui-master\repositories\taming-transformers\data\open_images_annotations_100\train\000b06c0eed42a4c.jpg","D:\zzipp\جي بي\الكميرا\_organized_generation_workspace_20260612\02_stable_diffusion_webui\stable-diffusion-webui-master\stable-diffusion-webui-master\repositories\taming-transformers\data\open_images_annotations_100\train\000b06c0eed42a4c.jpg","000b06c0eed42a4c.jpg",".jpg","150782","0.144","26/12/47 02:32:52 م"
"02_stable_diffusion_webui\stable-diffusion-webui-master\stable-diffusion-webui-master\repositories\taming-transformers\data\open_images_annotations_100\train\000b093da01e5bfe.jpg","D:\zzipp\جي بي\الكميرا\_organized_generation_workspace_20260612\02_stable_diffusion_webui\stable-diffusion-webui-master\stable-diffusion-webui-master\repositories\taming-transformers\data\open_images_annotations_100\train\000b093da01e5bfe.jpg","000b093da01e5bfe.jpg",".jpg","420375","0.401","26/12/47 02:32:52 م"
"02_stable_diffusion_webui\stable-diffusion-webui-master\stable-diffusion-webui-master\repositories\taming-transformers\data\open_images_annotations_100\train\000b09d5d3fc821f.jpg","D:\zzipp\جي بي\الكميرا\_organized_generation_workspace_20260612\02_stable_diffusion_webui\stable-diffusion-webui-master\stable-diffusion-webui-master\repositories\taming-transformers\data\open_images_annotations_100\train\000b09d5d3fc821f.jpg","000b09d5d3fc821f.jpg",".jpg","662747","0.632","26/12/47 02:32:52 م"
"02_stable_diffusion_webui\stable-diffusion-webui-master\stable-diffusion-webui-master\repositories\taming-transformers\data\open_images_annotations_100\train\000b0f235dcf2caa.jpg","D:\zzipp\جي بي\الكميرا\_organized_generation_workspace_20260612\02_stable_diffusion_webui\stable-diffusion-webui-master\stable-diffusion-webui-master\repositories\taming-transformers\data\open_images_annotations_100\train\000b0f235dcf2caa.jpg","000b0f235dcf2caa.jpg",".jpg","42154","0.04","26/12/47 02:32:52 م"
"02_stable_diffusion_webui\stable-diffusion-webui-master\stable-diffusion-webui-master\repositories\taming-transformers\data\open_images_annotations_100\train\000b0f5159f54105.jpg","D:\zzipp\جي بي\الكميرا\_organized_generation_workspace_20260612\02_stable_diffusion_webui\stable-diffusion-webui-master\stable-diffusion-webui-master\repositories\taming-transformers\data\open_images_annotations_100\train\000b0f5159f54105.jpg","000b0f5159f54105.jpg",".jpg","380229","0.363","26/12/47 02:32:52 م"
"02_stable_diffusion_webui\stable-diffusion-webui-master\stable-diffusion-webui-master\repositories\taming-transformers\data\open_images_annotations_100\train\000b168e791f591d.jpg","D:\zzipp\جي بي\الكميرا\_organized_generation_workspace_20260612\02_stable_diffusion_webui\stable-diffusion-webui-master\stable-diffusion-webui-master\repositories\taming-transformers\data\open_images_annotations_100\train\000b168e791f591d.jpg","000b168e791f591d.jpg",".jpg","144885","0.138","26/12/47 02:32:52 م"
"02_stable_diffusion_webui\stable-diffusion-webui-master\stable-diffusion-webui-master\repositories\taming-transformers\data\open_images_annotations_100\train\000b1971d8daaeef.jpg","D:\zzipp\جي بي\الكميرا\_organized_generation_workspace_20260612\02_stable_diffusion_webui\stable-diffusion-webui-master\stable-diffusion-webui-master\repositories\taming-transformers\data\open_images_annotations_100\train\000b1971d8daaeef.jpg","000b1971d8daaeef.jpg",".jpg","126324","0.12","26/12/47 02:32:52 م"
"02_stable_diffusion_webui\stable-diffusion-webui-master\stable-diffusion-webui-master\repositories\taming-transformers\data\open_images_annotations_100\train\000b1b3b85edd850.jpg","D:\zzipp\جي بي\الكميرا\_organized_generation_workspace_20260612\02_stable_diffusion_webui\stable-diffusion-webui-master\stable-diffusion-webui-master\repositories\taming-transformers\data\open_images_annotations_100\train\000b1b3b85edd850.jpg","000b1b3b85edd850.jpg",".jpg","1848832","1.763","26/12/47 02:32:52 م"
"02_stable_diffusion_webui\stable-diffusion-webui-master\stable-diffusion-webui-master\repositories\taming-transformers\data\open_images_annotations_100\train\000b1b92f0800e94.jpg","D:\zzipp\جي بي\الكميرا\_organized_generation_workspace_20260612\02_stable_diffusion_webui\stable-diffusion-webui-master\stable-diffusion-webui-master\repositories\taming-transformers\data\open_images_annotations_100\train\000b1b92f0800e94.jpg","000b1b92f0800e94.jpg",".jpg","323161","0.308","26/12/47 02:32:52 م"
"02_stable_diffusion_webui\stable-diffusion-webui-master\stable-diffusion-webui-master\repositories\taming-transformers\data\open_images_annotations_100\train\000b21663becc68e.jpg","D:\zzipp\جي بي\الكميرا\_organized_generation_workspace_20260612\02_stable_diffusion_webui\stable-diffusion-webui-master\stable-diffusion-webui-master\repositories\taming-transformers\data\open_images_annotations_100\train\000b21663becc68e.jpg","000b21663becc68e.jpg",".jpg","79321","0.076","26/12/47 02:32:52 م"
"02_stable_diffusion_webui\stable-diffusion-webui-master\stable-diffusion-webui-master\repositories\taming-transformers\data\open_images_annotations_100\train\000b260e1f08a32a.jpg","D:\zzipp\جي بي\الكميرا\_organized_generation_workspace_20260612\02_stable_diffusion_webui\stable-diffusion-webui-master\stable-diffusion-webui-master\repositories\taming-transformers\data\open_images_annotations_100\train\000b260e1f08a32a.jpg","000b260e1f08a32a.jpg",".jpg","423552","0.404","26/12/47 02:32:52 م"
"02_stable_diffusion_webui\stable-diffusion-webui-master\stable-diffusion-webui-master\repositories\taming-transformers\data\open_images_annotations_100\train\000b29496f75c8e5.jpg","D:\zzipp\جي بي\الكميرا\_organized_generation_workspace_20260612\02_stable_diffusion_webui\stable-diffusion-webui-master\stable-diffusion-webui-master\repositories\taming-transformers\data\open_images_annotations_100\train\000b29496f75c8e5.jpg","000b29496f75c8e5.jpg",".jpg","120379","0.115","26/12/47 02:32:52 م"
"02_stable_diffusion_webui\stable-diffusion-webui-master\stable-diffusion-webui-master\repositories\taming-transformers\data\open_images_annotations_100\train\000b299b5f5ed902.jpg","D:\zzipp\جي بي\الكميرا\_organized_generation_workspace_20260612\02_stable_diffusion_webui\stable-diffusion-webui-master\stable-diffusion-webui-master\repositories\taming-transformers\data\open_images_annotations_100\train\000b299b5f5ed902.jpg","000b299b5f5ed902.jpg",".jpg","187155","0.178","26/12/47 02:32:52 م"
"02_stable_diffusion_webui\stable-diffusion-webui-master\stable-diffusion-webui-master\repositories\taming-transformers\data\open_images_annotations_100\train\000b2a982a903d0d.jpg","D:\zzipp\جي بي\الكميرا\_organized_generation_workspace_20260612\02_stable_diffusion_webui\stable-diffusion-webui-master\stable-diffusion-webui-master\repositories\taming-transformers\data\open_images_annotations_100\train\000b2a982a903d0d.jpg","000b2a982a903d0d.jpg",".jpg","63232","0.06","26/12/47 02:32:52 م"
"02_stable_diffusion_webui\stable-diffusion-webui-master\stable-diffusion-webui-master\repositories\taming-transformers\data\open_images_annotations_100\train\000b2b00065e564a.jpg","D:\zzipp\جي بي\الكميرا\_organized_generation_workspace_20260612\02_stable_diffusion_webui\stable-diffusion-webui-master\stable-diffusion-webui-master\repositories\taming-transformers\data\open_images_annotations_100\train\000b2b00065e564a.jpg","000b2b00065e564a.jpg",".jpg","217071","0.207","26/12/47 02:32:52 م"
"02_stable_diffusion_webui\stable-diffusion-webui-master\stable-diffusion-webui-master\repositories\taming-transformers\data\open_images_annotations_100\train\000b2d1789d5f80d.jpg","D:\zzipp\جي بي\الكميرا\_organized_generation_workspace_20260612\02_stable_diffusion_webui\stable-diffusion-webui-master\stable-diffusion-webui-master\repositories\taming-transformers\data\open_images_annotations_100\train\000b2d1789d5f80d.jpg","000b2d1789d5f80d.jpg",".jpg","715301","0.682","26/12/47 02:32:52 م"
"02_stable_diffusion_webui\stable-diffusion-webui-master\stable-diffusion-webui-master\repositories\taming-transformers\data\open_images_annotations_100\train\000b38d9f2f664fe.jpg","D:\zzipp\جي بي\الكميرا\_organized_generation_workspace_20260612\02_stable_diffusion_webui\stable-diffusion-webui-master\stable-diffusion-webui-master\repositories\taming-transformers\data\open_images_annotations_100\train\000b38d9f2f664fe.jpg","000b38d9f2f664fe.jpg",".jpg","304565","0.29","26/12/47 02:32:52 م"
"02_stable_diffusion_webui\stable-diffusion-webui-master\stable-diffusion-webui-master\repositories\taming-transformers\data\open_images_annotations_100\train\000b393437134262.jpg","D:\zzipp\جي بي\الكميرا\_organized_generation_workspace_20260612\02_stable_diffusion_webui\stable-diffusion-webui-master\stable-diffusion-webui-master\repositories\taming-transformers\data\open_images_annotations_100\train\000b393437134262.jpg","000b393437134262.jpg",".jpg","276644","0.264","26/12/47 02:32:52 م"
"02_stable_diffusion_webui\stable-diffusion-webui-master\stable-diffusion-webui-master\repositories\taming-transformers\data\open_images_annotations_100\train\000b3940e7d25c03.jpg","D:\zzipp\جي بي\الكميرا\_organized_generation_workspace_20260612\02_stable_diffusion_webui\stable-diffusion-webui-master\stable-diffusion-webui-master\repositories\taming-transformers\data\open_images_annotations_100\train\000b3940e7d25c03.jpg","000b3940e7d25c03.jpg",".jpg","114791","0.109","26/12/47 02:32:52 م"
"02_stable_diffusion_webui\stable-diffusion-webui-master\stable-diffusion-webui-master\repositories\taming-transformers\data\open_images_annotations_100\train\000b397382b2464a.jpg","D:\zzipp\جي بي\الكميرا\_organized_generation_workspace_20260612\02_stable_diffusion_webui\stable-diffusion-webui-master\stable-diffusion-webui-master\repositories\taming-transformers\data\open_images_annotations_100\train\000b397382b2464a.jpg","000b397382b2464a.jpg",".jpg","329876","0.315","26/12/47 02:32:54 م"
"02_stable_diffusion_webui\stable-diffusion-webui-master\stable-diffusion-webui-master\repositories\taming-transformers\data\open_images_annotations_100\train\000b42cae15622e0.jpg","D:\zzipp\جي بي\الكميرا\_organized_generation_workspace_20260612\02_stable_diffusion_webui\stable-diffusion-webui-master\stable-diffusion-webui-master\repositories\taming-transformers\data\open_images_annotations_100\train\000b42cae15622e0.jpg","000b42cae15622e0.jpg",".jpg","417782","0.398","26/12/47 02:32:54 م"
"02_stable_diffusion_webui\stable-diffusion-webui-master\stable-diffusion-webui-master\repositories\taming-transformers\data\open_images_annotations_100\train\000b432ae644b679.jpg","D:\zzipp\جي بي\الكميرا\_organized_generation_workspace_20260612\02_stable_diffusion_webui\stable-diffusion-webui-master\stable-diffusion-webui-master\repositories\taming-transformers\data\open_images_annotations_100\train\000b432ae644b679.jpg","000b432ae644b679.jpg",".jpg","728595","0.695","26/12/47 02:32:54 م"
"02_stable_diffusion_webui\stable-diffusion-webui-master\stable-diffusion-webui-master\repositories\taming-transformers\data\open_images_annotations_100\train\000b4671075914cd.jpg","D:\zzipp\جي بي\الكميرا\_organized_generation_workspace_20260612\02_stable_diffusion_webui\stable-diffusion-webui-master\stable-diffusion-webui-master\repositories\taming-transformers\data\open_images_annotations_100\train\000b4671075914cd.jpg","000b4671075914cd.jpg",".jpg","90632","0.086","26/12/47 02:32:54 م"
"02_stable_diffusion_webui\stable-diffusion-webui-master\stable-diffusion-webui-master\repositories\taming-transformers\data\open_images_annotations_100\train\000b485cedacbf97.jpg","D:\zzipp\جي بي\الكميرا\_organized_generation_workspace_20260612\02_stable_diffusion_webui\stable-diffusion-webui-master\stable-diffusion-webui-master\repositories\taming-transformers\data\open_images_annotations_100\train\000b485cedacbf97.jpg","000b485cedacbf97.jpg",".jpg","214381","0.204","26/12/47 02:32:54 م"
"02_stable_diffusion_webui\stable-diffusion-webui-master\stable-diffusion-webui-master\repositories\taming-transformers\data\open_images_annotations_100\train\000b4935979bf4b5.jpg","D:\zzipp\جي بي\الكميرا\_organized_generation_workspace_20260612\02_stable_diffusion_webui\stable-diffusion-webui-master\stable-diffusion-webui-master\repositories\taming-transformers\data\open_images_annotations_100\train\000b4935979bf4b5.jpg","000b4935979bf4b5.jpg",".jpg","788282","0.752","26/12/47 02:32:54 م"
"02_stable_diffusion_webui\stable-diffusion-webui-master\stable-diffusion-webui-master\repositories\taming-transformers\data\open_images_annotations_100\train\000b4fcdf1af3361.jpg","D:\zzipp\جي بي\الكميرا\_organized_generation_workspace_20260612\02_stable_diffusion_webui\stable-diffusion-webui-master\stable-diffusion-webui-master\repositories\taming-transformers\data\open_images_annotations_100\train\000b4fcdf1af3361.jpg","000b4fcdf1af3361.jpg",".jpg","282514","0.269","26/12/47 02:32:54 م"
"02_stable_diffusion_webui\stable-diffusion-webui-master\stable-diffusion-webui-master\repositories\taming-transformers\data\open_images_annotations_100\train\000b50bdd1933a36.jpg","D:\zzipp\جي بي\الكميرا\_organized_generation_workspace_20260612\02_stable_diffusion_webui\stable-diffusion-webui-master\stable-diffusion-webui-master\repositories\taming-transformers\data\open_images_annotations_100\train\000b50bdd1933a36.jpg","000b50bdd1933a36.jpg",".jpg","103165","0.098","26/12/47 02:32:54 م"
"02_stable_diffusion_webui\stable-diffusion-webui-master\stable-diffusion-webui-master\repositories\taming-transformers\data\open_images_annotations_100\train\000b55559b0244d7.jpg","D:\zzipp\جي بي\الكميرا\_organized_generation_workspace_20260612\02_stable_diffusion_webui\stable-diffusion-webui-master\stable-diffusion-webui-master\repositories\taming-transformers\data\open_images_annotations_100\train\000b55559b0244d7.jpg","000b55559b0244d7.jpg",".jpg","657273","0.627","26/12/47 02:32:54 م"
"02_stable_diffusion_webui\stable-diffusion-webui-master\stable-diffusion-webui-master\repositories\taming-transformers\data\open_images_annotations_100\train\000b55e339f0b131.jpg","D:\zzipp\جي بي\الكميرا\_organized_generation_workspace_20260612\02_stable_diffusion_webui\stable-diffusion-webui-master\stable-diffusion-webui-master\repositories\taming-transformers\data\open_images_annotations_100\train\000b55e339f0b131.jpg","000b55e339f0b131.jpg",".jpg","237145","0.226","26/12/47 02:32:54 م"
"02_stable_diffusion_webui\stable-diffusion-webui-master\stable-diffusion-webui-master\repositories\taming-transformers\data\open_images_annotations_100\train\000b567c26dd4e5d.jpg","D:\zzipp\جي بي\الكميرا\_organized_generation_workspace_20260612\02_stable_diffusion_webui\stable-diffusion-webui-master\stable-diffusion-webui-master\repositories\taming-transformers\data\open_images_annotations_100\train\000b567c26dd4e5d.jpg","000b567c26dd4e5d.jpg",".jpg","145622","0.139","26/12/47 02:32:54 م"
"02_stable_diffusion_webui\stable-diffusion-webui-master\stable-diffusion-webui-master\repositories\taming-transformers\data\open_images_annotations_100\train\000b59a7822679e6.jpg","D:\zzipp\جي بي\الكميرا\_organized_generation_workspace_20260612\02_stable_diffusion_webui\stable-diffusion-webui-master\stable-diffusion-webui-master\repositories\taming-transformers\data\open_images_annotations_100\train\000b59a7822679e6.jpg","000b59a7822679e6.jpg",".jpg","326687","0.312","26/12/47 02:32:54 م"
"02_stable_diffusion_webui\stable-diffusion-webui-master\stable-diffusion-webui-master\repositories\taming-transformers\data\open_images_annotations_100\train\000b5bc07c0c5df7.jpg","D:\zzipp\جي بي\الكميرا\_organized_generation_workspace_20260612\02_stable_diffusion_webui\stable-diffusion-webui-master\stable-diffusion-webui-master\repositories\taming-transformers\data\open_images_annotations_100\train\000b5bc07c0c5df7.jpg","000b5bc07c0c5df7.jpg",".jpg","256993","0.245","26/12/47 02:32:54 م"
"02_stable_diffusion_webui\stable-diffusion-webui-master\stable-diffusion-webui-master\repositories\taming-transformers\data\open_images_annotations_100\train\000b606e130bdf5e.jpg","D:\zzipp\جي بي\الكميرا\_organized_generation_workspace_20260612\02_stable_diffusion_webui\stable-diffusion-webui-master\stable-diffusion-webui-master\repositories\taming-transformers\data\open_images_annotations_100\train\000b606e130bdf5e.jpg","000b606e130bdf5e.jpg",".jpg","266038","0.254","26/12/47 02:32:54 م"
"02_stable_diffusion_webui\stable-diffusion-webui-master\stable-diffusion-webui-master\repositories\taming-transformers\data\open_images_annotations_100\train\000b63a1445f53c8.jpg","D:\zzipp\جي بي\الكميرا\_organized_generation_workspace_20260612\02_stable_diffusion_webui\stable-diffusion-webui-master\stable-diffusion-webui-master\repositories\taming-transformers\data\open_images_annotations_100\train\000b63a1445f53c8.jpg","000b63a1445f53c8.jpg",".jpg","418435","0.399","26/12/47 02:32:54 م"
"02_stable_diffusion_webui\stable-diffusion-webui-master\stable-diffusion-webui-master\repositories\taming-transformers\data\open_images_annotations_100\train\000b65a36ad46f9e.jpg","D:\zzipp\جي بي\الكميرا\_organized_generation_workspace_20260612\02_stable_diffusion_webui\stable-diffusion-webui-master\stable-diffusion-webui-master\repositories\taming-transformers\data\open_images_annotations_100\train\000b65a36ad46f9e.jpg","000b65a36ad46f9e.jpg",".jpg","214414","0.204","26/12/47 02:32:54 م"
"02_stable_diffusion_webui\stable-diffusion-webui-master\stable-diffusion-webui-master\repositories\taming-transformers\data\open_images_annotations_100\train\000b70a84aab664b.jpg","D:\zzipp\جي بي\الكميرا\_organized_generation_workspace_20260612\02_stable_diffusion_webui\stable-diffusion-webui-master\stable-diffusion-webui-master\repositories\taming-transformers\data\open_images_annotations_100\train\000b70a84aab664b.jpg","000b70a84aab664b.jpg",".jpg","282574","0.269","26/12/47 02:32:54 م"
"02_stable_diffusion_webui\stable-diffusion-webui-master\stable-diffusion-webui-master\repositories\taming-transformers\data\open_images_annotations_100\train\000b72e1446f8849.jpg","D:\zzipp\جي بي\الكميرا\_organized_generation_workspace_20260612\02_stable_diffusion_webui\stable-diffusion-webui-master\stable-diffusion-webui-master\repositories\taming-transformers\data\open_images_annotations_100\train\000b72e1446f8849.jpg","000b72e1446f8849.jpg",".jpg","362671","0.346","26/12/47 02:32:54 م"
"02_stable_diffusion_webui\stable-diffusion-webui-master\stable-diffusion-webui-master\repositories\taming-transformers\data\open_images_annotations_100\train\000b76a9b80ba43a.jpg","D:\zzipp\جي بي\الكميرا\_organized_generation_workspace_20260612\02_stable_diffusion_webui\stable-diffusion-webui-master\stable-diffusion-webui-master\repositories\taming-transformers\data\open_images_annotations_100\train\000b76a9b80ba43a.jpg","000b76a9b80ba43a.jpg",".jpg","408711","0.39","26/12/47 02:32:54 م"
"02_stable_diffusion_webui\stable-diffusion-webui-master\stable-diffusion-webui-master\repositories\taming-transformers\data\open_images_annotations_100\train\000b7dfaa1810a83.jpg","D:\zzipp\جي بي\الكميرا\_organized_generation_workspace_20260612\02_stable_diffusion_webui\stable-diffusion-webui-master\stable-diffusion-webui-master\repositories\taming-transformers\data\open_images_annotations_100\train\000b7dfaa1810a83.jpg","000b7dfaa1810a83.jpg",".jpg","587144","0.56","26/12/47 02:32:54 م"
"02_stable_diffusion_webui\stable-diffusion-webui-master\stable-diffusion-webui-master\repositories\taming-transformers\data\open_images_annotations_100\train\000b81b5757963e0.jpg","D:\zzipp\جي بي\الكميرا\_organized_generation_workspace_20260612\02_stable_diffusion_webui\stable-diffusion-webui-master\stable-diffusion-webui-master\repositories\taming-transformers\data\open_images_annotations_100\train\000b81b5757963e0.jpg","000b81b5757963e0.jpg",".jpg","442011","0.422","26/12/47 02:32:54 م"
"02_stable_diffusion_webui\stable-diffusion-webui-master\stable-diffusion-webui-master\repositories\taming-transformers\data\open_images_annotations_100\train\000b825dea3016eb.jpg","D:\zzipp\جي بي\الكميرا\_organized_generation_workspace_20260612\02_stable_diffusion_webui\stable-diffusion-webui-master\stable-diffusion-webui-master\repositories\taming-transformers\data\open_images_annotations_100\train\000b825dea3016eb.jpg","000b825dea3016eb.jpg",".jpg","243017","0.232","26/12/47 02:32:54 م"
"02_stable_diffusion_webui\stable-diffusion-webui-master\stable-diffusion-webui-master\repositories\taming-transformers\data\open_images_annotations_100\train\000b87119cc301cf.jpg","D:\zzipp\جي بي\الكميرا\_organized_generation_workspace_20260612\02_stable_diffusion_webui\stable-diffusion-webui-master\stable-diffusion-webui-master\repositories\taming-transformers\data\open_images_annotations_100\train\000b87119cc301cf.jpg","000b87119cc301cf.jpg",".jpg","114260","0.109","26/12/47 02:32:54 م"
"02_stable_diffusion_webui\stable-diffusion-webui-master\stable-diffusion-webui-master\repositories\taming-transformers\data\open_images_annotations_100\train\000b8d80f7386698.jpg","D:\zzipp\جي بي\الكميرا\_organized_generation_workspace_20260612\02_stable_diffusion_webui\stable-diffusion-webui-master\stable-diffusion-webui-master\repositories\taming-transformers\data\open_images_annotations_100\train\000b8d80f7386698.jpg","000b8d80f7386698.jpg",".jpg","614751","0.586","26/12/47 02:32:54 م"
"02_stable_diffusion_webui\stable-diffusion-webui-master\stable-diffusion-webui-master\repositories\taming-transformers\data\open_images_annotations_100\train\000b9007a01f7405.jpg","D:\zzipp\جي بي\الكميرا\_organized_generation_workspace_20260612\02_stable_diffusion_webui\stable-diffusion-webui-master\stable-diffusion-webui-master\repositories\taming-transformers\data\open_images_annotations_100\train\000b9007a01f7405.jpg","000b9007a01f7405.jpg",".jpg","304600","0.29","26/12/47 02:32:54 م"
"02_stable_diffusion_webui\stable-diffusion-webui-master\stable-diffusion-webui-master\repositories\taming-transformers\data\open_images_annotations_100\train\000b93644609911f.jpg","D:\zzipp\جي بي\الكميرا\_organized_generation_workspace_20260612\02_stable_diffusion_webui\stable-diffusion-webui-master\stable-diffusion-webui-master\repositories\taming-transformers\data\open_images_annotations_100\train\000b93644609911f.jpg","000b93644609911f.jpg",".jpg","192391","0.183","26/12/47 02:32:54 م"
"02_stable_diffusion_webui\stable-diffusion-webui-master\stable-diffusion-webui-master\repositories\taming-transformers\data\open_images_annotations_100\train\000b9814a07fd974.jpg","D:\zzipp\جي بي\الكميرا\_organized_generation_workspace_20260612\02_stable_diffusion_webui\stable-diffusion-webui-master\stable-diffusion-webui-master\repositories\taming-transformers\data\open_images_annotations_100\train\000b9814a07fd974.jpg","000b9814a07fd974.jpg",".jpg","680853","0.649","26/12/47 02:32:54 م"
"02_stable_diffusion_webui\stable-diffusion-webui-master\stable-diffusion-webui-master\repositories\taming-transformers\data\open_images_annotations_100\train\000b9a97776b3634.jpg","D:\zzipp\جي بي\الكميرا\_organized_generation_workspace_20260612\02_stable_diffusion_webui\stable-diffusion-webui-master\stable-diffusion-webui-master\repositories\taming-transformers\data\open_images_annotations_100\train\000b9a97776b3634.jpg","000b9a97776b3634.jpg",".jpg","610477","0.582","26/12/47 02:32:54 م"
"02_stable_diffusion_webui\stable-diffusion-webui-master\stable-diffusion-webui-master\repositories\taming-transformers\data\open_images_annotations_100\train\000b9b00d7aef8f5.jpg","D:\zzipp\جي بي\الكميرا\_organized_generation_workspace_20260612\02_stable_diffusion_webui\stable-diffusion-webui-master\stable-diffusion-webui-master\repositories\taming-transformers\data\open_images_annotations_100\train\000b9b00d7aef8f5.jpg","000b9b00d7aef8f5.jpg",".jpg","161678","0.154","26/12/47 02:32:54 م"
"02_stable_diffusion_webui\stable-diffusion-webui-master\stable-diffusion-webui-master\repositories\taming-transformers\data\open_images_annotations_100\train\000b9b61afea2cd4.jpg","D:\zzipp\جي بي\الكميرا\_organized_generation_workspace_20260612\02_stable_diffusion_webui\stable-diffusion-webui-master\stable-diffusion-webui-master\repositories\taming-transformers\data\open_images_annotations_100\train\000b9b61afea2cd4.jpg","000b9b61afea2cd4.jpg",".jpg","105633","0.101","26/12/47 02:32:54 م"
"02_stable_diffusion_webui\stable-diffusion-webui-master\stable-diffusion-webui-master\repositories\taming-transformers\data\open_images_annotations_100\train\000b9c365c9e307a.jpg","D:\zzipp\جي بي\الكميرا\_organized_generation_workspace_20260612\02_stable_diffusion_webui\stable-diffusion-webui-master\stable-diffusion-webui-master\repositories\taming-transformers\data\open_images_annotations_100\train\000b9c365c9e307a.jpg","000b9c365c9e307a.jpg",".jpg","267802","0.255","26/12/47 02:32:54 م"
"02_stable_diffusion_webui\stable-diffusion-webui-master\stable-diffusion-webui-master\repositories\taming-transformers\data\open_images_annotations_100\train\000b9d6c0f7d794d.jpg","D:\zzipp\جي بي\الكميرا\_organized_generation_workspace_20260612\02_stable_diffusion_webui\stable-diffusion-webui-master\stable-diffusion-webui-master\repositories\taming-transformers\data\open_images_annotations_100\train\000b9d6c0f7d794d.jpg","000b9d6c0f7d794d.jpg",".jpg","159490","0.152","26/12/47 02:32:54 م"
"02_stable_diffusion_webui\stable-diffusion-webui-master\stable-diffusion-webui-master\repositories\taming-transformers\data\open_images_annotations_100\train\000b9f3ba4891c11.jpg","D:\zzipp\جي بي\الكميرا\_organized_generation_workspace_20260612\02_stable_diffusion_webui\stable-diffusion-webui-master\stable-diffusion-webui-master\repositories\taming-transformers\data\open_images_annotations_100\train\000b9f3ba4891c11.jpg","000b9f3ba4891c11.jpg",".jpg","237882","0.227","26/12/47 02:32:54 م"
"02_stable_diffusion_webui\stable-diffusion-webui-master\stable-diffusion-webui-master\repositories\taming-transformers\data\open_images_annotations_100\train\000ba221f70676c6.jpg","D:\zzipp\جي بي\الكميرا\_organized_generation_workspace_20260612\02_stable_diffusion_webui\stable-diffusion-webui-master\stable-diffusion-webui-master\repositories\taming-transformers\data\open_images_annotations_100\train\000ba221f70676c6.jpg","000ba221f70676c6.jpg",".jpg","271377","0.259","26/12/47 02:32:54 م"
"02_stable_diffusion_webui\stable-diffusion-webui-master\stable-diffusion-webui-master\repositories\taming-transformers\data\open_images_annotations_100\train\000ba28d70b1a999.jpg","D:\zzipp\جي بي\الكميرا\_organized_generation_workspace_20260612\02_stable_diffusion_webui\stable-diffusion-webui-master\stable-diffusion-webui-master\repositories\taming-transformers\data\open_images_annotations_100\train\000ba28d70b1a999.jpg","000ba28d70b1a999.jpg",".jpg","791074","0.754","26/12/47 02:32:54 م"
"02_stable_diffusion_webui\stable-diffusion-webui-master\stable-diffusion-webui-master\repositories\taming-transformers\data\open_images_annotations_100\train\000ba3ca8a2ca955.jpg","D:\zzipp\جي بي\الكميرا\_organized_generation_workspace_20260612\02_stable_diffusion_webui\stable-diffusion-webui-master\stable-diffusion-webui-master\repositories\taming-transformers\data\open_images_annotations_100\train\000ba3ca8a2ca955.jpg","000ba3ca8a2ca955.jpg",".jpg","654287","0.624","26/12/47 02:32:54 م"
"02_stable_diffusion_webui\stable-diffusion-webui-master\stable-diffusion-webui-master\repositories\taming-transformers\data\open_images_annotations_100\train\000ba40bf7a2b458.jpg","D:\zzipp\جي بي\الكميرا\_organized_generation_workspace_20260612\02_stable_diffusion_webui\stable-diffusion-webui-master\stable-diffusion-webui-master\repositories\taming-transformers\data\open_images_annotations_100\train\000ba40bf7a2b458.jpg","000ba40bf7a2b458.jpg",".jpg","248028","0.237","26/12/47 02:32:54 م"
"02_stable_diffusion_webui\stable-diffusion-webui-master\stable-diffusion-webui-master\repositories\taming-transformers\data\open_images_annotations_100\train\000ba940f8cfc9bf.jpg","D:\zzipp\جي بي\الكميرا\_organized_generation_workspace_20260612\02_stable_diffusion_webui\stable-diffusion-webui-master\stable-diffusion-webui-master\repositories\taming-transformers\data\open_images_annotations_100\train\000ba940f8cfc9bf.jpg","000ba940f8cfc9bf.jpg",".jpg","51295","0.049","26/12/47 02:32:54 م"
"02_stable_diffusion_webui\stable-diffusion-webui-master\stable-diffusion-webui-master\repositories\taming-transformers\data\open_images_annotations_100\train\000baa6f7dae9b79.jpg","D:\zzipp\جي بي\الكميرا\_organized_generation_workspace_20260612\02_stable_diffusion_webui\stable-diffusion-webui-master\stable-diffusion-webui-master\repositories\taming-transformers\data\open_images_annotations_100\train\000baa6f7dae9b79.jpg","000baa6f7dae9b79.jpg",".jpg","801713","0.765","26/12/47 02:32:54 م"
"02_stable_diffusion_webui\stable-diffusion-webui-master\stable-diffusion-webui-master\repositories\taming-transformers\data\open_images_annotations_100\train\000bab5b1a67844e.jpg","D:\zzipp\جي بي\الكميرا\_organized_generation_workspace_20260612\02_stable_diffusion_webui\stable-diffusion-webui-master\stable-diffusion-webui-master\repositories\taming-transformers\data\open_images_annotations_100\train\000bab5b1a67844e.jpg","000bab5b1a67844e.jpg",".jpg","435939","0.416","26/12/47 02:32:54 م"
"02_stable_diffusion_webui\stable-diffusion-webui-master\stable-diffusion-webui-master\repositories\taming-transformers\data\open_images_annotations_100\train\000bb0ae453283b0.jpg","D:\zzipp\جي بي\الكميرا\_organized_generation_workspace_20260612\02_stable_diffusion_webui\stable-diffusion-webui-master\stable-diffusion-webui-master\repositories\taming-transformers\data\open_images_annotations_100\train\000bb0ae453283b0.jpg","000bb0ae453283b0.jpg",".jpg","600338","0.573","26/12/47 02:32:54 م"
"02_stable_diffusion_webui\stable-diffusion-webui-master\stable-diffusion-webui-master\repositories\taming-transformers\data\open_images_annotations_100\train\000bb200fc78fc30.jpg","D:\zzipp\جي بي\الكميرا\_organized_generation_workspace_20260612\02_stable_diffusion_webui\stable-diffusion-webui-master\stable-diffusion-webui-master\repositories\taming-transformers\data\open_images_annotations_100\train\000bb200fc78fc30.jpg","000bb200fc78fc30.jpg",".jpg","87805","0.084","26/12/47 02:32:54 م"
"02_stable_diffusion_webui\stable-diffusion-webui-master\stable-diffusion-webui-master\repositories\taming-transformers\data\open_images_annotations_100\train\000bb2f7132013dc.jpg","D:\zzipp\جي بي\الكميرا\_organized_generation_workspace_20260612\02_stable_diffusion_webui\stable-diffusion-webui-master\stable-diffusion-webui-master\repositories\taming-transformers\data\open_images_annotations_100\train\000bb2f7132013dc.jpg","000bb2f7132013dc.jpg",".jpg","78149","0.075","26/12/47 02:32:54 م"
"02_stable_diffusion_webui\stable-diffusion-webui-master\stable-diffusion-webui-master\repositories\taming-transformers\data\open_images_annotations_100\train\000bb81adefe7332.jpg","D:\zzipp\جي بي\الكميرا\_organized_generation_workspace_20260612\02_stable_diffusion_webui\stable-diffusion-webui-master\stable-diffusion-webui-master\repositories\taming-transformers\data\open_images_annotations_100\train\000bb81adefe7332.jpg","000bb81adefe7332.jpg",".jpg","162133","0.155","26/12/47 02:32:54 م"
"02_stable_diffusion_webui\stable-diffusion-webui-master\stable-diffusion-webui-master\repositories\taming-transformers\data\open_images_annotations_100\train\000bb846e2629e83.jpg","D:\zzipp\جي بي\الكميرا\_organized_generation_workspace_20260612\02_stable_diffusion_webui\stable-diffusion-webui-master\stable-diffusion-webui-master\repositories\taming-transformers\data\open_images_annotations_100\train\000bb846e2629e83.jpg","000bb846e2629e83.jpg",".jpg","60446","0.058","26/12/47 02:32:54 م"
"02_stable_diffusion_webui\stable-diffusion-webui-master\stable-diffusion-webui-master\repositories\taming-transformers\data\open_images_annotations_100\train\000bb8bd9b1bca65.jpg","D:\zzipp\جي بي\الكميرا\_organized_generation_workspace_20260612\02_stable_diffusion_webui\stable-diffusion-webui-master\stable-diffusion-webui-master\repositories\taming-transformers\data\open_images_annotations_100\train\000bb8bd9b1bca65.jpg","000bb8bd9b1bca65.jpg",".jpg","356558","0.34","26/12/47 02:32:54 م"
"02_stable_diffusion_webui\stable-diffusion-webui-master\stable-diffusion-webui-master\repositories\taming-transformers\data\open_images_annotations_100\train\000bbdf0dc8099d8.jpg","D:\zzipp\جي بي\الكميرا\_organized_generation_workspace_20260612\02_stable_diffusion_webui\stable-diffusion-webui-master\stable-diffusion-webui-master\repositories\taming-transformers\data\open_images_annotations_100\train\000bbdf0dc8099d8.jpg","000bbdf0dc8099d8.jpg",".jpg","215382","0.205","26/12/47 02:32:54 م"
"02_stable_diffusion_webui\stable-diffusion-webui-master\stable-diffusion-webui-master\repositories\taming-transformers\data\open_images_annotations_100\train\000bc1eb7f74adae.jpg","D:\zzipp\جي بي\الكميرا\_organized_generation_workspace_20260612\02_stable_diffusion_webui\stable-diffusion-webui-master\stable-diffusion-webui-master\repositories\taming-transformers\data\open_images_annotations_100\train\000bc1eb7f74adae.jpg","000bc1eb7f74adae.jpg",".jpg","299378","0.286","26/12/47 02:32:54 م"
"02_stable_diffusion_webui\stable-diffusion-webui-master\stable-diffusion-webui-master\repositories\taming-transformers\data\open_images_annotations_100\train\000bc33717a6371f.jpg","D:\zzipp\جي بي\الكميرا\_organized_generation_workspace_20260612\02_stable_diffusion_webui\stable-diffusion-webui-master\stable-diffusion-webui-master\repositories\taming-transformers\data\open_images_annotations_100\train\000bc33717a6371f.jpg","000bc33717a6371f.jpg",".jpg","178570","0.17","26/12/47 02:32:54 م"
"02_stable_diffusion_webui\stable-diffusion-webui-master\stable-diffusion-webui-master\repositories\taming-transformers\data\open_images_annotations_100\train\000bc387c731dd97.jpg","D:\zzipp\جي بي\الكميرا\_organized_generation_workspace_20260612\02_stable_diffusion_webui\stable-diffusion-webui-master\stable-diffusion-webui-master\repositories\taming-transformers\data\open_images_annotations_100\train\000bc387c731dd97.jpg","000bc387c731dd97.jpg",".jpg","397650","0.379","26/12/47 02:32:54 م"
"02_stable_diffusion_webui\stable-diffusion-webui-master\stable-diffusion-webui-master\repositories\taming-transformers\data\open_images_annotations_100\train\000bc5006eb7fd98.jpg","D:\zzipp\جي بي\الكميرا\_organized_generation_workspace_20260612\02_stable_diffusion_webui\stable-diffusion-webui-master\stable-diffusion-webui-master\repositories\taming-transformers\data\open_images_annotations_100\train\000bc5006eb7fd98.jpg","000bc5006eb7fd98.jpg",".jpg","677836","0.646","26/12/47 02:32:54 م"
"02_stable_diffusion_webui\stable-diffusion-webui-master\stable-diffusion-webui-master\repositories\taming-transformers\data\open_images_annotations_100\train\000bc5ad4cc3ae73.jpg","D:\zzipp\جي بي\الكميرا\_organized_generation_workspace_20260612\02_stable_diffusion_webui\stable-diffusion-webui-master\stable-diffusion-webui-master\repositories\taming-transformers\data\open_images_annotations_100\train\000bc5ad4cc3ae73.jpg","000bc5ad4cc3ae73.jpg",".jpg","260390","0.248","26/12/47 02:32:54 م"
"02_stable_diffusion_webui\stable-diffusion-webui-master\stable-diffusion-webui-master\repositories\taming-transformers\data\open_images_annotations_100\train\000bc75d38907c78.jpg","D:\zzipp\جي بي\الكميرا\_organized_generation_workspace_20260612\02_stable_diffusion_webui\stable-diffusion-webui-master\stable-diffusion-webui-master\repositories\taming-transformers\data\open_images_annotations_100\train\000bc75d38907c78.jpg","000bc75d38907c78.jpg",".jpg","240831","0.23","26/12/47 02:32:54 م"
"02_stable_diffusion_webui\stable-diffusion-webui-master\stable-diffusion-webui-master\repositories\taming-transformers\data\open_images_annotations_100\train\000bc7b0a1889bcb.jpg","D:\zzipp\جي بي\الكميرا\_organized_generation_workspace_20260612\02_stable_diffusion_webui\stable-diffusion-webui-master\stable-diffusion-webui-master\repositories\taming-transformers\data\open_images_annotations_100\train\000bc7b0a1889bcb.jpg","000bc7b0a1889bcb.jpg",".jpg","138594","0.132","26/12/47 02:32:54 م"
"02_stable_diffusion_webui\stable-diffusion-webui-master\stable-diffusion-webui-master\repositories\taming-transformers\data\open_images_annotations_100\train\000bcd3bcd95cbb3.jpg","D:\zzipp\جي بي\الكميرا\_organized_generation_workspace_20260612\02_stable_diffusion_webui\stable-diffusion-webui-master\stable-diffusion-webui-master\repositories\taming-transformers\data\open_images_annotations_100\train\000bcd3bcd95cbb3.jpg","000bcd3bcd95cbb3.jpg",".jpg","307833","0.294","26/12/47 02:32:54 م"
"02_stable_diffusion_webui\stable-diffusion-webui-master\stable-diffusion-webui-master\repositories\taming-transformers\data\open_images_annotations_100\train\000bcee5bed5446b.jpg","D:\zzipp\جي بي\الكميرا\_organized_generation_workspace_20260612\02_stable_diffusion_webui\stable-diffusion-webui-master\stable-diffusion-webui-master\repositories\taming-transformers\data\open_images_annotations_100\train\000bcee5bed5446b.jpg","000bcee5bed5446b.jpg",".jpg","349632","0.333","26/12/47 02:32:54 م"
"02_stable_diffusion_webui\stable-diffusion-webui-master\stable-diffusion-webui-master\repositories\taming-transformers\data\open_images_annotations_100\validation\09c5b4d6bc25788d.jpg","D:\zzipp\جي بي\الكميرا\_organized_generation_workspace_20260612\02_stable_diffusion_webui\stable-diffusion-webui-master\stable-diffusion-webui-master\repositories\taming-transformers\data\open_images_annotations_100\validation\09c5b4d6bc25788d.jpg","09c5b4d6bc25788d.jpg",".jpg","76739","0.073","26/12/47 02:32:54 م"
"02_stable_diffusion_webui\stable-diffusion-webui-master\stable-diffusion-webui-master\repositories\taming-transformers\data\open_images_annotations_100\validation\09c67960e389e4df.jpg","D:\zzipp\جي بي\الكميرا\_organized_generation_workspace_20260612\02_stable_diffusion_webui\stable-diffusion-webui-master\stable-diffusion-webui-master\repositories\taming-transformers\data\open_images_annotations_100\validation\09c67960e389e4df.jpg","09c67960e389e4df.jpg",".jpg","155361","0.148","26/12/47 02:32:54 م"
"02_stable_diffusion_webui\stable-diffusion-webui-master\stable-diffusion-webui-master\repositories\taming-transformers\data\open_images_annotations_100\validation\09c6ddd2c210450e.jpg","D:\zzipp\جي بي\الكميرا\_organized_generation_workspace_20260612\02_stable_diffusion_webui\stable-diffusion-webui-master\stable-diffusion-webui-master\repositories\taming-transformers\data\open_images_annotations_100\validation\09c6ddd2c210450e.jpg","09c6ddd2c210450e.jpg",".jpg","109361","0.104","26/12/47 02:32:54 م"
"02_stable_diffusion_webui\stable-diffusion-webui-master\stable-diffusion-webui-master\repositories\taming-transformers\data\open_images_annotations_100\validation\09c7f89055cf399b.jpg","D:\zzipp\جي بي\الكميرا\_organized_generation_workspace_20260612\02_stable_diffusion_webui\stable-diffusion-webui-master\stable-diffusion-webui-master\repositories\taming-transformers\data\open_images_annotations_100\validation\09c7f89055cf399b.jpg","09c7f89055cf399b.jpg",".jpg","192358","0.183","26/12/47 02:32:54 م"
"02_stable_diffusion_webui\stable-diffusion-webui-master\stable-diffusion-webui-master\repositories\taming-transformers\data\open_images_annotations_100\validation\09c863d76bcf6b00.jpg","D:\zzipp\جي بي\الكميرا\_organized_generation_workspace_20260612\02_stable_diffusion_webui\stable-diffusion-webui-master\stable-diffusion-webui-master\repositories\taming-transformers\data\open_images_annotations_100\validation\09c863d76bcf6b00.jpg","09c863d76bcf6b00.jpg",".jpg","386959","0.369","26/12/47 02:32:54 م"
"02_stable_diffusion_webui\stable-diffusion-webui-master\stable-diffusion-webui-master\repositories\taming-transformers\data\open_images_annotations_100\validation\09c993afacd01547.jpg","D:\zzipp\جي بي\الكميرا\_organized_generation_workspace_20260612\02_stable_diffusion_webui\stable-diffusion-webui-master\stable-diffusion-webui-master\repositories\taming-transformers\data\open_images_annotations_100\validation\09c993afacd01547.jpg","09c993afacd01547.jpg",".jpg","416667","0.397","26/12/47 02:32:54 م"
"02_stable_diffusion_webui\stable-diffusion-webui-master\stable-diffusion-webui-master\repositories\taming-transformers\data\open_images_annotations_100\validation\09cbba9f5e097a19.jpg","D:\zzipp\جي بي\الكميرا\_organized_generation_workspace_20260612\02_stable_diffusion_webui\stable-diffusion-webui-master\stable-diffusion-webui-master\repositories\taming-transformers\data\open_images_annotations_100\validation\09cbba9f5e097a19.jpg","09cbba9f5e097a19.jpg",".jpg","80614","0.077","26/12/47 02:32:54 م"
"02_stable_diffusion_webui\stable-diffusion-webui-master\stable-diffusion-webui-master\repositories\taming-transformers\data\open_images_annotations_100\validation\09d2112596d9155b.jpg","D:\zzipp\جي بي\الكميرا\_organized_generation_workspace_20260612\02_stable_diffusion_webui\stable-diffusion-webui-master\stable-diffusion-webui-master\repositories\taming-transformers\data\open_images_annotations_100\validation\09d2112596d9155b.jpg","09d2112596d9155b.jpg",".jpg","672870","0.642","26/12/47 02:32:54 م"
"02_stable_diffusion_webui\stable-diffusion-webui-master\stable-diffusion-webui-master\repositories\taming-transformers\data\open_images_annotations_100\validation\09d354dbd3dcc857.jpg","D:\zzipp\جي بي\الكميرا\_organized_generation_workspace_20260612\02_stable_diffusion_webui\stable-diffusion-webui-master\stable-diffusion-webui-master\repositories\taming-transformers\data\open_images_annotations_100\validation\09d354dbd3dcc857.jpg","09d354dbd3dcc857.jpg",".jpg","183418","0.175","26/12/47 02:32:54 م"
"02_stable_diffusion_webui\stable-diffusion-webui-master\stable-diffusion-webui-master\repositories\taming-transformers\data\open_images_annotations_100\validation\09d45c49c4adbae4.jpg","D:\zzipp\جي بي\الكميرا\_organized_generation_workspace_20260612\02_stable_diffusion_webui\stable-diffusion-webui-master\stable-diffusion-webui-master\repositories\taming-transformers\data\open_images_annotations_100\validation\09d45c49c4adbae4.jpg","09d45c49c4adbae4.jpg",".jpg","173309","0.165","26/12/47 02:32:54 م"
"02_stable_diffusion_webui\stable-diffusion-webui-master\stable-diffusion-webui-master\repositories\taming-transformers\data\open_images_annotations_100\validation\09d64f43c7111879.jpg","D:\zzipp\جي بي\الكميرا\_organized_generation_workspace_20260612\02_stable_diffusion_webui\stable-diffusion-webui-master\stable-diffusion-webui-master\repositories\taming-transformers\data\open_images_annotations_100\validation\09d64f43c7111879.jpg","09d64f43c7111879.jpg",".jpg","221902","0.212","26/12/47 02:32:54 م"
"02_stable_diffusion_webui\stable-diffusion-webui-master\stable-diffusion-webui-master\repositories\taming-transformers\data\open_images_annotations_100\validation\09d8aa2d19ff724d.jpg","D:\zzipp\جي بي\الكميرا\_organized_generation_workspace_20260612\02_stable_diffusion_webui\stable-diffusion-webui-master\stable-diffusion-webui-master\repositories\taming-transformers\data\open_images_annotations_100\validation\09d8aa2d19ff724d.jpg","09d8aa2d19ff724d.jpg",".jpg","112830","0.108","26/12/47 02:32:54 م"
"02_stable_diffusion_webui\stable-diffusion-webui-master\stable-diffusion-webui-master\repositories\taming-transformers\data\open_images_annotations_100\validation\09dcb9b52055d40f.jpg","D:\zzipp\جي بي\الكميرا\_organized_generation_workspace_20260612\02_stable_diffusion_webui\stable-diffusion-webui-master\stable-diffusion-webui-master\repositories\taming-transformers\data\open_images_annotations_100\validation\09dcb9b52055d40f.jpg","09dcb9b52055d40f.jpg",".jpg","759546","0.724","26/12/47 02:32:54 م"
"02_stable_diffusion_webui\stable-diffusion-webui-master\stable-diffusion-webui-master\repositories\taming-transformers\data\open_images_annotations_100\validation\09dd0671cd633432.jpg","D:\zzipp\جي بي\الكميرا\_organized_generation_workspace_20260612\02_stable_diffusion_webui\stable-diffusion-webui-master\stable-diffusion-webui-master\repositories\taming-transformers\data\open_images_annotations_100\validation\09dd0671cd633432.jpg","09dd0671cd633432.jpg",".jpg","240856","0.23","26/12/47 02:32:54 م"
"02_stable_diffusion_webui\stable-diffusion-webui-master\stable-diffusion-webui-master\repositories\taming-transformers\data\open_images_annotations_100\validation\09df63bd01367ca3.jpg","D:\zzipp\جي بي\الكميرا\_organized_generation_workspace_20260612\02_stable_diffusion_webui\stable-diffusion-webui-master\stable-diffusion-webui-master\repositories\taming-transformers\data\open_images_annotations_100\validation\09df63bd01367ca3.jpg","09df63bd01367ca3.jpg",".jpg","132256","0.126","26/12/47 02:32:54 م"
"02_stable_diffusion_webui\stable-diffusion-webui-master\stable-diffusion-webui-master\repositories\taming-transformers\data\open_images_annotations_100\validation\09e094375efab7fe.jpg","D:\zzipp\جي بي\الكميرا\_organized_generation_workspace_20260612\02_stable_diffusion_webui\stable-diffusion-webui-master\stable-diffusion-webui-master\repositories\taming-transformers\data\open_images_annotations_100\validation\09e094375efab7fe.jpg","09e094375efab7fe.jpg",".jpg","364094","0.347","26/12/47 02:32:54 م"
"02_stable_diffusion_webui\stable-diffusion-webui-master\stable-diffusion-webui-master\repositories\taming-transformers\data\open_images_annotations_100\validation\09e617d9d3120b32.jpg","D:\zzipp\جي بي\الكميرا\_organized_generation_workspace_20260612\02_stable_diffusion_webui\stable-diffusion-webui-master\stable-diffusion-webui-master\repositories\taming-transformers\data\open_images_annotations_100\validation\09e617d9d3120b32.jpg","09e617d9d3120b32.jpg",".jpg","524094","0.5","26/12/47 02:32:54 م"
"02_stable_diffusion_webui\stable-diffusion-webui-master\stable-diffusion-webui-master\repositories\taming-transformers\data\open_images_annotations_100\validation\09ea349ee555b61d.jpg","D:\zzipp\جي بي\الكميرا\_organized_generation_workspace_20260612\02_stable_diffusion_webui\stable-diffusion-webui-master\stable-diffusion-webui-master\repositories\taming-transformers\data\open_images_annotations_100\validation\09ea349ee555b61d.jpg","09ea349ee555b61d.jpg",".jpg","67659","0.065","26/12/47 02:32:54 م"
"02_stable_diffusion_webui\stable-diffusion-webui-master\stable-diffusion-webui-master\repositories\taming-transformers\data\open_images_annotations_100\validation\09ebcee57699eb98.jpg","D:\zzipp\جي بي\الكميرا\_organized_generation_workspace_20260612\02_stable_diffusion_webui\stable-diffusion-webui-master\stable-diffusion-webui-master\repositories\taming-transformers\data\open_images_annotations_100\validation\09ebcee57699eb98.jpg","09ebcee57699eb98.jpg",".jpg","217410","0.207","26/12/47 02:32:54 م"
"02_stable_diffusion_webui\stable-diffusion-webui-master\stable-diffusion-webui-master\repositories\taming-transformers\data\open_images_annotations_100\validation\09f531fe4f6d95f3.jpg","D:\zzipp\جي بي\الكميرا\_organized_generation_workspace_20260612\02_stable_diffusion_webui\stable-diffusion-webui-master\stable-diffusion-webui-master\repositories\taming-transformers\data\open_images_annotations_100\validation\09f531fe4f6d95f3.jpg","09f531fe4f6d95f3.jpg",".jpg","46059","0.044","26/12/47 02:32:54 م"
"02_stable_diffusion_webui\stable-diffusion-webui-master\stable-diffusion-webui-master\repositories\taming-transformers\data\open_images_annotations_100\validation\09f8b77a88f224d9.jpg","D:\zzipp\جي بي\الكميرا\_organized_generation_workspace_20260612\02_stable_diffusion_webui\stable-diffusion-webui-master\stable-diffusion-webui-master\repositories\taming-transformers\data\open_images_annotations_100\validation\09f8b77a88f224d9.jpg","09f8b77a88f224d9.jpg",".jpg","377587","0.36","26/12/47 02:32:54 م"
"02_stable_diffusion_webui\stable-diffusion-webui-master\stable-diffusion-webui-master\repositories\taming-transformers\data\open_images_annotations_100\validation\09f8e760f60df0da.jpg","D:\zzipp\جي بي\الكميرا\_organized_generation_workspace_20260612\02_stable_diffusion_webui\stable-diffusion-webui-master\stable-diffusion-webui-master\repositories\taming-transformers\data\open_images_annotations_100\validation\09f8e760f60df0da.jpg","09f8e760f60df0da.jpg",".jpg","112556","0.107","26/12/47 02:32:54 م"
"02_stable_diffusion_webui\stable-diffusion-webui-master\stable-diffusion-webui-master\repositories\taming-transformers\data\open_images_annotations_100\validation\09fa093bcd300c1a.jpg","D:\zzipp\جي بي\الكميرا\_organized_generation_workspace_20260612\02_stable_diffusion_webui\stable-diffusion-webui-master\stable-diffusion-webui-master\repositories\taming-transformers\data\open_images_annotations_100\validation\09fa093bcd300c1a.jpg","09fa093bcd300c1a.jpg",".jpg","235697","0.225","26/12/47 02:32:54 م"
"02_stable_diffusion_webui\stable-diffusion-webui-master\stable-diffusion-webui-master\repositories\taming-transformers\data\open_images_annotations_100\validation\0a02c648d24f39fb.jpg","D:\zzipp\جي بي\الكميرا\_organized_generation_workspace_20260612\02_stable_diffusion_webui\stable-diffusion-webui-master\stable-diffusion-webui-master\repositories\taming-transformers\data\open_images_annotations_100\validation\0a02c648d24f39fb.jpg","0a02c648d24f39fb.jpg",".jpg","188755","0.18","26/12/47 02:32:54 م"
"02_stable_diffusion_webui\stable-diffusion-webui-master\stable-diffusion-webui-master\repositories\taming-transformers\data\open_images_annotations_100\validation\0a02e8b6820064f5.jpg","D:\zzipp\جي بي\الكميرا\_organized_generation_workspace_20260612\02_stable_diffusion_webui\stable-diffusion-webui-master\stable-diffusion-webui-master\repositories\taming-transformers\data\open_images_annotations_100\validation\0a02e8b6820064f5.jpg","0a02e8b6820064f5.jpg",".jpg","91544","0.087","26/12/47 02:32:54 م"
"02_stable_diffusion_webui\stable-diffusion-webui-master\stable-diffusion-webui-master\repositories\taming-transformers\data\open_images_annotations_100\validation\0a03326036647703.jpg","D:\zzipp\جي بي\الكميرا\_organized_generation_workspace_20260612\02_stable_diffusion_webui\stable-diffusion-webui-master\stable-diffusion-webui-master\repositories\taming-transformers\data\open_images_annotations_100\validation\0a03326036647703.jpg","0a03326036647703.jpg",".jpg","65791","0.063","26/12/47 02:32:54 م"
"02_stable_diffusion_webui\stable-diffusion-webui-master\stable-diffusion-webui-master\repositories\taming-transformers\data\open_images_annotations_100\validation\0a08a4711c728078.jpg","D:\zzipp\جي بي\الكميرا\_organized_generation_workspace_20260612\02_stable_diffusion_webui\stable-diffusion-webui-master\stable-diffusion-webui-master\repositories\taming-transformers\data\open_images_annotations_100\validation\0a08a4711c728078.jpg","0a08a4711c728078.jpg",".jpg","376657","0.359","26/12/47 02:32:54 م"
"02_stable_diffusion_webui\stable-diffusion-webui-master\stable-diffusion-webui-master\repositories\taming-transformers\data\open_images_annotations_100\validation\0a120822d362dddf.jpg","D:\zzipp\جي بي\الكميرا\_organized_generation_workspace_20260612\02_stable_diffusion_webui\stable-diffusion-webui-master\stable-diffusion-webui-master\repositories\taming-transformers\data\open_images_annotations_100\validation\0a120822d362dddf.jpg","0a120822d362dddf.jpg",".jpg","83040","0.079","26/12/47 02:32:54 م"
"02_stable_diffusion_webui\stable-diffusion-webui-master\stable-diffusion-webui-master\repositories\taming-transformers\data\open_images_annotations_100\validation\0a13dcaaab9a35e0.jpg","D:\zzipp\جي بي\الكميرا\_organized_generation_workspace_20260612\02_stable_diffusion_webui\stable-diffusion-webui-master\stable-diffusion-webui-master\repositories\taming-transformers\data\open_images_annotations_100\validation\0a13dcaaab9a35e0.jpg","0a13dcaaab9a35e0.jpg",".jpg","496431","0.473","26/12/47 02:32:54 م"
"02_stable_diffusion_webui\stable-diffusion-webui-master\stable-diffusion-webui-master\repositories\taming-transformers\data\open_images_annotations_100\validation\0a1b11867383b13e.jpg","D:\zzipp\جي بي\الكميرا\_organized_generation_workspace_20260612\02_stable_diffusion_webui\stable-diffusion-webui-master\stable-diffusion-webui-master\repositories\taming-transformers\data\open_images_annotations_100\validation\0a1b11867383b13e.jpg","0a1b11867383b13e.jpg",".jpg","161321","0.154","26/12/47 02:32:54 م"
"02_stable_diffusion_webui\stable-diffusion-webui-master\stable-diffusion-webui-master\repositories\taming-transformers\data\open_images_annotations_100\validation\0a1bd356f90aaab6.jpg","D:\zzipp\جي بي\الكميرا\_organized_generation_workspace_20260612\02_stable_diffusion_webui\stable-diffusion-webui-master\stable-diffusion-webui-master\repositories\taming-transformers\data\open_images_annotations_100\validation\0a1bd356f90aaab6.jpg","0a1bd356f90aaab6.jpg",".jpg","99542","0.095","26/12/47 02:32:54 م"
"02_stable_diffusion_webui\stable-diffusion-webui-master\stable-diffusion-webui-master\repositories\taming-transformers\data\open_images_annotations_100\validation\0a1f4761dc7fe1eb.jpg","D:\zzipp\جي بي\الكميرا\_organized_generation_workspace_20260612\02_stable_diffusion_webui\stable-diffusion-webui-master\stable-diffusion-webui-master\repositories\taming-transformers\data\open_images_annotations_100\validation\0a1f4761dc7fe1eb.jpg","0a1f4761dc7fe1eb.jpg",".jpg","82906","0.079","26/12/47 02:32:54 م"
"02_stable_diffusion_webui\stable-diffusion-webui-master\stable-diffusion-webui-master\repositories\taming-transformers\data\open_images_annotations_100\validation\0a23d3f0e7d850f4.jpg","D:\zzipp\جي بي\الكميرا\_organized_generation_workspace_20260612\02_stable_diffusion_webui\stable-diffusion-webui-master\stable-diffusion-webui-master\repositories\taming-transformers\data\open_images_annotations_100\validation\0a23d3f0e7d850f4.jpg","0a23d3f0e7d850f4.jpg",".jpg","149523","0.143","26/12/47 02:32:54 م"
"02_stable_diffusion_webui\stable-diffusion-webui-master\stable-diffusion-webui-master\repositories\taming-transformers\data\open_images_annotations_100\validation\0a278d979b63fc72.jpg","D:\zzipp\جي بي\الكميرا\_organized_generation_workspace_20260612\02_stable_diffusion_webui\stable-diffusion-webui-master\stable-diffusion-webui-master\repositories\taming-transformers\data\open_images_annotations_100\validation\0a278d979b63fc72.jpg","0a278d979b63fc72.jpg",".jpg","296861","0.283","26/12/47 02:32:54 م"
"02_stable_diffusion_webui\stable-diffusion-webui-master\stable-diffusion-webui-master\repositories\taming-transformers\data\open_images_annotations_100\validation\0a2c6ef66896fb92.jpg","D:\zzipp\جي بي\الكميرا\_organized_generation_workspace_20260612\02_stable_diffusion_webui\stable-diffusion-webui-master\stable-diffusion-webui-master\repositories\taming-transformers\data\open_images_annotations_100\validation\0a2c6ef66896fb92.jpg","0a2c6ef66896fb92.jpg",".jpg","165116","0.157","26/12/47 02:32:54 م"
"02_stable_diffusion_webui\stable-diffusion-webui-master\stable-diffusion-webui-master\repositories\taming-transformers\data\open_images_annotations_100\validation\0a34d80ee1db201e.jpg","D:\zzipp\جي بي\الكميرا\_organized_generation_workspace_20260612\02_stable_diffusion_webui\stable-diffusion-webui-master\stable-diffusion-webui-master\repositories\taming-transformers\data\open_images_annotations_100\validation\0a34d80ee1db201e.jpg","0a34d80ee1db201e.jpg",".jpg","390054","0.372","26/12/47 02:32:54 م"
"02_stable_diffusion_webui\stable-diffusion-webui-master\stable-diffusion-webui-master\repositories\taming-transformers\data\open_images_annotations_100\validation\0a37aa0734ac8016.jpg","D:\zzipp\جي بي\الكميرا\_organized_generation_workspace_20260612\02_stable_diffusion_webui\stable-diffusion-webui-master\stable-diffusion-webui-master\repositories\taming-transformers\data\open_images_annotations_100\validation\0a37aa0734ac8016.jpg","0a37aa0734ac8016.jpg",".jpg","312721","0.298","26/12/47 02:32:54 م"
"02_stable_diffusion_webui\stable-diffusion-webui-master\stable-diffusion-webui-master\repositories\taming-transformers\data\open_images_annotations_100\validation\0a3873442ad329c2.jpg","D:\zzipp\جي بي\الكميرا\_organized_generation_workspace_20260612\02_stable_diffusion_webui\stable-diffusion-webui-master\stable-diffusion-webui-master\repositories\taming-transformers\data\open_images_annotations_100\validation\0a3873442ad329c2.jpg","0a3873442ad329c2.jpg",".jpg","777911","0.742","26/12/47 02:32:54 م"
"02_stable_diffusion_webui\stable-diffusion-webui-master\stable-diffusion-webui-master\repositories\taming-transformers\data\open_images_annotations_100\validation\0a392d80c905a9df.jpg","D:\zzipp\جي بي\الكميرا\_organized_generation_workspace_20260612\02_stable_diffusion_webui\stable-diffusion-webui-master\stable-diffusion-webui-master\repositories\taming-transformers\data\open_images_annotations_100\validation\0a392d80c905a9df.jpg","0a392d80c905a9df.jpg",".jpg","78584","0.075","26/12/47 02:32:54 م"
"02_stable_diffusion_webui\stable-diffusion-webui-master\stable-diffusion-webui-master\repositories\taming-transformers\data\open_images_annotations_100\validation\0a39325e5ad7f5a0.jpg","D:\zzipp\جي بي\الكميرا\_organized_generation_workspace_20260612\02_stable_diffusion_webui\stable-diffusion-webui-master\stable-diffusion-webui-master\repositories\taming-transformers\data\open_images_annotations_100\validation\0a39325e5ad7f5a0.jpg","0a39325e5ad7f5a0.jpg",".jpg","119728","0.114","26/12/47 02:32:54 م"
"02_stable_diffusion_webui\stable-diffusion-webui-master\stable-diffusion-webui-master\repositories\taming-transformers\data\open_images_annotations_100\validation\0a3c01759e77a02d.jpg","D:\zzipp\جي بي\الكميرا\_organized_generation_workspace_20260612\02_stable_diffusion_webui\stable-diffusion-webui-master\stable-diffusion-webui-master\repositories\taming-transformers\data\open_images_annotations_100\validation\0a3c01759e77a02d.jpg","0a3c01759e77a02d.jpg",".jpg","394667","0.376","26/12/47 02:32:54 م"
"02_stable_diffusion_webui\stable-diffusion-webui-master\stable-diffusion-webui-master\repositories\taming-transformers\data\open_images_annotations_100\validation\0a3f577a327ca7cc.jpg","D:\zzipp\جي بي\الكميرا\_organized_generation_workspace_20260612\02_stable_diffusion_webui\stable-diffusion-webui-master\stable-diffusion-webui-master\repositories\taming-transformers\data\open_images_annotations_100\validation\0a3f577a327ca7cc.jpg","0a3f577a327ca7cc.jpg",".jpg","514210","0.49","26/12/47 02:32:54 م"
"02_stable_diffusion_webui\stable-diffusion-webui-master\stable-diffusion-webui-master\repositories\taming-transformers\data\open_images_annotations_100\validation\0a3f9b3d57ef354a.jpg","D:\zzipp\جي بي\الكميرا\_organized_generation_workspace_20260612\02_stable_diffusion_webui\stable-diffusion-webui-master\stable-diffusion-webui-master\repositories\taming-transformers\data\open_images_annotations_100\validation\0a3f9b3d57ef354a.jpg","0a3f9b3d57ef354a.jpg",".jpg","118664","0.113","26/12/47 02:32:54 م"
"02_stable_diffusion_webui\stable-diffusion-webui-master\stable-diffusion-webui-master\repositories\taming-transformers\data\open_images_annotations_100\validation\0a41cda5f44baaf6.jpg","D:\zzipp\جي بي\الكميرا\_organized_generation_workspace_20260612\02_stable_diffusion_webui\stable-diffusion-webui-master\stable-diffusion-webui-master\repositories\taming-transformers\data\open_images_annotations_100\validation\0a41cda5f44baaf6.jpg","0a41cda5f44baaf6.jpg",".jpg","260713","0.249","26/12/47 02:32:54 م"
"02_stable_diffusion_webui\stable-diffusion-webui-master\stable-diffusion-webui-master\repositories\taming-transformers\data\open_images_annotations_100\validation\0a47e7d602855f93.jpg","D:\zzipp\جي بي\الكميرا\_organized_generation_workspace_20260612\02_stable_diffusion_webui\stable-diffusion-webui-master\stable-diffusion-webui-master\repositories\taming-transformers\data\open_images_annotations_100\validation\0a47e7d602855f93.jpg","0a47e7d602855f93.jpg",".jpg","305794","0.292","26/12/47 02:32:56 م"
"02_stable_diffusion_webui\stable-diffusion-webui-master\stable-diffusion-webui-master\repositories\taming-transformers\data\open_images_annotations_100\validation\0a4abf0a8071b917.jpg","D:\zzipp\جي بي\الكميرا\_organized_generation_workspace_20260612\02_stable_diffusion_webui\stable-diffusion-webui-master\stable-diffusion-webui-master\repositories\taming-transformers\data\open_images_annotations_100\validation\0a4abf0a8071b917.jpg","0a4abf0a8071b917.jpg",".jpg","310732","0.296","26/12/47 02:32:56 م"
"02_stable_diffusion_webui\stable-diffusion-webui-master\stable-diffusion-webui-master\repositories\taming-transformers\data\open_images_annotations_100\validation\0a4db5693da70448.jpg","D:\zzipp\جي بي\الكميرا\_organized_generation_workspace_20260612\02_stable_diffusion_webui\stable-diffusion-webui-master\stable-diffusion-webui-master\repositories\taming-transformers\data\open_images_annotations_100\validation\0a4db5693da70448.jpg","0a4db5693da70448.jpg",".jpg","202531","0.193","26/12/47 02:32:56 م"
"02_stable_diffusion_webui\stable-diffusion-webui-master\stable-diffusion-webui-master\repositories\taming-transformers\data\open_images_annotations_100\validation\0a50911d08250183.jpg","D:\zzipp\جي بي\الكميرا\_organized_generation_workspace_20260612\02_stable_diffusion_webui\stable-diffusion-webui-master\stable-diffusion-webui-master\repositories\taming-transformers\data\open_images_annotations_100\validation\0a50911d08250183.jpg","0a50911d08250183.jpg",".jpg","89550","0.085","26/12/47 02:32:56 م"
"02_stable_diffusion_webui\stable-diffusion-webui-master\stable-diffusion-webui-master\repositories\taming-transformers\data\open_images_annotations_100\validation\0a556c8163b58fae.jpg","D:\zzipp\جي بي\الكميرا\_organized_generation_workspace_20260612\02_stable_diffusion_webui\stable-diffusion-webui-master\stable-diffusion-webui-master\repositories\taming-transformers\data\open_images_annotations_100\validation\0a556c8163b58fae.jpg","0a556c8163b58fae.jpg",".jpg","350598","0.334","26/12/47 02:32:56 م"
"02_stable_diffusion_webui\stable-diffusion-webui-master\stable-diffusion-webui-master\repositories\taming-transformers\data\open_images_annotations_100\validation\0a563d05ebab4fe3.jpg","D:\zzipp\جي بي\الكميرا\_organized_generation_workspace_20260612\02_stable_diffusion_webui\stable-diffusion-webui-master\stable-diffusion-webui-master\repositories\taming-transformers\data\open_images_annotations_100\validation\0a563d05ebab4fe3.jpg","0a563d05ebab4fe3.jpg",".jpg","596594","0.569","26/12/47 02:32:56 م"
"02_stable_diffusion_webui\stable-diffusion-webui-master\stable-diffusion-webui-master\repositories\taming-transformers\data\open_images_annotations_100\validation\0a5972c68b6bb265.jpg","D:\zzipp\جي بي\الكميرا\_organized_generation_workspace_20260612\02_stable_diffusion_webui\stable-diffusion-webui-master\stable-diffusion-webui-master\repositories\taming-transformers\data\open_images_annotations_100\validation\0a5972c68b6bb265.jpg","0a5972c68b6bb265.jpg",".jpg","75912","0.072","26/12/47 02:32:56 م"
"02_stable_diffusion_webui\stable-diffusion-webui-master\stable-diffusion-webui-master\repositories\taming-transformers\data\open_images_annotations_100\validation\0a599940d33b6b2b.jpg","D:\zzipp\جي بي\الكميرا\_organized_generation_workspace_20260612\02_stable_diffusion_webui\stable-diffusion-webui-master\stable-diffusion-webui-master\repositories\taming-transformers\data\open_images_annotations_100\validation\0a599940d33b6b2b.jpg","0a599940d33b6b2b.jpg",".jpg","189061","0.18","26/12/47 02:32:56 م"
"02_stable_diffusion_webui\stable-diffusion-webui-master\stable-diffusion-webui-master\repositories\taming-transformers\data\open_images_annotations_100\validation\0a600f1148d1023c.jpg","D:\zzipp\جي بي\الكميرا\_organized_generation_workspace_20260612\02_stable_diffusion_webui\stable-diffusion-webui-master\stable-diffusion-webui-master\repositories\taming-transformers\data\open_images_annotations_100\validation\0a600f1148d1023c.jpg","0a600f1148d1023c.jpg",".jpg","1347699","1.285","26/12/47 02:32:56 م"
"02_stable_diffusion_webui\stable-diffusion-webui-master\stable-diffusion-webui-master\repositories\taming-transformers\data\open_images_annotations_100\validation\0a6a03c8f23ee744.jpg","D:\zzipp\جي بي\الكميرا\_organized_generation_workspace_20260612\02_stable_diffusion_webui\stable-diffusion-webui-master\stable-diffusion-webui-master\repositories\taming-transformers\data\open_images_annotations_100\validation\0a6a03c8f23ee744.jpg","0a6a03c8f23ee744.jpg",".jpg","341840","0.326","26/12/47 02:32:56 م"
"02_stable_diffusion_webui\stable-diffusion-webui-master\stable-diffusion-webui-master\repositories\taming-transformers\data\open_images_annotations_100\validation\0a6bc386b28f2aac.jpg","D:\zzipp\جي بي\الكميرا\_organized_generation_workspace_20260612\02_stable_diffusion_webui\stable-diffusion-webui-master\stable-diffusion-webui-master\repositories\taming-transformers\data\open_images_annotations_100\validation\0a6bc386b28f2aac.jpg","0a6bc386b28f2aac.jpg",".jpg","109950","0.105","26/12/47 02:32:56 م"
"02_stable_diffusion_webui\stable-diffusion-webui-master\stable-diffusion-webui-master\repositories\taming-transformers\data\open_images_annotations_100\validation\0a7074a2a5515531.jpg","D:\zzipp\جي بي\الكميرا\_organized_generation_workspace_20260612\02_stable_diffusion_webui\stable-diffusion-webui-master\stable-diffusion-webui-master\repositories\taming-transformers\data\open_images_annotations_100\validation\0a7074a2a5515531.jpg","0a7074a2a5515531.jpg",".jpg","140418","0.134","26/12/47 02:32:56 م"
"02_stable_diffusion_webui\stable-diffusion-webui-master\stable-diffusion-webui-master\repositories\taming-transformers\data\open_images_annotations_100\validation\0a72fef43a51c479.jpg","D:\zzipp\جي بي\الكميرا\_organized_generation_workspace_20260612\02_stable_diffusion_webui\stable-diffusion-webui-master\stable-diffusion-webui-master\repositories\taming-transformers\data\open_images_annotations_100\validation\0a72fef43a51c479.jpg","0a72fef43a51c479.jpg",".jpg","142154","0.136","26/12/47 02:32:56 م"
"02_stable_diffusion_webui\stable-diffusion-webui-master\stable-diffusion-webui-master\repositories\taming-transformers\data\open_images_annotations_100\validation\0a73064c82730ff5.jpg","D:\zzipp\جي بي\الكميرا\_organized_generation_workspace_20260612\02_stable_diffusion_webui\stable-diffusion-webui-master\stable-diffusion-webui-master\repositories\taming-transformers\data\open_images_annotations_100\validation\0a73064c82730ff5.jpg","0a73064c82730ff5.jpg",".jpg","146455","0.14","26/12/47 02:32:56 م"
"02_stable_diffusion_webui\stable-diffusion-webui-master\stable-diffusion-webui-master\repositories\taming-transformers\data\open_images_annotations_100\validation\0a78374f2d3949ae.jpg","D:\zzipp\جي بي\الكميرا\_organized_generation_workspace_20260612\02_stable_diffusion_webui\stable-diffusion-webui-master\stable-diffusion-webui-master\repositories\taming-transformers\data\open_images_annotations_100\validation\0a78374f2d3949ae.jpg","0a78374f2d3949ae.jpg",".jpg","966866","0.922","26/12/47 02:32:56 م"
"02_stable_diffusion_webui\stable-diffusion-webui-master\stable-diffusion-webui-master\repositories\taming-transformers\data\open_images_annotations_100\validation\0a7be0b883a12966.jpg","D:\zzipp\جي بي\الكميرا\_organized_generation_workspace_20260612\02_stable_diffusion_webui\stable-diffusion-webui-master\stable-diffusion-webui-master\repositories\taming-transformers\data\open_images_annotations_100\validation\0a7be0b883a12966.jpg","0a7be0b883a12966.jpg",".jpg","258498","0.247","26/12/47 02:32:56 م"
"02_stable_diffusion_webui\stable-diffusion-webui-master\stable-diffusion-webui-master\repositories\taming-transformers\data\open_images_annotations_100\validation\0a7c597abf1e90d4.jpg","D:\zzipp\جي بي\الكميرا\_organized_generation_workspace_20260612\02_stable_diffusion_webui\stable-diffusion-webui-master\stable-diffusion-webui-master\repositories\taming-transformers\data\open_images_annotations_100\validation\0a7c597abf1e90d4.jpg","0a7c597abf1e90d4.jpg",".jpg","586559","0.559","26/12/47 02:32:56 م"
"02_stable_diffusion_webui\stable-diffusion-webui-master\stable-diffusion-webui-master\repositories\taming-transformers\data\open_images_annotations_100\validation\0a7d56b2fb989fe8.jpg","D:\zzipp\جي بي\الكميرا\_organized_generation_workspace_20260612\02_stable_diffusion_webui\stable-diffusion-webui-master\stable-diffusion-webui-master\repositories\taming-transformers\data\open_images_annotations_100\validation\0a7d56b2fb989fe8.jpg","0a7d56b2fb989fe8.jpg",".jpg","54060","0.052","26/12/47 02:32:56 م"
"02_stable_diffusion_webui\stable-diffusion-webui-master\stable-diffusion-webui-master\repositories\taming-transformers\data\open_images_annotations_100\validation\0a7f13330a5d0023.jpg","D:\zzipp\جي بي\الكميرا\_organized_generation_workspace_20260612\02_stable_diffusion_webui\stable-diffusion-webui-master\stable-diffusion-webui-master\repositories\taming-transformers\data\open_images_annotations_100\validation\0a7f13330a5d0023.jpg","0a7f13330a5d0023.jpg",".jpg","218100","0.208","26/12/47 02:32:56 م"
"02_stable_diffusion_webui\stable-diffusion-webui-master\stable-diffusion-webui-master\repositories\taming-transformers\data\open_images_annotations_100\validation\0a7f4d9a0ccb9afe.jpg","D:\zzipp\جي بي\الكميرا\_organized_generation_workspace_20260612\02_stable_diffusion_webui\stable-diffusion-webui-master\stable-diffusion-webui-master\repositories\taming-transformers\data\open_images_annotations_100\validation\0a7f4d9a0ccb9afe.jpg","0a7f4d9a0ccb9afe.jpg",".jpg","415534","0.396","26/12/47 02:32:56 م"
"02_stable_diffusion_webui\stable-diffusion-webui-master\stable-diffusion-webui-master\repositories\taming-transformers\data\open_images_annotations_100\validation\0a7fbc1d68e4e5ae.jpg","D:\zzipp\جي بي\الكميرا\_organized_generation_workspace_20260612\02_stable_diffusion_webui\stable-diffusion-webui-master\stable-diffusion-webui-master\repositories\taming-transformers\data\open_images_annotations_100\validation\0a7fbc1d68e4e5ae.jpg","0a7fbc1d68e4e5ae.jpg",".jpg","128566","0.123","26/12/47 02:32:56 م"
"02_stable_diffusion_webui\stable-diffusion-webui-master\stable-diffusion-webui-master\repositories\taming-transformers\data\open_images_annotations_100\validation\0a7ffd65766a4741.jpg","D:\zzipp\جي بي\الكميرا\_organized_generation_workspace_20260612\02_stable_diffusion_webui\stable-diffusion-webui-master\stable-diffusion-webui-master\repositories\taming-transformers\data\open_images_annotations_100\validation\0a7ffd65766a4741.jpg","0a7ffd65766a4741.jpg",".jpg","79493","0.076","26/12/47 02:32:56 م"
"02_stable_diffusion_webui\stable-diffusion-webui-master\stable-diffusion-webui-master\repositories\taming-transformers\data\open_images_annotations_100\validation\0a82f0443c940816.jpg","D:\zzipp\جي بي\الكميرا\_organized_generation_workspace_20260612\02_stable_diffusion_webui\stable-diffusion-webui-master\stable-diffusion-webui-master\repositories\taming-transformers\data\open_images_annotations_100\validation\0a82f0443c940816.jpg","0a82f0443c940816.jpg",".jpg","239759","0.229","26/12/47 02:32:56 م"
"02_stable_diffusion_webui\stable-diffusion-webui-master\stable-diffusion-webui-master\repositories\taming-transformers\data\open_images_annotations_100\validation\0a8657e8b5c9d7bb.jpg","D:\zzipp\جي بي\الكميرا\_organized_generation_workspace_20260612\02_stable_diffusion_webui\stable-diffusion-webui-master\stable-diffusion-webui-master\repositories\taming-transformers\data\open_images_annotations_100\validation\0a8657e8b5c9d7bb.jpg","0a8657e8b5c9d7bb.jpg",".jpg","509335","0.486","26/12/47 02:32:56 م"
"02_stable_diffusion_webui\stable-diffusion-webui-master\stable-diffusion-webui-master\repositories\taming-transformers\data\open_images_annotations_100\validation\0a877314ca2039d9.jpg","D:\zzipp\جي بي\الكميرا\_organized_generation_workspace_20260612\02_stable_diffusion_webui\stable-diffusion-webui-master\stable-diffusion-webui-master\repositories\taming-transformers\data\open_images_annotations_100\validation\0a877314ca2039d9.jpg","0a877314ca2039d9.jpg",".jpg","142638","0.136","26/12/47 02:32:56 م"
"02_stable_diffusion_webui\stable-diffusion-webui-master\stable-diffusion-webui-master\repositories\taming-transformers\data\open_images_annotations_100\validation\0a917bbca24cf75d.jpg","D:\zzipp\جي بي\الكميرا\_organized_generation_workspace_20260612\02_stable_diffusion_webui\stable-diffusion-webui-master\stable-diffusion-webui-master\repositories\taming-transformers\data\open_images_annotations_100\validation\0a917bbca24cf75d.jpg","0a917bbca24cf75d.jpg",".jpg","141522","0.135","26/12/47 02:32:56 م"
"02_stable_diffusion_webui\stable-diffusion-webui-master\stable-diffusion-webui-master\repositories\taming-transformers\data\open_images_annotations_100\validation\0a94296ff543a1dc.jpg","D:\zzipp\جي بي\الكميرا\_organized_generation_workspace_20260612\02_stable_diffusion_webui\stable-diffusion-webui-master\stable-diffusion-webui-master\repositories\taming-transformers\data\open_images_annotations_100\validation\0a94296ff543a1dc.jpg","0a94296ff543a1dc.jpg",".jpg","165880","0.158","26/12/47 02:32:56 م"
"02_stable_diffusion_webui\stable-diffusion-webui-master\stable-diffusion-webui-master\repositories\taming-transformers\data\open_images_annotations_100\validation\0a9f183e46c76019.jpg","D:\zzipp\جي بي\الكميرا\_organized_generation_workspace_20260612\02_stable_diffusion_webui\stable-diffusion-webui-master\stable-diffusion-webui-master\repositories\taming-transformers\data\open_images_annotations_100\validation\0a9f183e46c76019.jpg","0a9f183e46c76019.jpg",".jpg","62346","0.059","26/12/47 02:32:56 م"
"02_stable_diffusion_webui\stable-diffusion-webui-master\stable-diffusion-webui-master\repositories\taming-transformers\data\open_images_annotations_100\validation\0a9f73b3c2557150.jpg","D:\zzipp\جي بي\الكميرا\_organized_generation_workspace_20260612\02_stable_diffusion_webui\stable-diffusion-webui-master\stable-diffusion-webui-master\repositories\taming-transformers\data\open_images_annotations_100\validation\0a9f73b3c2557150.jpg","0a9f73b3c2557150.jpg",".jpg","472817","0.451","26/12/47 02:32:56 م"
"02_stable_diffusion_webui\stable-diffusion-webui-master\stable-diffusion-webui-master\repositories\taming-transformers\data\open_images_annotations_100\validation\0a9ff75a7897e757.jpg","D:\zzipp\جي بي\الكميرا\_organized_generation_workspace_20260612\02_stable_diffusion_webui\stable-diffusion-webui-master\stable-diffusion-webui-master\repositories\taming-transformers\data\open_images_annotations_100\validation\0a9ff75a7897e757.jpg","0a9ff75a7897e757.jpg",".jpg","262480","0.25","26/12/47 02:32:56 م"
"02_stable_diffusion_webui\stable-diffusion-webui-master\stable-diffusion-webui-master\repositories\taming-transformers\data\open_images_annotations_100\validation\0aa206fa7ea80036.jpg","D:\zzipp\جي بي\الكميرا\_organized_generation_workspace_20260612\02_stable_diffusion_webui\stable-diffusion-webui-master\stable-diffusion-webui-master\repositories\taming-transformers\data\open_images_annotations_100\validation\0aa206fa7ea80036.jpg","0aa206fa7ea80036.jpg",".jpg","464714","0.443","26/12/47 02:32:56 م"
"02_stable_diffusion_webui\stable-diffusion-webui-master\stable-diffusion-webui-master\repositories\taming-transformers\data\open_images_annotations_100\validation\0aa3a6c33fca122b.jpg","D:\zzipp\جي بي\الكميرا\_organized_generation_workspace_20260612\02_stable_diffusion_webui\stable-diffusion-webui-master\stable-diffusion-webui-master\repositories\taming-transformers\data\open_images_annotations_100\validation\0aa3a6c33fca122b.jpg","0aa3a6c33fca122b.jpg",".jpg","320829","0.306","26/12/47 02:32:56 م"
"02_stable_diffusion_webui\stable-diffusion-webui-master\stable-diffusion-webui-master\repositories\taming-transformers\data\open_images_annotations_100\validation\0aaad833ac61ac9d.jpg","D:\zzipp\جي بي\الكميرا\_organized_generation_workspace_20260612\02_stable_diffusion_webui\stable-diffusion-webui-master\stable-diffusion-webui-master\repositories\taming-transformers\data\open_images_annotations_100\validation\0aaad833ac61ac9d.jpg","0aaad833ac61ac9d.jpg",".jpg","330489","0.315","26/12/47 02:32:56 م"
"02_stable_diffusion_webui\stable-diffusion-webui-master\stable-diffusion-webui-master\repositories\taming-transformers\data\open_images_annotations_100\validation\0aacbdb54e853a0a.jpg","D:\zzipp\جي بي\الكميرا\_organized_generation_workspace_20260612\02_stable_diffusion_webui\stable-diffusion-webui-master\stable-diffusion-webui-master\repositories\taming-transformers\data\open_images_annotations_100\validation\0aacbdb54e853a0a.jpg","0aacbdb54e853a0a.jpg",".jpg","228148","0.218","26/12/47 02:32:56 م"
"02_stable_diffusion_webui\stable-diffusion-webui-master\stable-diffusion-webui-master\repositories\taming-transformers\data\open_images_annotations_100\validation\0aad9fc79a35bd53.jpg","D:\zzipp\جي بي\الكميرا\_organized_generation_workspace_20260612\02_stable_diffusion_webui\stable-diffusion-webui-master\stable-diffusion-webui-master\repositories\taming-transformers\data\open_images_annotations_100\validation\0aad9fc79a35bd53.jpg","0aad9fc79a35bd53.jpg",".jpg","628944","0.6","26/12/47 02:32:56 م"
"02_stable_diffusion_webui\stable-diffusion-webui-master\stable-diffusion-webui-master\repositories\taming-transformers\data\open_images_annotations_100\validation\0aae34863935e33a.jpg","D:\zzipp\جي بي\الكميرا\_organized_generation_workspace_20260612\02_stable_diffusion_webui\stable-diffusion-webui-master\stable-diffusion-webui-master\repositories\taming-transformers\data\open_images_annotations_100\validation\0aae34863935e33a.jpg","0aae34863935e33a.jpg",".jpg","152288","0.145","26/12/47 02:32:56 م"
"02_stable_diffusion_webui\stable-diffusion-webui-master\stable-diffusion-webui-master\repositories\taming-transformers\data\open_images_annotations_100\validation\0ab050b51e78acdb.jpg","D:\zzipp\جي بي\الكميرا\_organized_generation_workspace_20260612\02_stable_diffusion_webui\stable-diffusion-webui-master\stable-diffusion-webui-master\repositories\taming-transformers\data\open_images_annotations_100\validation\0ab050b51e78acdb.jpg","0ab050b51e78acdb.jpg",".jpg","157941","0.151","26/12/47 02:32:56 م"
"02_stable_diffusion_webui\stable-diffusion-webui-master\stable-diffusion-webui-master\repositories\taming-transformers\data\open_images_annotations_100\validation\0ab10a6417ef2301.jpg","D:\zzipp\جي بي\الكميرا\_organized_generation_workspace_20260612\02_stable_diffusion_webui\stable-diffusion-webui-master\stable-diffusion-webui-master\repositories\taming-transformers\data\open_images_annotations_100\validation\0ab10a6417ef2301.jpg","0ab10a6417ef2301.jpg",".jpg","492161","0.469","26/12/47 02:32:56 م"
"02_stable_diffusion_webui\stable-diffusion-webui-master\stable-diffusion-webui-master\repositories\taming-transformers\data\open_images_annotations_100\validation\0ab2b64f27f8baca.jpg","D:\zzipp\جي بي\الكميرا\_organized_generation_workspace_20260612\02_stable_diffusion_webui\stable-diffusion-webui-master\stable-diffusion-webui-master\repositories\taming-transformers\data\open_images_annotations_100\validation\0ab2b64f27f8baca.jpg","0ab2b64f27f8baca.jpg",".jpg","331849","0.316","26/12/47 02:32:56 م"
"02_stable_diffusion_webui\stable-diffusion-webui-master\stable-diffusion-webui-master\repositories\taming-transformers\data\open_images_annotations_100\validation\0ab5c690eebfad95.jpg","D:\zzipp\جي بي\الكميرا\_organized_generation_workspace_20260612\02_stable_diffusion_webui\stable-diffusion-webui-master\stable-diffusion-webui-master\repositories\taming-transformers\data\open_images_annotations_100\validation\0ab5c690eebfad95.jpg","0ab5c690eebfad95.jpg",".jpg","525899","0.502","26/12/47 02:32:56 م"
"02_stable_diffusion_webui\stable-diffusion-webui-master\stable-diffusion-webui-master\repositories\taming-transformers\data\open_images_annotations_100\validation\0ac166d12e401a98.jpg","D:\zzipp\جي بي\الكميرا\_organized_generation_workspace_20260612\02_stable_diffusion_webui\stable-diffusion-webui-master\stable-diffusion-webui-master\repositories\taming-transformers\data\open_images_annotations_100\validation\0ac166d12e401a98.jpg","0ac166d12e401a98.jpg",".jpg","484178","0.462","26/12/47 02:32:56 م"
"02_stable_diffusion_webui\stable-diffusion-webui-master\stable-diffusion-webui-master\repositories\taming-transformers\data\open_images_annotations_100\validation\0ac2f91a7995aa8b.jpg","D:\zzipp\جي بي\الكميرا\_organized_generation_workspace_20260612\02_stable_diffusion_webui\stable-diffusion-webui-master\stable-diffusion-webui-master\repositories\taming-transformers\data\open_images_annotations_100\validation\0ac2f91a7995aa8b.jpg","0ac2f91a7995aa8b.jpg",".jpg","313515","0.299","26/12/47 02:32:56 م"
"02_stable_diffusion_webui\stable-diffusion-webui-master\stable-diffusion-webui-master\repositories\taming-transformers\data\open_images_annotations_100\validation\0ac3c1db1b3645f2.jpg","D:\zzipp\جي بي\الكميرا\_organized_generation_workspace_20260612\02_stable_diffusion_webui\stable-diffusion-webui-master\stable-diffusion-webui-master\repositories\taming-transformers\data\open_images_annotations_100\validation\0ac3c1db1b3645f2.jpg","0ac3c1db1b3645f2.jpg",".jpg","193812","0.185","26/12/47 02:32:56 م"
"02_stable_diffusion_webui\stable-diffusion-webui-master\stable-diffusion-webui-master\repositories\taming-transformers\data\open_images_annotations_100\validation\0ac51477636a6933.jpg","D:\zzipp\جي بي\الكميرا\_organized_generation_workspace_20260612\02_stable_diffusion_webui\stable-diffusion-webui-master\stable-diffusion-webui-master\repositories\taming-transformers\data\open_images_annotations_100\validation\0ac51477636a6933.jpg","0ac51477636a6933.jpg",".jpg","269925","0.257","26/12/47 02:32:56 م"
"02_stable_diffusion_webui\stable-diffusion-webui-master\stable-diffusion-webui-master\repositories\taming-transformers\data\open_images_annotations_100\validation\0ac52440f73b5c80.jpg","D:\zzipp\جي بي\الكميرا\_organized_generation_workspace_20260612\02_stable_diffusion_webui\stable-diffusion-webui-master\stable-diffusion-webui-master\repositories\taming-transformers\data\open_images_annotations_100\validation\0ac52440f73b5c80.jpg","0ac52440f73b5c80.jpg",".jpg","440759","0.42","26/12/47 02:32:56 م"
"02_stable_diffusion_webui\stable-diffusion-webui-master\stable-diffusion-webui-master\repositories\taming-transformers\data\open_images_annotations_100\validation\0acfa779589204bf.jpg","D:\zzipp\جي بي\الكميرا\_organized_generation_workspace_20260612\02_stable_diffusion_webui\stable-diffusion-webui-master\stable-diffusion-webui-master\repositories\taming-transformers\data\open_images_annotations_100\validation\0acfa779589204bf.jpg","0acfa779589204bf.jpg",".jpg","78055","0.074","26/12/47 02:32:56 م"
"02_stable_diffusion_webui\stable-diffusion-webui-master\stable-diffusion-webui-master\repositories\taming-transformers\data\open_images_annotations_100\validation\0ad602c943c9f568.jpg","D:\zzipp\جي بي\الكميرا\_organized_generation_workspace_20260612\02_stable_diffusion_webui\stable-diffusion-webui-master\stable-diffusion-webui-master\repositories\taming-transformers\data\open_images_annotations_100\validation\0ad602c943c9f568.jpg","0ad602c943c9f568.jpg",".jpg","67977","0.065","26/12/47 02:32:56 م"
"02_stable_diffusion_webui\stable-diffusion-webui-master\stable-diffusion-webui-master\repositories\taming-transformers\data\open_images_annotations_100\validation\0ad7884032419621.jpg","D:\zzipp\جي بي\الكميرا\_organized_generation_workspace_20260612\02_stable_diffusion_webui\stable-diffusion-webui-master\stable-diffusion-webui-master\repositories\taming-transformers\data\open_images_annotations_100\validation\0ad7884032419621.jpg","0ad7884032419621.jpg",".jpg","254408","0.243","26/12/47 02:32:56 م"
"02_stable_diffusion_webui\stable-diffusion-webui-master\stable-diffusion-webui-master\repositories\taming-transformers\data\open_images_annotations_100\validation\0ad7bad30cd432df.jpg","D:\zzipp\جي بي\الكميرا\_organized_generation_workspace_20260612\02_stable_diffusion_webui\stable-diffusion-webui-master\stable-diffusion-webui-master\repositories\taming-transformers\data\open_images_annotations_100\validation\0ad7bad30cd432df.jpg","0ad7bad30cd432df.jpg",".jpg","656572","0.626","26/12/47 02:32:56 م"
"02_stable_diffusion_webui\stable-diffusion-webui-master\stable-diffusion-webui-master\repositories\taming-transformers\data\open_images_annotations_100\validation\0ad96a2881998657.jpg","D:\zzipp\جي بي\الكميرا\_organized_generation_workspace_20260612\02_stable_diffusion_webui\stable-diffusion-webui-master\stable-diffusion-webui-master\repositories\taming-transformers\data\open_images_annotations_100\validation\0ad96a2881998657.jpg","0ad96a2881998657.jpg",".jpg","74157","0.071","26/12/47 02:32:56 م"
"02_stable_diffusion_webui\stable-diffusion-webui-master\stable-diffusion-webui-master\repositories\taming-transformers\data\open_images_annotations_100\validation\0ad99d610a9092e6.jpg","D:\zzipp\جي بي\الكميرا\_organized_generation_workspace_20260612\02_stable_diffusion_webui\stable-diffusion-webui-master\stable-diffusion-webui-master\repositories\taming-transformers\data\open_images_annotations_100\validation\0ad99d610a9092e6.jpg","0ad99d610a9092e6.jpg",".jpg","132257","0.126","26/12/47 02:32:56 م"
"02_stable_diffusion_webui\stable-diffusion-webui-master\stable-diffusion-webui-master\repositories\taming-transformers\data\open_images_annotations_100\validation\0ada35baba28134b.jpg","D:\zzipp\جي بي\الكميرا\_organized_generation_workspace_20260612\02_stable_diffusion_webui\stable-diffusion-webui-master\stable-diffusion-webui-master\repositories\taming-transformers\data\open_images_annotations_100\validation\0ada35baba28134b.jpg","0ada35baba28134b.jpg",".jpg","435566","0.415","26/12/47 02:32:56 م"
"02_stable_diffusion_webui\stable-diffusion-webui-master\stable-diffusion-webui-master\repositories\taming-transformers\data\open_images_annotations_100\validation\0adc1330287b2e66.jpg","D:\zzipp\جي بي\الكميرا\_organized_generation_workspace_20260612\02_stable_diffusion_webui\stable-diffusion-webui-master\stable-diffusion-webui-master\repositories\taming-transformers\data\open_images_annotations_100\validation\0adc1330287b2e66.jpg","0adc1330287b2e66.jpg",".jpg","255193","0.243","26/12/47 02:32:56 م"
"02_stable_diffusion_webui\stable-diffusion-webui-master\stable-diffusion-webui-master\repositories\taming-transformers\data\open_images_annotations_100\validation\0adc373e996aadc2.jpg","D:\zzipp\جي بي\الكميرا\_organized_generation_workspace_20260612\02_stable_diffusion_webui\stable-diffusion-webui-master\stable-diffusion-webui-master\repositories\taming-transformers\data\open_images_annotations_100\validation\0adc373e996aadc2.jpg","0adc373e996aadc2.jpg",".jpg","683007","0.651","26/12/47 02:32:56 م"
"02_stable_diffusion_webui\stable-diffusion-webui-master\stable-diffusion-webui-master\repositories\taming-transformers\data\open_images_annotations_100\validation\0add91a2efb3f33d.jpg","D:\zzipp\جي بي\الكميرا\_organized_generation_workspace_20260612\02_stable_diffusion_webui\stable-diffusion-webui-master\stable-diffusion-webui-master\repositories\taming-transformers\data\open_images_annotations_100\validation\0add91a2efb3f33d.jpg","0add91a2efb3f33d.jpg",".jpg","164624","0.157","26/12/47 02:32:56 م"
"02_stable_diffusion_webui\stable-diffusion-webui-master\stable-diffusion-webui-master\repositories\taming-transformers\data\open_images_annotations_100\validation\0ade7aef439e2102.jpg","D:\zzipp\جي بي\الكميرا\_organized_generation_workspace_20260612\02_stable_diffusion_webui\stable-diffusion-webui-master\stable-diffusion-webui-master\repositories\taming-transformers\data\open_images_annotations_100\validation\0ade7aef439e2102.jpg","0ade7aef439e2102.jpg",".jpg","448847","0.428","26/12/47 02:32:56 م"
"02_stable_diffusion_webui\stable-diffusion-webui-master\stable-diffusion-webui-master\repositories\taming-transformers\data\sflckr_images\alaska_lakes\43259216952_59352d7204_b.jpg","D:\zzipp\جي بي\الكميرا\_organized_generation_workspace_20260612\02_stable_diffusion_webui\stable-diffusion-webui-master\stable-diffusion-webui-master\repositories\taming-transformers\data\sflckr_images\alaska_lakes\43259216952_59352d7204_b.jpg","43259216952_59352d7204_b.jpg",".jpg","251791","0.24","26/12/47 02:32:56 م"
"02_stable_diffusion_webui\stable-diffusion-webui-master\stable-diffusion-webui-master\repositories\taming-transformers\data\sflckr_images\australia\12822389285_a7723081b5_b.jpg","D:\zzipp\جي بي\الكميرا\_organized_generation_workspace_20260612\02_stable_diffusion_webui\stable-diffusion-webui-master\stable-diffusion-webui-master\repositories\taming-transformers\data\sflckr_images\australia\12822389285_a7723081b5_b.jpg","12822389285_a7723081b5_b.jpg",".jpg","260804","0.249","26/12/47 02:32:56 م"
"02_stable_diffusion_webui\stable-diffusion-webui-master\stable-diffusion-webui-master\repositories\taming-transformers\data\sflckr_images\australia\8720651218_ca82a6608e_b.jpg","D:\zzipp\جي بي\الكميرا\_organized_generation_workspace_20260612\02_stable_diffusion_webui\stable-diffusion-webui-master\stable-diffusion-webui-master\repositories\taming-transformers\data\sflckr_images\australia\8720651218_ca82a6608e_b.jpg","8720651218_ca82a6608e_b.jpg",".jpg","231229","0.221","26/12/47 02:32:56 م"
"02_stable_diffusion_webui\stable-diffusion-webui-master\stable-diffusion-webui-master\repositories\taming-transformers\data\sflckr_images\black_forest\44974691685_8e7372e2b1_b.jpg","D:\zzipp\جي بي\الكميرا\_organized_generation_workspace_20260612\02_stable_diffusion_webui\stable-diffusion-webui-master\stable-diffusion-webui-master\repositories\taming-transformers\data\sflckr_images\black_forest\44974691685_8e7372e2b1_b.jpg","44974691685_8e7372e2b1_b.jpg",".jpg","76503","0.073","26/12/47 02:32:56 م"
"02_stable_diffusion_webui\stable-diffusion-webui-master\stable-diffusion-webui-master\repositories\taming-transformers\data\sflckr_images\black_forest\8364557382_c6c9ee2fd6_b.jpg","D:\zzipp\جي بي\الكميرا\_organized_generation_workspace_20260612\02_stable_diffusion_webui\stable-diffusion-webui-master\stable-diffusion-webui-master\repositories\taming-transformers\data\sflckr_images\black_forest\8364557382_c6c9ee2fd6_b.jpg","8364557382_c6c9ee2fd6_b.jpg",".jpg","296854","0.283","26/12/47 02:32:56 م"
"02_stable_diffusion_webui\stable-diffusion-webui-master\stable-diffusion-webui-master\repositories\taming-transformers\data\sflckr_images\canada\256743165_9f130ba95b_b.jpg","D:\zzipp\جي بي\الكميرا\_organized_generation_workspace_20260612\02_stable_diffusion_webui\stable-diffusion-webui-master\stable-diffusion-webui-master\repositories\taming-transformers\data\sflckr_images\canada\256743165_9f130ba95b_b.jpg","256743165_9f130ba95b_b.jpg",".jpg","225576","0.215","26/12/47 02:32:56 م"
"02_stable_diffusion_webui\stable-diffusion-webui-master\stable-diffusion-webui-master\repositories\taming-transformers\data\sflckr_images\canada\2883773_881c197107_c.jpg","D:\zzipp\جي بي\الكميرا\_organized_generation_workspace_20260612\02_stable_diffusion_webui\stable-diffusion-webui-master\stable-diffusion-webui-master\repositories\taming-transformers\data\sflckr_images\canada\2883773_881c197107_c.jpg","2883773_881c197107_c.jpg",".jpg","106861","0.102","26/12/47 02:32:56 م"
"02_stable_diffusion_webui\stable-diffusion-webui-master\stable-diffusion-webui-master\repositories\taming-transformers\data\sflckr_images\carribean\14351041152_ef77484a1f_b.jpg","D:\zzipp\جي بي\الكميرا\_organized_generation_workspace_20260612\02_stable_diffusion_webui\stable-diffusion-webui-master\stable-diffusion-webui-master\repositories\taming-transformers\data\sflckr_images\carribean\14351041152_ef77484a1f_b.jpg","14351041152_ef77484a1f_b.jpg",".jpg","110027","0.105","26/12/47 02:32:56 م"
"02_stable_diffusion_webui\stable-diffusion-webui-master\stable-diffusion-webui-master\repositories\taming-transformers\data\sflckr_images\carribean\18176301_c9d27557cf_b.jpg","D:\zzipp\جي بي\الكميرا\_organized_generation_workspace_20260612\02_stable_diffusion_webui\stable-diffusion-webui-master\stable-diffusion-webui-master\repositories\taming-transformers\data\sflckr_images\carribean\18176301_c9d27557cf_b.jpg","18176301_c9d27557cf_b.jpg",".jpg","117581","0.112","26/12/47 02:32:56 م"
"02_stable_diffusion_webui\stable-diffusion-webui-master\stable-diffusion-webui-master\repositories\taming-transformers\data\sflckr_images\cliff_ocean\36142796444_45d452f567_b.jpg","D:\zzipp\جي بي\الكميرا\_organized_generation_workspace_20260612\02_stable_diffusion_webui\stable-diffusion-webui-master\stable-diffusion-webui-master\repositories\taming-transformers\data\sflckr_images\cliff_ocean\36142796444_45d452f567_b.jpg","36142796444_45d452f567_b.jpg",".jpg","353362","0.337","26/12/47 02:32:56 م"
"02_stable_diffusion_webui\stable-diffusion-webui-master\stable-diffusion-webui-master\repositories\taming-transformers\data\sflckr_images\desert\4534149722_3cc4f92891_b.jpg","D:\zzipp\جي بي\الكميرا\_organized_generation_workspace_20260612\02_stable_diffusion_webui\stable-diffusion-webui-master\stable-diffusion-webui-master\repositories\taming-transformers\data\sflckr_images\desert\4534149722_3cc4f92891_b.jpg","4534149722_3cc4f92891_b.jpg",".jpg","221949","0.212","26/12/47 02:32:56 م"
"02_stable_diffusion_webui\stable-diffusion-webui-master\stable-diffusion-webui-master\repositories\taming-transformers\data\sflckr_images\geysir\14996762478_a9bdbf959a_b.jpg","D:\zzipp\جي بي\الكميرا\_organized_generation_workspace_20260612\02_stable_diffusion_webui\stable-diffusion-webui-master\stable-diffusion-webui-master\repositories\taming-transformers\data\sflckr_images\geysir\14996762478_a9bdbf959a_b.jpg","14996762478_a9bdbf959a_b.jpg",".jpg","131301","0.125","26/12/47 02:32:56 م"
"02_stable_diffusion_webui\stable-diffusion-webui-master\stable-diffusion-webui-master\repositories\taming-transformers\data\sflckr_images\geysir\26320755536_7c769b6218_b.jpg","D:\zzipp\جي بي\الكميرا\_organized_generation_workspace_20260612\02_stable_diffusion_webui\stable-diffusion-webui-master\stable-diffusion-webui-master\repositories\taming-transformers\data\sflckr_images\geysir\26320755536_7c769b6218_b.jpg","26320755536_7c769b6218_b.jpg",".jpg","224417","0.214","26/12/47 02:32:56 م"
"02_stable_diffusion_webui\stable-diffusion-webui-master\stable-diffusion-webui-master\repositories\taming-transformers\data\sflckr_images\geysir\3542389801_a2cbfee1e1_b.jpg","D:\zzipp\جي بي\الكميرا\_organized_generation_workspace_20260612\02_stable_diffusion_webui\stable-diffusion-webui-master\stable-diffusion-webui-master\repositories\taming-transformers\data\sflckr_images\geysir\3542389801_a2cbfee1e1_b.jpg","3542389801_a2cbfee1e1_b.jpg",".jpg","69020","0.066","26/12/47 02:32:56 م"
"02_stable_diffusion_webui\stable-diffusion-webui-master\stable-diffusion-webui-master\repositories\taming-transformers\data\sflckr_images\geysir\4748115806_7219c2b3be_b.jpg","D:\zzipp\جي بي\الكميرا\_organized_generation_workspace_20260612\02_stable_diffusion_webui\stable-diffusion-webui-master\stable-diffusion-webui-master\repositories\taming-transformers\data\sflckr_images\geysir\4748115806_7219c2b3be_b.jpg","4748115806_7219c2b3be_b.jpg",".jpg","169329","0.161","26/12/47 02:32:56 م"
"02_stable_diffusion_webui\stable-diffusion-webui-master\stable-diffusion-webui-master\repositories\taming-transformers\data\sflckr_images\ireland\15570753471_74db396d14_b.jpg","D:\zzipp\جي بي\الكميرا\_organized_generation_workspace_20260612\02_stable_diffusion_webui\stable-diffusion-webui-master\stable-diffusion-webui-master\repositories\taming-transformers\data\sflckr_images\ireland\15570753471_74db396d14_b.jpg","15570753471_74db396d14_b.jpg",".jpg","197998","0.189","26/12/47 02:32:56 م"
"02_stable_diffusion_webui\stable-diffusion-webui-master\stable-diffusion-webui-master\repositories\taming-transformers\data\sflckr_images\lakes\39933489595_f0e5d85b6d_b.jpg","D:\zzipp\جي بي\الكميرا\_organized_generation_workspace_20260612\02_stable_diffusion_webui\stable-diffusion-webui-master\stable-diffusion-webui-master\repositories\taming-transformers\data\sflckr_images\lakes\39933489595_f0e5d85b6d_b.jpg","39933489595_f0e5d85b6d_b.jpg",".jpg","161052","0.154","26/12/47 02:32:56 م"
"02_stable_diffusion_webui\stable-diffusion-webui-master\stable-diffusion-webui-master\repositories\taming-transformers\data\sflckr_images\meadow\18864473291_844325caab_b.jpg","D:\zzipp\جي بي\الكميرا\_organized_generation_workspace_20260612\02_stable_diffusion_webui\stable-diffusion-webui-master\stable-diffusion-webui-master\repositories\taming-transformers\data\sflckr_images\meadow\18864473291_844325caab_b.jpg","18864473291_844325caab_b.jpg",".jpg","421356","0.402","26/12/47 02:32:56 م"
"02_stable_diffusion_webui\stable-diffusion-webui-master\stable-diffusion-webui-master\repositories\taming-transformers\data\sflckr_images\mongolia\6076373946_e9ea2aee32_b.jpg","D:\zzipp\جي بي\الكميرا\_organized_generation_workspace_20260612\02_stable_diffusion_webui\stable-diffusion-webui-master\stable-diffusion-webui-master\repositories\taming-transformers\data\sflckr_images\mongolia\6076373946_e9ea2aee32_b.jpg","6076373946_e9ea2aee32_b.jpg",".jpg","126867","0.121","26/12/47 02:32:56 م"
"02_stable_diffusion_webui\stable-diffusion-webui-master\stable-diffusion-webui-master\repositories\taming-transformers\data\sflckr_images\newzealand_np\7942812194_9348729b93_b.jpg","D:\zzipp\جي بي\الكميرا\_organized_generation_workspace_20260612\02_stable_diffusion_webui\stable-diffusion-webui-master\stable-diffusion-webui-master\repositories\taming-transformers\data\sflckr_images\newzealand_np\7942812194_9348729b93_b.jpg","7942812194_9348729b93_b.jpg",".jpg","255204","0.243","26/12/47 02:32:58 م"
"02_stable_diffusion_webui\stable-diffusion-webui-master\stable-diffusion-webui-master\repositories\taming-transformers\data\sflckr_images\norway\20099378793_cc2df820af_b.jpg","D:\zzipp\جي بي\الكميرا\_organized_generation_workspace_20260612\02_stable_diffusion_webui\stable-diffusion-webui-master\stable-diffusion-webui-master\repositories\taming-transformers\data\sflckr_images\norway\20099378793_cc2df820af_b.jpg","20099378793_cc2df820af_b.jpg",".jpg","234033","0.223","26/12/47 02:32:58 م"
"02_stable_diffusion_webui\stable-diffusion-webui-master\stable-diffusion-webui-master\repositories\taming-transformers\data\sflckr_images\norway\25735082181_999927fe5a_b.jpg","D:\zzipp\جي بي\الكميرا\_organized_generation_workspace_20260612\02_stable_diffusion_webui\stable-diffusion-webui-master\stable-diffusion-webui-master\repositories\taming-transformers\data\sflckr_images\norway\25735082181_999927fe5a_b.jpg","25735082181_999927fe5a_b.jpg",".jpg","216543","0.207","26/12/47 02:32:58 م"
"02_stable_diffusion_webui\stable-diffusion-webui-master\stable-diffusion-webui-master\repositories\taming-transformers\data\sflckr_images\swiss_landscape\4079319632_0133685b2c_b.jpg","D:\zzipp\جي بي\الكميرا\_organized_generation_workspace_20260612\02_stable_diffusion_webui\stable-diffusion-webui-master\stable-diffusion-webui-master\repositories\taming-transformers\data\sflckr_images\swiss_landscape\4079319632_0133685b2c_b.jpg","4079319632_0133685b2c_b.jpg",".jpg","50431","0.048","26/12/47 02:32:58 م"
"02_stable_diffusion_webui\stable-diffusion-webui-master\stable-diffusion-webui-master\repositories\taming-transformers\data\sflckr_images\swiss_mountains\33509672006_bf4c416afd_b.jpg","D:\zzipp\جي بي\الكميرا\_organized_generation_workspace_20260612\02_stable_diffusion_webui\stable-diffusion-webui-master\stable-diffusion-webui-master\repositories\taming-transformers\data\sflckr_images\swiss_mountains\33509672006_bf4c416afd_b.jpg","33509672006_bf4c416afd_b.jpg",".jpg","196946","0.188","26/12/47 02:32:58 م"
"02_stable_diffusion_webui\stable-diffusion-webui-master\stable-diffusion-webui-master\repositories\taming-transformers\data\sflckr_images\volcano\50254383883_27ed6ea93a_b.jpg","D:\zzipp\جي بي\الكميرا\_organized_generation_workspace_20260612\02_stable_diffusion_webui\stable-diffusion-webui-master\stable-diffusion-webui-master\repositories\taming-transformers\data\sflckr_images\volcano\50254383883_27ed6ea93a_b.jpg","50254383883_27ed6ea93a_b.jpg",".jpg","124279","0.119","26/12/47 02:32:58 م"
"02_stable_diffusion_webui\stable-diffusion-webui-master\stable-diffusion-webui-master\repositories\taming-transformers\data\sflckr_segmentations\alaska_lakes\43259216952_59352d7204_b.png","D:\zzipp\جي بي\الكميرا\_organized_generation_workspace_20260612\02_stable_diffusion_webui\stable-diffusion-webui-master\stable-diffusion-webui-master\repositories\taming-transformers\data\sflckr_segmentations\alaska_lakes\43259216952_59352d7204_b.png","43259216952_59352d7204_b.png",".png","4940","0.005","26/12/47 02:32:58 م"
"02_stable_diffusion_webui\stable-diffusion-webui-master\stable-diffusion-webui-master\repositories\taming-transformers\data\sflckr_segmentations\australia\12822389285_a7723081b5_b.png","D:\zzipp\جي بي\الكميرا\_organized_generation_workspace_20260612\02_stable_diffusion_webui\stable-diffusion-webui-master\stable-diffusion-webui-master\repositories\taming-transformers\data\sflckr_segmentations\australia\12822389285_a7723081b5_b.png","12822389285_a7723081b5_b.png",".png","20201","0.019","26/12/47 02:32:58 م"
"02_stable_diffusion_webui\stable-diffusion-webui-master\stable-diffusion-webui-master\repositories\taming-transformers\data\sflckr_segmentations\australia\8720651218_ca82a6608e_b.png","D:\zzipp\جي بي\الكميرا\_organized_generation_workspace_20260612\02_stable_diffusion_webui\stable-diffusion-webui-master\stable-diffusion-webui-master\repositories\taming-transformers\data\sflckr_segmentations\australia\8720651218_ca82a6608e_b.png","8720651218_ca82a6608e_b.png",".png","11240","0.011","26/12/47 02:32:58 م"
"02_stable_diffusion_webui\stable-diffusion-webui-master\stable-diffusion-webui-master\repositories\taming-transformers\data\sflckr_segmentations\black_forest\44974691685_8e7372e2b1_b.png","D:\zzipp\جي بي\الكميرا\_organized_generation_workspace_20260612\02_stable_diffusion_webui\stable-diffusion-webui-master\stable-diffusion-webui-master\repositories\taming-transformers\data\sflckr_segmentations\black_forest\44974691685_8e7372e2b1_b.png","44974691685_8e7372e2b1_b.png",".png","7621","0.007","26/12/47 02:32:58 م"
"02_stable_diffusion_webui\stable-diffusion-webui-master\stable-diffusion-webui-master\repositories\taming-transformers\data\sflckr_segmentations\black_forest\8364557382_c6c9ee2fd6_b.png","D:\zzipp\جي بي\الكميرا\_organized_generation_workspace_20260612\02_stable_diffusion_webui\stable-diffusion-webui-master\stable-diffusion-webui-master\repositories\taming-transformers\data\sflckr_segmentations\black_forest\8364557382_c6c9ee2fd6_b.png","8364557382_c6c9ee2fd6_b.png",".png","4270","0.004","26/12/47 02:32:58 م"
"02_stable_diffusion_webui\stable-diffusion-webui-master\stable-diffusion-webui-master\repositories\taming-transformers\data\sflckr_segmentations\canada\256743165_9f130ba95b_b.png","D:\zzipp\جي بي\الكميرا\_organized_generation_workspace_20260612\02_stable_diffusion_webui\stable-diffusion-webui-master\stable-diffusion-webui-master\repositories\taming-transformers\data\sflckr_segmentations\canada\256743165_9f130ba95b_b.png","256743165_9f130ba95b_b.png",".png","7594","0.007","26/12/47 02:32:58 م"
"02_stable_diffusion_webui\stable-diffusion-webui-master\stable-diffusion-webui-master\repositories\taming-transformers\data\sflckr_segmentations\canada\2883773_881c197107_c.png","D:\zzipp\جي بي\الكميرا\_organized_generation_workspace_20260612\02_stable_diffusion_webui\stable-diffusion-webui-master\stable-diffusion-webui-master\repositories\taming-transformers\data\sflckr_segmentations\canada\2883773_881c197107_c.png","2883773_881c197107_c.png",".png","7389","0.007","26/12/47 02:32:58 م"
"02_stable_diffusion_webui\stable-diffusion-webui-master\stable-diffusion-webui-master\repositories\taming-transformers\data\sflckr_segmentations\carribean\14351041152_ef77484a1f_b.png","D:\zzipp\جي بي\الكميرا\_organized_generation_workspace_20260612\02_stable_diffusion_webui\stable-diffusion-webui-master\stable-diffusion-webui-master\repositories\taming-transformers\data\sflckr_segmentations\carribean\14351041152_ef77484a1f_b.png","14351041152_ef77484a1f_b.png",".png","6774","0.006","26/12/47 02:32:58 م"
"02_stable_diffusion_webui\stable-diffusion-webui-master\stable-diffusion-webui-master\repositories\taming-transformers\data\sflckr_segmentations\carribean\18176301_c9d27557cf_b.png","D:\zzipp\جي بي\الكميرا\_organized_generation_workspace_20260612\02_stable_diffusion_webui\stable-diffusion-webui-master\stable-diffusion-webui-master\repositories\taming-transformers\data\sflckr_segmentations\carribean\18176301_c9d27557cf_b.png","18176301_c9d27557cf_b.png",".png","4777","0.005","26/12/47 02:32:58 م"
"02_stable_diffusion_webui\stable-diffusion-webui-master\stable-diffusion-webui-master\repositories\taming-transformers\data\sflckr_segmentations\cliff_ocean\36142796444_45d452f567_b.png","D:\zzipp\جي بي\الكميرا\_organized_generation_workspace_20260612\02_stable_diffusion_webui\stable-diffusion-webui-master\stable-diffusion-webui-master\repositories\taming-transformers\data\sflckr_segmentations\cliff_ocean\36142796444_45d452f567_b.png","36142796444_45d452f567_b.png",".png","13541","0.013","26/12/47 02:32:58 م"
"02_stable_diffusion_webui\stable-diffusion-webui-master\stable-diffusion-webui-master\repositories\taming-transformers\data\sflckr_segmentations\desert\4534149722_3cc4f92891_b.png","D:\zzipp\جي بي\الكميرا\_organized_generation_workspace_20260612\02_stable_diffusion_webui\stable-diffusion-webui-master\stable-diffusion-webui-master\repositories\taming-transformers\data\sflckr_segmentations\desert\4534149722_3cc4f92891_b.png","4534149722_3cc4f92891_b.png",".png","18832","0.018","26/12/47 02:32:58 م"
"02_stable_diffusion_webui\stable-diffusion-webui-master\stable-diffusion-webui-master\repositories\taming-transformers\data\sflckr_segmentations\geysir\14996762478_a9bdbf959a_b.png","D:\zzipp\جي بي\الكميرا\_organized_generation_workspace_20260612\02_stable_diffusion_webui\stable-diffusion-webui-master\stable-diffusion-webui-master\repositories\taming-transformers\data\sflckr_segmentations\geysir\14996762478_a9bdbf959a_b.png","14996762478_a9bdbf959a_b.png",".png","12240","0.012","26/12/47 02:32:58 م"
"02_stable_diffusion_webui\stable-diffusion-webui-master\stable-diffusion-webui-master\repositories\taming-transformers\data\sflckr_segmentations\geysir\26320755536_7c769b6218_b.png","D:\zzipp\جي بي\الكميرا\_organized_generation_workspace_20260612\02_stable_diffusion_webui\stable-diffusion-webui-master\stable-diffusion-webui-master\repositories\taming-transformers\data\sflckr_segmentations\geysir\26320755536_7c769b6218_b.png","26320755536_7c769b6218_b.png",".png","11070","0.011","26/12/47 02:32:58 م"
"02_stable_diffusion_webui\stable-diffusion-webui-master\stable-diffusion-webui-master\repositories\taming-transformers\data\sflckr_segmentations\geysir\3542389801_a2cbfee1e1_b.png","D:\zzipp\جي بي\الكميرا\_organized_generation_workspace_20260612\02_stable_diffusion_webui\stable-diffusion-webui-master\stable-diffusion-webui-master\repositories\taming-transformers\data\sflckr_segmentations\geysir\3542389801_a2cbfee1e1_b.png","3542389801_a2cbfee1e1_b.png",".png","9684","0.009","26/12/47 02:32:58 م"
"02_stable_diffusion_webui\stable-diffusion-webui-master\stable-diffusion-webui-master\repositories\taming-transformers\data\sflckr_segmentations\geysir\4748115806_7219c2b3be_b.png","D:\zzipp\جي بي\الكميرا\_organized_generation_workspace_20260612\02_stable_diffusion_webui\stable-diffusion-webui-master\stable-diffusion-webui-master\repositories\taming-transformers\data\sflckr_segmentations\geysir\4748115806_7219c2b3be_b.png","4748115806_7219c2b3be_b.png",".png","13617","0.013","26/12/47 02:32:58 م"
"02_stable_diffusion_webui\stable-diffusion-webui-master\stable-diffusion-webui-master\repositories\taming-transformers\data\sflckr_segmentations\ireland\15570753471_74db396d14_b.png","D:\zzipp\جي بي\الكميرا\_organized_generation_workspace_20260612\02_stable_diffusion_webui\stable-diffusion-webui-master\stable-diffusion-webui-master\repositories\taming-transformers\data\sflckr_segmentations\ireland\15570753471_74db396d14_b.png","15570753471_74db396d14_b.png",".png","8459","0.008","26/12/47 02:32:58 م"
"02_stable_diffusion_webui\stable-diffusion-webui-master\stable-diffusion-webui-master\repositories\taming-transformers\data\sflckr_segmentations\lakes\39933489595_f0e5d85b6d_b.png","D:\zzipp\جي بي\الكميرا\_organized_generation_workspace_20260612\02_stable_diffusion_webui\stable-diffusion-webui-master\stable-diffusion-webui-master\repositories\taming-transformers\data\sflckr_segmentations\lakes\39933489595_f0e5d85b6d_b.png","39933489595_f0e5d85b6d_b.png",".png","15236","0.015","26/12/47 02:32:58 م"
"02_stable_diffusion_webui\stable-diffusion-webui-master\stable-diffusion-webui-master\repositories\taming-transformers\data\sflckr_segmentations\meadow\18864473291_844325caab_b.png","D:\zzipp\جي بي\الكميرا\_organized_generation_workspace_20260612\02_stable_diffusion_webui\stable-diffusion-webui-master\stable-diffusion-webui-master\repositories\taming-transformers\data\sflckr_segmentations\meadow\18864473291_844325caab_b.png","18864473291_844325caab_b.png",".png","9586","0.009","26/12/47 02:32:58 م"
"02_stable_diffusion_webui\stable-diffusion-webui-master\stable-diffusion-webui-master\repositories\taming-transformers\data\sflckr_segmentations\mongolia\6076373946_e9ea2aee32_b.png","D:\zzipp\جي بي\الكميرا\_organized_generation_workspace_20260612\02_stable_diffusion_webui\stable-diffusion-webui-master\stable-diffusion-webui-master\repositories\taming-transformers\data\sflckr_segmentations\mongolia\6076373946_e9ea2aee32_b.png","6076373946_e9ea2aee32_b.png",".png","6728","0.006","26/12/47 02:32:58 م"
"02_stable_diffusion_webui\stable-diffusion-webui-master\stable-diffusion-webui-master\repositories\taming-transformers\data\sflckr_segmentations\newzealand_np\7942812194_9348729b93_b.png","D:\zzipp\جي بي\الكميرا\_organized_generation_workspace_20260612\02_stable_diffusion_webui\stable-diffusion-webui-master\stable-diffusion-webui-master\repositories\taming-transformers\data\sflckr_segmentations\newzealand_np\7942812194_9348729b93_b.png","7942812194_9348729b93_b.png",".png","11433","0.011","26/12/47 02:32:58 م"
"02_stable_diffusion_webui\stable-diffusion-webui-master\stable-diffusion-webui-master\repositories\taming-transformers\data\sflckr_segmentations\norway\20099378793_cc2df820af_b.png","D:\zzipp\جي بي\الكميرا\_organized_generation_workspace_20260612\02_stable_diffusion_webui\stable-diffusion-webui-master\stable-diffusion-webui-master\repositories\taming-transformers\data\sflckr_segmentations\norway\20099378793_cc2df820af_b.png","20099378793_cc2df820af_b.png",".png","12433","0.012","26/12/47 02:32:58 م"
"02_stable_diffusion_webui\stable-diffusion-webui-master\stable-diffusion-webui-master\repositories\taming-transformers\data\sflckr_segmentations\norway\25735082181_999927fe5a_b.png","D:\zzipp\جي بي\الكميرا\_organized_generation_workspace_20260612\02_stable_diffusion_webui\stable-diffusion-webui-master\stable-diffusion-webui-master\repositories\taming-transformers\data\sflckr_segmentations\norway\25735082181_999927fe5a_b.png","25735082181_999927fe5a_b.png",".png","5543","0.005","26/12/47 02:32:58 م"
"02_stable_diffusion_webui\stable-diffusion-webui-master\stable-diffusion-webui-master\repositories\taming-transformers\data\sflckr_segmentations\swiss_landscape\4079319632_0133685b2c_b.png","D:\zzipp\جي بي\الكميرا\_organized_generation_workspace_20260612\02_stable_diffusion_webui\stable-diffusion-webui-master\stable-diffusion-webui-master\repositories\taming-transformers\data\sflckr_segmentations\swiss_landscape\4079319632_0133685b2c_b.png","4079319632_0133685b2c_b.png",".png","5464","0.005","26/12/47 02:32:58 م"
"02_stable_diffusion_webui\stable-diffusion-webui-master\stable-diffusion-webui-master\repositories\taming-transformers\data\sflckr_segmentations\swiss_mountains\33509672006_bf4c416afd_b.png","D:\zzipp\جي بي\الكميرا\_organized_generation_workspace_20260612\02_stable_diffusion_webui\stable-diffusion-webui-master\stable-diffusion-webui-master\repositories\taming-transformers\data\sflckr_segmentations\swiss_mountains\33509672006_bf4c416afd_b.png","33509672006_bf4c416afd_b.png",".png","4508","0.004","26/12/47 02:32:58 م"
"02_stable_diffusion_webui\stable-diffusion-webui-master\stable-diffusion-webui-master\repositories\taming-transformers\data\sflckr_segmentations\volcano\50254383883_27ed6ea93a_b.png","D:\zzipp\جي بي\الكميرا\_organized_generation_workspace_20260612\02_stable_diffusion_webui\stable-diffusion-webui-master\stable-diffusion-webui-master\repositories\taming-transformers\data\sflckr_segmentations\volcano\50254383883_27ed6ea93a_b.png","50254383883_27ed6ea93a_b.png",".png","8038","0.008","26/12/47 02:32:58 م"
"02_stable_diffusion_webui\stable-diffusion-webui-master\stable-diffusion-webui-master\outputs\txt2img-images\2026-06-12\00000-12345.png","D:\zzipp\جي بي\الكميرا\_organized_generation_workspace_20260612\02_stable_diffusion_webui\stable-diffusion-webui-master\stable-diffusion-webui-master\outputs\txt2img-images\2026-06-12\00000-12345.png","00000-12345.png",".png","81257","0.077","26/12/47 06:03:42 م"
"03_shared_models_and_outputs\stable_diffusion_api_probe\sdwebui_api_probe_14471226_180013.png","D:\zzipp\جي بي\الكميرا\_organized_generation_workspace_20260612\03_shared_models_and_outputs\stable_diffusion_api_probe\sdwebui_api_probe_14471226_180013.png","sdwebui_api_probe_14471226_180013.png",".png","81257","0.077","26/12/47 06:03:42 م"
".venv_fooocus\Lib\site-packages\scipy\ndimage\tests\dots.png","D:\zzipp\جي بي\الكميرا\_organized_generation_workspace_20260612\.venv_fooocus\Lib\site-packages\scipy\ndimage\tests\dots.png","dots.png",".png","2114","0.002","26/12/47 09:34:14 ص"
".venv_fooocus\Lib\site-packages\gradio\templates\cdn\favicon.png","D:\zzipp\جي بي\الكميرا\_organized_generation_workspace_20260612\.venv_fooocus\Lib\site-packages\gradio\templates\cdn\favicon.png","favicon.png",".png","3127","0.003","26/12/47 09:40:16 ص"
".venv_fooocus\Lib\site-packages\gradio\templates\frontend\favicon.png","D:\zzipp\جي بي\الكميرا\_organized_generation_workspace_20260612\.venv_fooocus\Lib\site-packages\gradio\templates\frontend\favicon.png","favicon.png",".png","3127","0.003","26/12/47 09:40:22 ص"
".venv_fooocus\Lib\site-packages\gradio\test_data\cheetah1-copy.jpg","D:\zzipp\جي بي\الكميرا\_organized_generation_workspace_20260612\.venv_fooocus\Lib\site-packages\gradio\test_data\cheetah1-copy.jpg","cheetah1-copy.jpg",".jpg","20552","0.02","26/12/47 09:40:30 ص"
".venv_fooocus\Lib\site-packages\gradio\test_data\cheetah1.jpg","D:\zzipp\جي بي\الكميرا\_organized_generation_workspace_20260612\.venv_fooocus\Lib\site-packages\gradio\test_data\cheetah1.jpg","cheetah1.jpg",".jpg","20552","0.02","26/12/47 09:40:30 ص"
".venv_fooocus\Lib\site-packages\gradio\test_data\cheetah2.jpg","D:\zzipp\جي بي\الكميرا\_organized_generation_workspace_20260612\.venv_fooocus\Lib\site-packages\gradio\test_data\cheetah2.jpg","cheetah2.jpg",".jpg","72783","0.069","26/12/47 09:40:30 ص"
".venv_fooocus\Lib\site-packages\gradio\test_data\lion.jpg","D:\zzipp\جي بي\الكميرا\_organized_generation_workspace_20260612\.venv_fooocus\Lib\site-packages\gradio\test_data\lion.jpg","lion.jpg",".jpg","18489","0.018","26/12/47 09:40:30 ص"
".venv_fooocus\Lib\site-packages\gradio\test_data\test_image.png","D:\zzipp\جي بي\الكميرا\_organized_generation_workspace_20260612\.venv_fooocus\Lib\site-packages\gradio\test_data\test_image.png","test_image.png",".png","1951","0.002","26/12/47 09:40:30 ص"
".venv_fooocus\Lib\site-packages\sympy\plotting\tests\test_region_and.png","D:\zzipp\جي بي\الكميرا\_organized_generation_workspace_20260612\.venv_fooocus\Lib\site-packages\sympy\plotting\tests\test_region_and.png","test_region_and.png",".png","6864","0.007","26/12/47 11:00:24 ص"
".venv_fooocus\Lib\site-packages\sympy\plotting\tests\test_region_not.png","D:\zzipp\جي بي\الكميرا\_organized_generation_workspace_20260612\.venv_fooocus\Lib\site-packages\sympy\plotting\tests\test_region_not.png","test_region_not.png",".png","7939","0.008","26/12/47 11:00:24 ص"
".venv_fooocus\Lib\site-packages\sympy\plotting\tests\test_region_or.png","D:\zzipp\جي بي\الكميرا\_organized_generation_workspace_20260612\.venv_fooocus\Lib\site-packages\sympy\plotting\tests\test_region_or.png","test_region_or.png",".png","8809","0.008","26/12/47 11:00:24 ص"
".venv_fooocus\Lib\site-packages\sympy\plotting\tests\test_region_xor.png","D:\zzipp\جي بي\الكميرا\_organized_generation_workspace_20260612\.venv_fooocus\Lib\site-packages\sympy\plotting\tests\test_region_xor.png","test_region_xor.png",".png","10002","0.01","26/12/47 11:00:24 ص"
".venv_fooocus\Lib\site-packages\networkx\drawing\tests\baseline\test_house_with_colors.png","D:\zzipp\جي بي\الكميرا\_organized_generation_workspace_20260612\.venv_fooocus\Lib\site-packages\networkx\drawing\tests\baseline\test_house_with_colors.png","test_house_with_colors.png",".png","21918","0.021","26/12/47 11:01:42 ص"
".venv_sdwebui\Lib\site-packages\sympy\plotting\tests\test_region_and.png","D:\zzipp\جي بي\الكميرا\_organized_generation_workspace_20260612\.venv_sdwebui\Lib\site-packages\sympy\plotting\tests\test_region_and.png","test_region_and.png",".png","6864","0.007","26/12/47 12:54:18 م"
".venv_sdwebui\Lib\site-packages\sympy\plotting\tests\test_region_not.png","D:\zzipp\جي بي\الكميرا\_organized_generation_workspace_20260612\.venv_sdwebui\Lib\site-packages\sympy\plotting\tests\test_region_not.png","test_region_not.png",".png","7939","0.008","26/12/47 12:54:18 م"
".venv_sdwebui\Lib\site-packages\sympy\plotting\tests\test_region_or.png","D:\zzipp\جي بي\الكميرا\_organized_generation_workspace_20260612\.venv_sdwebui\Lib\site-packages\sympy\plotting\tests\test_region_or.png","test_region_or.png",".png","8809","0.008","26/12/47 12:54:18 م"
".venv_sdwebui\Lib\site-packages\sympy\plotting\tests\test_region_xor.png","D:\zzipp\جي بي\الكميرا\_organized_generation_workspace_20260612\.venv_sdwebui\Lib\site-packages\sympy\plotting\tests\test_region_xor.png","test_region_xor.png",".png","10002","0.01","26/12/47 12:54:18 م"
".venv_sdwebui\Lib\site-packages\networkx\drawing\tests\baseline\test_house_with_colors.png","D:\zzipp\جي بي\الكميرا\_organized_generation_workspace_20260612\.venv_sdwebui\Lib\site-packages\networkx\drawing\tests\baseline\test_house_with_colors.png","test_house_with_colors.png",".png","21918","0.021","26/12/47 12:56:56 م"
".venv_sdwebui\Lib\site-packages\scipy\ndimage\tests\dots.png","D:\zzipp\جي بي\الكميرا\_organized_generation_workspace_20260612\.venv_sdwebui\Lib\site-packages\scipy\ndimage\tests\dots.png","dots.png",".png","2114","0.002","26/12/47 02:04:58 م"
".venv_sdwebui\Lib\site-packages\skimage\data\astronaut.png","D:\zzipp\جي بي\الكميرا\_organized_generation_workspace_20260612\.venv_sdwebui\Lib\site-packages\skimage\data\astronaut.png","astronaut.png",".png","791555","0.755","26/12/47 02:08:40 م"
".venv_sdwebui\Lib\site-packages\skimage\data\brick.png","D:\zzipp\جي بي\الكميرا\_organized_generation_workspace_20260612\.venv_sdwebui\Lib\site-packages\skimage\data\brick.png","brick.png",".png","106634","0.102","26/12/47 02:08:40 م"
".venv_sdwebui\Lib\site-packages\skimage\data\camera.png","D:\zzipp\جي بي\الكميرا\_organized_generation_workspace_20260612\.venv_sdwebui\Lib\site-packages\skimage\data\camera.png","camera.png",".png","139512","0.133","26/12/47 02:08:40 م"
".venv_sdwebui\Lib\site-packages\skimage\data\cell.png","D:\zzipp\جي بي\الكميرا\_organized_generation_workspace_20260612\.venv_sdwebui\Lib\site-packages\skimage\data\cell.png","cell.png",".png","74183","0.071","26/12/47 02:08:40 م"
".venv_sdwebui\Lib\site-packages\skimage\data\chelsea.png","D:\zzipp\جي بي\الكميرا\_organized_generation_workspace_20260612\.venv_sdwebui\Lib\site-packages\skimage\data\chelsea.png","chelsea.png",".png","240512","0.229","26/12/47 02:08:40 م"
".venv_sdwebui\Lib\site-packages\skimage\data\chessboard_GRAY.png","D:\zzipp\جي بي\الكميرا\_organized_generation_workspace_20260612\.venv_sdwebui\Lib\site-packages\skimage\data\chessboard_GRAY.png","chessboard_GRAY.png",".png","418","0","26/12/47 02:08:40 م"
".venv_sdwebui\Lib\site-packages\skimage\data\chessboard_RGB.png","D:\zzipp\جي بي\الكميرا\_organized_generation_workspace_20260612\.venv_sdwebui\Lib\site-packages\skimage\data\chessboard_RGB.png","chessboard_RGB.png",".png","1127","0.001","26/12/47 02:08:40 م"
".venv_sdwebui\Lib\site-packages\skimage\data\clock_motion.png","D:\zzipp\جي بي\الكميرا\_organized_generation_workspace_20260612\.venv_sdwebui\Lib\site-packages\skimage\data\clock_motion.png","clock_motion.png",".png","58784","0.056","26/12/47 02:08:40 م"
".venv_sdwebui\Lib\site-packages\skimage\data\coffee.png","D:\zzipp\جي بي\الكميرا\_organized_generation_workspace_20260612\.venv_sdwebui\Lib\site-packages\skimage\data\coffee.png","coffee.png",".png","466706","0.445","26/12/47 02:08:40 م"
".venv_sdwebui\Lib\site-packages\skimage\data\coins.png","D:\zzipp\جي بي\الكميرا\_organized_generation_workspace_20260612\.venv_sdwebui\Lib\site-packages\skimage\data\coins.png","coins.png",".png","75825","0.072","26/12/47 02:08:40 م"
".venv_sdwebui\Lib\site-packages\skimage\data\color.png","D:\zzipp\جي بي\الكميرا\_organized_generation_workspace_20260612\.venv_sdwebui\Lib\site-packages\skimage\data\color.png","color.png",".png","85584","0.082","26/12/47 02:08:40 م"
".venv_sdwebui\Lib\site-packages\skimage\data\grass.png","D:\zzipp\جي بي\الكميرا\_organized_generation_workspace_20260612\.venv_sdwebui\Lib\site-packages\skimage\data\grass.png","grass.png",".png","217893","0.208","26/12/47 02:08:40 م"
".venv_sdwebui\Lib\site-packages\skimage\data\gravel.png","D:\zzipp\جي بي\الكميرا\_organized_generation_workspace_20260612\.venv_sdwebui\Lib\site-packages\skimage\data\gravel.png","gravel.png",".png","194247","0.185","26/12/47 02:08:40 م"
".venv_sdwebui\Lib\site-packages\skimage\data\horse.png","D:\zzipp\جي بي\الكميرا\_organized_generation_workspace_20260612\.venv_sdwebui\Lib\site-packages\skimage\data\horse.png","horse.png",".png","16633","0.016","26/12/47 02:08:40 م"
".venv_sdwebui\Lib\site-packages\skimage\data\hubble_deep_field.jpg","D:\zzipp\جي بي\الكميرا\_organized_generation_workspace_20260612\.venv_sdwebui\Lib\site-packages\skimage\data\hubble_deep_field.jpg","hubble_deep_field.jpg",".jpg","527940","0.503","26/12/47 02:08:40 م"
".venv_sdwebui\Lib\site-packages\skimage\data\ihc.png","D:\zzipp\جي بي\الكميرا\_organized_generation_workspace_20260612\.venv_sdwebui\Lib\site-packages\skimage\data\ihc.png","ihc.png",".png","477916","0.456","26/12/47 02:08:40 م"
".venv_sdwebui\Lib\site-packages\skimage\data\logo.png","D:\zzipp\جي بي\الكميرا\_organized_generation_workspace_20260612\.venv_sdwebui\Lib\site-packages\skimage\data\logo.png","logo.png",".png","179723","0.171","26/12/47 02:08:40 م"
".venv_sdwebui\Lib\site-packages\skimage\data\microaneurysms.png","D:\zzipp\جي بي\الكميرا\_organized_generation_workspace_20260612\.venv_sdwebui\Lib\site-packages\skimage\data\microaneurysms.png","microaneurysms.png",".png","4950","0.005","26/12/47 02:08:40 م"
".venv_sdwebui\Lib\site-packages\skimage\data\moon.png","D:\zzipp\جي بي\الكميرا\_organized_generation_workspace_20260612\.venv_sdwebui\Lib\site-packages\skimage\data\moon.png","moon.png",".png","50177","0.048","26/12/47 02:08:40 م"
".venv_sdwebui\Lib\site-packages\skimage\data\motorcycle_left.png","D:\zzipp\جي بي\الكميرا\_organized_generation_workspace_20260612\.venv_sdwebui\Lib\site-packages\skimage\data\motorcycle_left.png","motorcycle_left.png",".png","644701","0.615","26/12/47 02:08:40 م"
".venv_sdwebui\Lib\site-packages\skimage\data\motorcycle_right.png","D:\zzipp\جي بي\الكميرا\_organized_generation_workspace_20260612\.venv_sdwebui\Lib\site-packages\skimage\data\motorcycle_right.png","motorcycle_right.png",".png","640373","0.611","26/12/47 02:08:40 م"
".venv_sdwebui\Lib\site-packages\skimage\data\page.png","D:\zzipp\جي بي\الكميرا\_organized_generation_workspace_20260612\.venv_sdwebui\Lib\site-packages\skimage\data\page.png","page.png",".png","47679","0.045","26/12/47 02:08:40 م"
".venv_sdwebui\Lib\site-packages\skimage\data\phantom.png","D:\zzipp\جي بي\الكميرا\_organized_generation_workspace_20260612\.venv_sdwebui\Lib\site-packages\skimage\data\phantom.png","phantom.png",".png","3386","0.003","26/12/47 02:08:40 م"
".venv_sdwebui\Lib\site-packages\skimage\data\retina.jpg","D:\zzipp\جي بي\الكميرا\_organized_generation_workspace_20260612\.venv_sdwebui\Lib\site-packages\skimage\data\retina.jpg","retina.jpg",".jpg","269564","0.257","26/12/47 02:08:40 م"
".venv_sdwebui\Lib\site-packages\skimage\data\rocket.jpg","D:\zzipp\جي بي\الكميرا\_organized_generation_workspace_20260612\.venv_sdwebui\Lib\site-packages\skimage\data\rocket.jpg","rocket.jpg",".jpg","112525","0.107","26/12/47 02:08:40 م"
".venv_sdwebui\Lib\site-packages\skimage\data\text.png","D:\zzipp\جي بي\الكميرا\_organized_generation_workspace_20260612\.venv_sdwebui\Lib\site-packages\skimage\data\text.png","text.png",".png","42704","0.041","26/12/47 02:08:40 م"
".venv_sdwebui\Lib\site-packages\matplotlib\mpl-data\images\back_large.png","D:\zzipp\جي بي\الكميرا\_organized_generation_workspace_20260612\.venv_sdwebui\Lib\site-packages\matplotlib\mpl-data\images\back_large.png","back_large.png",".png","620","0.001","26/12/47 02:11:14 م"
".venv_sdwebui\Lib\site-packages\matplotlib\mpl-data\images\back.png","D:\zzipp\جي بي\الكميرا\_organized_generation_workspace_20260612\.venv_sdwebui\Lib\site-packages\matplotlib\mpl-data\images\back.png","back.png",".png","380","0","26/12/47 02:11:14 م"
".venv_sdwebui\Lib\site-packages\matplotlib\mpl-data\images\filesave_large.png","D:\zzipp\جي بي\الكميرا\_organized_generation_workspace_20260612\.venv_sdwebui\Lib\site-packages\matplotlib\mpl-data\images\filesave_large.png","filesave_large.png",".png","720","0.001","26/12/47 02:11:14 م"
".venv_sdwebui\Lib\site-packages\matplotlib\mpl-data\images\filesave.png","D:\zzipp\جي بي\الكميرا\_organized_generation_workspace_20260612\.venv_sdwebui\Lib\site-packages\matplotlib\mpl-data\images\filesave.png","filesave.png",".png","458","0","26/12/47 02:11:14 م"
".venv_sdwebui\Lib\site-packages\matplotlib\mpl-data\images\forward_large.png","D:\zzipp\جي بي\الكميرا\_organized_generation_workspace_20260612\.venv_sdwebui\Lib\site-packages\matplotlib\mpl-data\images\forward_large.png","forward_large.png",".png","593","0.001","26/12/47 02:11:14 م"
".venv_sdwebui\Lib\site-packages\matplotlib\mpl-data\images\forward.png","D:\zzipp\جي بي\الكميرا\_organized_generation_workspace_20260612\.venv_sdwebui\Lib\site-packages\matplotlib\mpl-data\images\forward.png","forward.png",".png","357","0","26/12/47 02:11:14 م"
".venv_sdwebui\Lib\site-packages\matplotlib\mpl-data\images\hand.png","D:\zzipp\جي بي\الكميرا\_organized_generation_workspace_20260612\.venv_sdwebui\Lib\site-packages\matplotlib\mpl-data\images\hand.png","hand.png",".png","979","0.001","26/12/47 02:11:14 م"
".venv_sdwebui\Lib\site-packages\matplotlib\mpl-data\images\help_large.png","D:\zzipp\جي بي\الكميرا\_organized_generation_workspace_20260612\.venv_sdwebui\Lib\site-packages\matplotlib\mpl-data\images\help_large.png","help_large.png",".png","747","0.001","26/12/47 02:11:14 م"
".venv_sdwebui\Lib\site-packages\matplotlib\mpl-data\images\help.png","D:\zzipp\جي بي\الكميرا\_organized_generation_workspace_20260612\.venv_sdwebui\Lib\site-packages\matplotlib\mpl-data\images\help.png","help.png",".png","472","0","26/12/47 02:11:14 م"
".venv_sdwebui\Lib\site-packages\matplotlib\mpl-data\images\home_large.png","D:\zzipp\جي بي\الكميرا\_organized_generation_workspace_20260612\.venv_sdwebui\Lib\site-packages\matplotlib\mpl-data\images\home_large.png","home_large.png",".png","790","0.001","26/12/47 02:11:14 م"
".venv_sdwebui\Lib\site-packages\matplotlib\mpl-data\images\home.png","D:\zzipp\جي بي\الكميرا\_organized_generation_workspace_20260612\.venv_sdwebui\Lib\site-packages\matplotlib\mpl-data\images\home.png","home.png",".png","468","0","26/12/47 02:11:14 م"
".venv_sdwebui\Lib\site-packages\matplotlib\mpl-data\images\matplotlib_large.png","D:\zzipp\جي بي\الكميرا\_organized_generation_workspace_20260612\.venv_sdwebui\Lib\site-packages\matplotlib\mpl-data\images\matplotlib_large.png","matplotlib_large.png",".png","3088","0.003","26/12/47 02:11:14 م"
".venv_sdwebui\Lib\site-packages\matplotlib\mpl-data\images\matplotlib.png","D:\zzipp\جي بي\الكميرا\_organized_generation_workspace_20260612\.venv_sdwebui\Lib\site-packages\matplotlib\mpl-data\images\matplotlib.png","matplotlib.png",".png","1283","0.001","26/12/47 02:11:14 م"
".venv_sdwebui\Lib\site-packages\matplotlib\mpl-data\images\move_large.png","D:\zzipp\جي بي\الكميرا\_organized_generation_workspace_20260612\.venv_sdwebui\Lib\site-packages\matplotlib\mpl-data\images\move_large.png","move_large.png",".png","767","0.001","26/12/47 02:11:14 م"
".venv_sdwebui\Lib\site-packages\matplotlib\mpl-data\images\move.png","D:\zzipp\جي بي\الكميرا\_organized_generation_workspace_20260612\.venv_sdwebui\Lib\site-packages\matplotlib\mpl-data\images\move.png","move.png",".png","481","0","26/12/47 02:11:14 م"
".venv_sdwebui\Lib\site-packages\matplotlib\mpl-data\images\qt4_editor_options_large.png","D:\zzipp\جي بي\الكميرا\_organized_generation_workspace_20260612\.venv_sdwebui\Lib\site-packages\matplotlib\mpl-data\images\qt4_editor_options_large.png","qt4_editor_options_large.png",".png","619","0.001","26/12/47 02:11:14 م"
".venv_sdwebui\Lib\site-packages\matplotlib\mpl-data\images\qt4_editor_options.png","D:\zzipp\جي بي\الكميرا\_organized_generation_workspace_20260612\.venv_sdwebui\Lib\site-packages\matplotlib\mpl-data\images\qt4_editor_options.png","qt4_editor_options.png",".png","380","0","26/12/47 02:11:14 م"
".venv_sdwebui\Lib\site-packages\matplotlib\mpl-data\images\subplots_large.png","D:\zzipp\جي بي\الكميرا\_organized_generation_workspace_20260612\.venv_sdwebui\Lib\site-packages\matplotlib\mpl-data\images\subplots_large.png","subplots_large.png",".png","662","0.001","26/12/47 02:11:14 م"
".venv_sdwebui\Lib\site-packages\matplotlib\mpl-data\images\subplots.png","D:\zzipp\جي بي\الكميرا\_organized_generation_workspace_20260612\.venv_sdwebui\Lib\site-packages\matplotlib\mpl-data\images\subplots.png","subplots.png",".png","445","0","26/12/47 02:11:14 م"
".venv_sdwebui\Lib\site-packages\matplotlib\mpl-data\images\zoom_to_rect_large.png","D:\zzipp\جي بي\الكميرا\_organized_generation_workspace_20260612\.venv_sdwebui\Lib\site-packages\matplotlib\mpl-data\images\zoom_to_rect_large.png","zoom_to_rect_large.png",".png","1016","0.001","26/12/47 02:11:14 م"
".venv_sdwebui\Lib\site-packages\matplotlib\mpl-data\images\zoom_to_rect.png","D:\zzipp\جي بي\الكميرا\_organized_generation_workspace_20260612\.venv_sdwebui\Lib\site-packages\matplotlib\mpl-data\images\zoom_to_rect.png","zoom_to_rect.png",".png","530","0.001","26/12/47 02:11:14 م"
".venv_sdwebui\Lib\site-packages\matplotlib\mpl-data\sample_data\grace_hopper.jpg","D:\zzipp\جي بي\الكميرا\_organized_generation_workspace_20260612\.venv_sdwebui\Lib\site-packages\matplotlib\mpl-data\sample_data\grace_hopper.jpg","grace_hopper.jpg",".jpg","61306","0.058","26/12/47 02:11:14 م"
".venv_sdwebui\Lib\site-packages\matplotlib\mpl-data\sample_data\logo2.png","D:\zzipp\جي بي\الكميرا\_organized_generation_workspace_20260612\.venv_sdwebui\Lib\site-packages\matplotlib\mpl-data\sample_data\logo2.png","logo2.png",".png","22279","0.021","26/12/47 02:11:14 م"
".venv_sdwebui\Lib\site-packages\matplotlib\mpl-data\sample_data\Minduka_Present_Blue_Pack.png","D:\zzipp\جي بي\الكميرا\_organized_generation_workspace_20260612\.venv_sdwebui\Lib\site-packages\matplotlib\mpl-data\sample_data\Minduka_Present_Blue_Pack.png","Minduka_Present_Blue_Pack.png",".png","13634","0.013","26/12/47 02:11:14 م"
".venv_sdwebui\Lib\site-packages\gradio\templates\cdn\favicon.png","D:\zzipp\جي بي\الكميرا\_organized_generation_workspace_20260612\.venv_sdwebui\Lib\site-packages\gradio\templates\cdn\favicon.png","favicon.png",".png","3127","0.003","26/12/47 02:13:32 م"
".venv_sdwebui\Lib\site-packages\gradio\templates\frontend\favicon.png","D:\zzipp\جي بي\الكميرا\_organized_generation_workspace_20260612\.venv_sdwebui\Lib\site-packages\gradio\templates\frontend\favicon.png","favicon.png",".png","3127","0.003","26/12/47 02:13:38 م"
".venv_sdwebui\Lib\site-packages\gradio\test_data\cheetah1-copy.jpg","D:\zzipp\جي بي\الكميرا\_organized_generation_workspace_20260612\.venv_sdwebui\Lib\site-packages\gradio\test_data\cheetah1-copy.jpg","cheetah1-copy.jpg",".jpg","20552","0.02","26/12/47 02:13:48 م"
".venv_sdwebui\Lib\site-packages\gradio\test_data\cheetah1.jpg","D:\zzipp\جي بي\الكميرا\_organized_generation_workspace_20260612\.venv_sdwebui\Lib\site-packages\gradio\test_data\cheetah1.jpg","cheetah1.jpg",".jpg","20552","0.02","26/12/47 02:13:48 م"
".venv_sdwebui\Lib\site-packages\gradio\test_data\cheetah2.jpg","D:\zzipp\جي بي\الكميرا\_organized_generation_workspace_20260612\.venv_sdwebui\Lib\site-packages\gradio\test_data\cheetah2.jpg","cheetah2.jpg",".jpg","72783","0.069","26/12/47 02:13:48 م"
".venv_sdwebui\Lib\site-packages\gradio\test_data\lion.jpg","D:\zzipp\جي بي\الكميرا\_organized_generation_workspace_20260612\.venv_sdwebui\Lib\site-packages\gradio\test_data\lion.jpg","lion.jpg",".jpg","18489","0.018","26/12/47 02:13:48 م"
".venv_sdwebui\Lib\site-packages\gradio\test_data\test_image.png","D:\zzipp\جي بي\الكميرا\_organized_generation_workspace_20260612\.venv_sdwebui\Lib\site-packages\gradio\test_data\test_image.png","test_image.png",".png","1951","0.002","26/12/47 02:13:48 م"
"06_portable_tools\PortableGit-2.54.0-64-bit\mingw64\share\doc\gnutls\gnutls-client-server-use-case.png","D:\zzipp\جي بي\الكميرا\_organized_generation_workspace_20260612\06_portable_tools\PortableGit-2.54.0-64-bit\mingw64\share\doc\gnutls\gnutls-client-server-use-case.png","gnutls-client-server-use-case.png",".png","19456","0.019","03/11/47 08:50:04 م"
"06_portable_tools\PortableGit-2.54.0-64-bit\mingw64\share\doc\gnutls\gnutls-crypto-layers.png","D:\zzipp\جي بي\الكميرا\_organized_generation_workspace_20260612\06_portable_tools\PortableGit-2.54.0-64-bit\mingw64\share\doc\gnutls\gnutls-crypto-layers.png","gnutls-crypto-layers.png",".png","21676","0.021","03/11/47 08:50:04 م"
"06_portable_tools\PortableGit-2.54.0-64-bit\mingw64\share\doc\gnutls\gnutls-handshake-sequence.png","D:\zzipp\جي بي\الكميرا\_organized_generation_workspace_20260612\06_portable_tools\PortableGit-2.54.0-64-bit\mingw64\share\doc\gnutls\gnutls-handshake-sequence.png","gnutls-handshake-sequence.png",".png","10066","0.01","03/11/47 08:50:04 م"
"06_portable_tools\PortableGit-2.54.0-64-bit\mingw64\share\doc\gnutls\gnutls-handshake-state.png","D:\zzipp\جي بي\الكميرا\_organized_generation_workspace_20260612\06_portable_tools\PortableGit-2.54.0-64-bit\mingw64\share\doc\gnutls\gnutls-handshake-state.png","gnutls-handshake-state.png",".png","7584","0.007","03/11/47 08:50:04 م"
"06_portable_tools\PortableGit-2.54.0-64-bit\mingw64\share\doc\gnutls\gnutls-internals.png","D:\zzipp\جي بي\الكميرا\_organized_generation_workspace_20260612\06_portable_tools\PortableGit-2.54.0-64-bit\mingw64\share\doc\gnutls\gnutls-internals.png","gnutls-internals.png",".png","30556","0.029","03/11/47 08:50:06 م"
"06_portable_tools\PortableGit-2.54.0-64-bit\mingw64\share\doc\gnutls\gnutls-layers.png","D:\zzipp\جي بي\الكميرا\_organized_generation_workspace_20260612\06_portable_tools\PortableGit-2.54.0-64-bit\mingw64\share\doc\gnutls\gnutls-layers.png","gnutls-layers.png",".png","15985","0.015","03/11/47 08:50:06 م"
"06_portable_tools\PortableGit-2.54.0-64-bit\mingw64\share\doc\gnutls\gnutls-logo.png","D:\zzipp\جي بي\الكميرا\_organized_generation_workspace_20260612\06_portable_tools\PortableGit-2.54.0-64-bit\mingw64\share\doc\gnutls\gnutls-logo.png","gnutls-logo.png",".png","1183","0.001","03/11/47 08:50:06 م"
"06_portable_tools\PortableGit-2.54.0-64-bit\mingw64\share\doc\gnutls\gnutls-modauth.png","D:\zzipp\جي بي\الكميرا\_organized_generation_workspace_20260612\06_portable_tools\PortableGit-2.54.0-64-bit\mingw64\share\doc\gnutls\gnutls-modauth.png","gnutls-modauth.png",".png","28537","0.027","03/11/47 08:50:06 م"
"06_portable_tools\PortableGit-2.54.0-64-bit\mingw64\share\doc\gnutls\gnutls-x509.png","D:\zzipp\جي بي\الكميرا\_organized_generation_workspace_20260612\06_portable_tools\PortableGit-2.54.0-64-bit\mingw64\share\doc\gnutls\gnutls-x509.png","gnutls-x509.png",".png","18942","0.018","03/11/47 08:50:06 م"
"06_portable_tools\PortableGit-2.54.0-64-bit\mingw64\share\doc\gnutls\pkcs11-vision.png","D:\zzipp\جي بي\الكميرا\_organized_generation_workspace_20260612\06_portable_tools\PortableGit-2.54.0-64-bit\mingw64\share\doc\gnutls\pkcs11-vision.png","pkcs11-vision.png",".png","34781","0.033","03/11/47 08:50:06 م"
"06_portable_tools\PortableGit-2.54.0-64-bit\mingw64\lib\tk8.6\demos\images\earthmenu.png","D:\zzipp\جي بي\الكميرا\_organized_generation_workspace_20260612\06_portable_tools\PortableGit-2.54.0-64-bit\mingw64\lib\tk8.6\demos\images\earthmenu.png","earthmenu.png",".png","8157","0.008","03/11/47 08:50:06 م"
"06_portable_tools\PortableGit-2.54.0-64-bit\mingw64\lib\tk8.6\demos\images\ouster.png","D:\zzipp\جي بي\الكميرا\_organized_generation_workspace_20260612\06_portable_tools\PortableGit-2.54.0-64-bit\mingw64\lib\tk8.6\demos\images\ouster.png","ouster.png",".png","54257","0.052","03/11/47 08:50:06 م"
"06_portable_tools\PortableGit-2.54.0-64-bit\usr\share\icons\hicolor\48x48\apps\gvim.png","D:\zzipp\جي بي\الكميرا\_organized_generation_workspace_20260612\06_portable_tools\PortableGit-2.54.0-64-bit\usr\share\icons\hicolor\48x48\apps\gvim.png","gvim.png",".png","474","0","03/11/47 08:50:04 م"
"06_portable_tools\PortableGit-2.54.0-64-bit\usr\share\icons\locolor\16x16\apps\gvim.png","D:\zzipp\جي بي\الكميرا\_organized_generation_workspace_20260612\06_portable_tools\PortableGit-2.54.0-64-bit\usr\share\icons\locolor\16x16\apps\gvim.png","gvim.png",".png","226","0","03/11/47 08:50:04 م"
"06_portable_tools\PortableGit-2.54.0-64-bit\usr\share\icons\locolor\32x32\apps\gvim.png","D:\zzipp\جي بي\الكميرا\_organized_generation_workspace_20260612\06_portable_tools\PortableGit-2.54.0-64-bit\usr\share\icons\locolor\32x32\apps\gvim.png","gvim.png",".png","347","0","03/11/47 08:50:04 م"
"06_portable_tools\PortableGit-2.54.0-64-bit\usr\share\gtk-doc\html\p11-kit\home.png","D:\zzipp\جي بي\الكميرا\_organized_generation_workspace_20260612\06_portable_tools\PortableGit-2.54.0-64-bit\usr\share\gtk-doc\html\p11-kit\home.png","home.png",".png","256","0","03/11/47 08:50:04 م"
"06_portable_tools\PortableGit-2.54.0-64-bit\usr\share\gtk-doc\html\p11-kit\left-insensitive.png","D:\zzipp\جي بي\الكميرا\_organized_generation_workspace_20260612\06_portable_tools\PortableGit-2.54.0-64-bit\usr\share\gtk-doc\html\p11-kit\left-insensitive.png","left-insensitive.png",".png","395","0","03/11/47 08:50:04 م"
"06_portable_tools\PortableGit-2.54.0-64-bit\usr\share\gtk-doc\html\p11-kit\left.png","D:\zzipp\جي بي\الكميرا\_organized_generation_workspace_20260612\06_portable_tools\PortableGit-2.54.0-64-bit\usr\share\gtk-doc\html\p11-kit\left.png","left.png",".png","262","0","03/11/47 08:50:04 م"
"06_portable_tools\PortableGit-2.54.0-64-bit\usr\share\gtk-doc\html\p11-kit\right-insensitive.png","D:\zzipp\جي بي\الكميرا\_organized_generation_workspace_20260612\06_portable_tools\PortableGit-2.54.0-64-bit\usr\share\gtk-doc\html\p11-kit\right-insensitive.png","right-insensitive.png",".png","373","0","03/11/47 08:50:04 م"
"06_portable_tools\PortableGit-2.54.0-64-bit\usr\share\gtk-doc\html\p11-kit\right.png","D:\zzipp\جي بي\الكميرا\_organized_generation_workspace_20260612\06_portable_tools\PortableGit-2.54.0-64-bit\usr\share\gtk-doc\html\p11-kit\right.png","right.png",".png","261","0","03/11/47 08:50:04 م"
"06_portable_tools\PortableGit-2.54.0-64-bit\usr\share\gtk-doc\html\p11-kit\up-insensitive.png","D:\zzipp\جي بي\الكميرا\_organized_generation_workspace_20260612\06_portable_tools\PortableGit-2.54.0-64-bit\usr\share\gtk-doc\html\p11-kit\up-insensitive.png","up-insensitive.png",".png","374","0","03/11/47 08:50:04 م"
"06_portable_tools\PortableGit-2.54.0-64-bit\usr\share\gtk-doc\html\p11-kit\up.png","D:\zzipp\جي بي\الكميرا\_organized_generation_workspace_20260612\06_portable_tools\PortableGit-2.54.0-64-bit\usr\share\gtk-doc\html\p11-kit\up.png","up.png",".png","260","0","03/11/47 08:50:04 م"
"07_alzaeem_windows_ready\ALZaeem_Windows_Ready\optional_fooocus_source\sdxl_styles\samples\abstract_expressionism.jpg","D:\zzipp\جي بي\الكميرا\_organized_generation_workspace_20260612\07_alzaeem_windows_ready\ALZaeem_Windows_Ready\optional_fooocus_source\sdxl_styles\samples\abstract_expressionism.jpg","abstract_expressionism.jpg",".jpg","30109","0.029","28/10/47 01:06:36 م"
"07_alzaeem_windows_ready\ALZaeem_Windows_Ready\optional_fooocus_source\sdxl_styles\samples\academia.jpg","D:\zzipp\جي بي\الكميرا\_organized_generation_workspace_20260612\07_alzaeem_windows_ready\ALZaeem_Windows_Ready\optional_fooocus_source\sdxl_styles\samples\academia.jpg","academia.jpg",".jpg","29098","0.028","28/10/47 01:06:36 م"
"07_alzaeem_windows_ready\ALZaeem_Windows_Ready\optional_fooocus_source\sdxl_styles\samples\action_figure.jpg","D:\zzipp\جي بي\الكميرا\_organized_generation_workspace_20260612\07_alzaeem_windows_ready\ALZaeem_Windows_Ready\optional_fooocus_source\sdxl_styles\samples\action_figure.jpg","action_figure.jpg",".jpg","19890","0.019","28/10/47 01:06:36 م"
"07_alzaeem_windows_ready\ALZaeem_Windows_Ready\optional_fooocus_source\sdxl_styles\samples\adorable_3d_character.jpg","D:\zzipp\جي بي\الكميرا\_organized_generation_workspace_20260612\07_alzaeem_windows_ready\ALZaeem_Windows_Ready\optional_fooocus_source\sdxl_styles\samples\adorable_3d_character.jpg","adorable_3d_character.jpg",".jpg","20179","0.019","28/10/47 01:06:36 م"
"07_alzaeem_windows_ready\ALZaeem_Windows_Ready\optional_fooocus_source\sdxl_styles\samples\adorable_kawaii.jpg","D:\zzipp\جي بي\الكميرا\_organized_generation_workspace_20260612\07_alzaeem_windows_ready\ALZaeem_Windows_Ready\optional_fooocus_source\sdxl_styles\samples\adorable_kawaii.jpg","adorable_kawaii.jpg",".jpg","24606","0.023","28/10/47 01:06:36 م"
"07_alzaeem_windows_ready\ALZaeem_Windows_Ready\optional_fooocus_source\sdxl_styles\samples\ads_advertising.jpg","D:\zzipp\جي بي\الكميرا\_organized_generation_workspace_20260612\07_alzaeem_windows_ready\ALZaeem_Windows_Ready\optional_fooocus_source\sdxl_styles\samples\ads_advertising.jpg","ads_advertising.jpg",".jpg","22363","0.021","28/10/47 01:06:36 م"
"07_alzaeem_windows_ready\ALZaeem_Windows_Ready\optional_fooocus_source\sdxl_styles\samples\ads_automotive.jpg","D:\zzipp\جي بي\الكميرا\_organized_generation_workspace_20260612\07_alzaeem_windows_ready\ALZaeem_Windows_Ready\optional_fooocus_source\sdxl_styles\samples\ads_automotive.jpg","ads_automotive.jpg",".jpg","17314","0.017","28/10/47 01:06:36 م"
"07_alzaeem_windows_ready\ALZaeem_Windows_Ready\optional_fooocus_source\sdxl_styles\samples\ads_corporate.jpg","D:\zzipp\جي بي\الكميرا\_organized_generation_workspace_20260612\07_alzaeem_windows_ready\ALZaeem_Windows_Ready\optional_fooocus_source\sdxl_styles\samples\ads_corporate.jpg","ads_corporate.jpg",".jpg","12076","0.012","28/10/47 01:06:36 م"
"07_alzaeem_windows_ready\ALZaeem_Windows_Ready\optional_fooocus_source\sdxl_styles\samples\ads_fashion_editorial.jpg","D:\zzipp\جي بي\الكميرا\_organized_generation_workspace_20260612\07_alzaeem_windows_ready\ALZaeem_Windows_Ready\optional_fooocus_source\sdxl_styles\samples\ads_fashion_editorial.jpg","ads_fashion_editorial.jpg",".jpg","20181","0.019","28/10/47 01:06:36 م"
"07_alzaeem_windows_ready\ALZaeem_Windows_Ready\optional_fooocus_source\sdxl_styles\samples\ads_food_photography.jpg","D:\zzipp\جي بي\الكميرا\_organized_generation_workspace_20260612\07_alzaeem_windows_ready\ALZaeem_Windows_Ready\optional_fooocus_source\sdxl_styles\samples\ads_food_photography.jpg","ads_food_photography.jpg",".jpg","21856","0.021","28/10/47 01:06:36 م"
"07_alzaeem_windows_ready\ALZaeem_Windows_Ready\optional_fooocus_source\sdxl_styles\samples\ads_gourmet_food_photography.jpg","D:\zzipp\جي بي\الكميرا\_organized_generation_workspace_20260612\07_alzaeem_windows_ready\ALZaeem_Windows_Ready\optional_fooocus_source\sdxl_styles\samples\ads_gourmet_food_photography.jpg","ads_gourmet_food_photography.jpg",".jpg","29371","0.028","28/10/47 01:06:36 م"
"07_alzaeem_windows_ready\ALZaeem_Windows_Ready\optional_fooocus_source\sdxl_styles\samples\ads_luxury.jpg","D:\zzipp\جي بي\الكميرا\_organized_generation_workspace_20260612\07_alzaeem_windows_ready\ALZaeem_Windows_Ready\optional_fooocus_source\sdxl_styles\samples\ads_luxury.jpg","ads_luxury.jpg",".jpg","19954","0.019","28/10/47 01:06:36 م"
"07_alzaeem_windows_ready\ALZaeem_Windows_Ready\optional_fooocus_source\sdxl_styles\samples\ads_real_estate.jpg","D:\zzipp\جي بي\الكميرا\_organized_generation_workspace_20260612\07_alzaeem_windows_ready\ALZaeem_Windows_Ready\optional_fooocus_source\sdxl_styles\samples\ads_real_estate.jpg","ads_real_estate.jpg",".jpg","22476","0.021","28/10/47 01:06:36 م"
"07_alzaeem_windows_ready\ALZaeem_Windows_Ready\optional_fooocus_source\sdxl_styles\samples\ads_retail.jpg","D:\zzipp\جي بي\الكميرا\_organized_generation_workspace_20260612\07_alzaeem_windows_ready\ALZaeem_Windows_Ready\optional_fooocus_source\sdxl_styles\samples\ads_retail.jpg","ads_retail.jpg",".jpg","26148","0.025","28/10/47 01:06:36 م"
"07_alzaeem_windows_ready\ALZaeem_Windows_Ready\optional_fooocus_source\sdxl_styles\samples\art_deco.jpg","D:\zzipp\جي بي\الكميرا\_organized_generation_workspace_20260612\07_alzaeem_windows_ready\ALZaeem_Windows_Ready\optional_fooocus_source\sdxl_styles\samples\art_deco.jpg","art_deco.jpg",".jpg","30234","0.029","28/10/47 01:06:36 م"
"07_alzaeem_windows_ready\ALZaeem_Windows_Ready\optional_fooocus_source\sdxl_styles\samples\art_nouveau.jpg","D:\zzipp\جي بي\الكميرا\_organized_generation_workspace_20260612\07_alzaeem_windows_ready\ALZaeem_Windows_Ready\optional_fooocus_source\sdxl_styles\samples\art_nouveau.jpg","art_nouveau.jpg",".jpg","36642","0.035","28/10/47 01:06:36 م"
"07_alzaeem_windows_ready\ALZaeem_Windows_Ready\optional_fooocus_source\sdxl_styles\samples\artstyle_abstract_expressionism.jpg","D:\zzipp\جي بي\الكميرا\_organized_generation_workspace_20260612\07_alzaeem_windows_ready\ALZaeem_Windows_Ready\optional_fooocus_source\sdxl_styles\samples\artstyle_abstract_expressionism.jpg","artstyle_abstract_expressionism.jpg",".jpg","43068","0.041","28/10/47 01:06:36 م"
"07_alzaeem_windows_ready\ALZaeem_Windows_Ready\optional_fooocus_source\sdxl_styles\samples\artstyle_abstract.jpg","D:\zzipp\جي بي\الكميرا\_organized_generation_workspace_20260612\07_alzaeem_windows_ready\ALZaeem_Windows_Ready\optional_fooocus_source\sdxl_styles\samples\artstyle_abstract.jpg","artstyle_abstract.jpg",".jpg","39894","0.038","28/10/47 01:06:36 م"
"07_alzaeem_windows_ready\ALZaeem_Windows_Ready\optional_fooocus_source\sdxl_styles\samples\artstyle_art_deco.jpg","D:\zzipp\جي بي\الكميرا\_organized_generation_workspace_20260612\07_alzaeem_windows_ready\ALZaeem_Windows_Ready\optional_fooocus_source\sdxl_styles\samples\artstyle_art_deco.jpg","artstyle_art_deco.jpg",".jpg","46954","0.045","28/10/47 01:06:36 م"
"07_alzaeem_windows_ready\ALZaeem_Windows_Ready\optional_fooocus_source\sdxl_styles\samples\artstyle_art_nouveau.jpg","D:\zzipp\جي بي\الكميرا\_organized_generation_workspace_20260612\07_alzaeem_windows_ready\ALZaeem_Windows_Ready\optional_fooocus_source\sdxl_styles\samples\artstyle_art_nouveau.jpg","artstyle_art_nouveau.jpg",".jpg","41408","0.039","28/10/47 01:06:36 م"
"07_alzaeem_windows_ready\ALZaeem_Windows_Ready\optional_fooocus_source\sdxl_styles\samples\artstyle_constructivist.jpg","D:\zzipp\جي بي\الكميرا\_organized_generation_workspace_20260612\07_alzaeem_windows_ready\ALZaeem_Windows_Ready\optional_fooocus_source\sdxl_styles\samples\artstyle_constructivist.jpg","artstyle_constructivist.jpg",".jpg","29065","0.028","28/10/47 01:06:36 م"
"07_alzaeem_windows_ready\ALZaeem_Windows_Ready\optional_fooocus_source\sdxl_styles\samples\artstyle_cubist.jpg","D:\zzipp\جي بي\الكميرا\_organized_generation_workspace_20260612\07_alzaeem_windows_ready\ALZaeem_Windows_Ready\optional_fooocus_source\sdxl_styles\samples\artstyle_cubist.jpg","artstyle_cubist.jpg",".jpg","23538","0.022","28/10/47 01:06:36 م"
"07_alzaeem_windows_ready\ALZaeem_Windows_Ready\optional_fooocus_source\sdxl_styles\samples\artstyle_expressionist.jpg","D:\zzipp\جي بي\الكميرا\_organized_generation_workspace_20260612\07_alzaeem_windows_ready\ALZaeem_Windows_Ready\optional_fooocus_source\sdxl_styles\samples\artstyle_expressionist.jpg","artstyle_expressionist.jpg",".jpg","43406","0.041","28/10/47 01:06:36 م"
"07_alzaeem_windows_ready\ALZaeem_Windows_Ready\optional_fooocus_source\sdxl_styles\samples\artstyle_graffiti.jpg","D:\zzipp\جي بي\الكميرا\_organized_generation_workspace_20260612\07_alzaeem_windows_ready\ALZaeem_Windows_Ready\optional_fooocus_source\sdxl_styles\samples\artstyle_graffiti.jpg","artstyle_graffiti.jpg",".jpg","39353","0.038","28/10/47 01:06:36 م"
"07_alzaeem_windows_ready\ALZaeem_Windows_Ready\optional_fooocus_source\sdxl_styles\samples\artstyle_hyperrealism.jpg","D:\zzipp\جي بي\الكميرا\_organized_generation_workspace_20260612\07_alzaeem_windows_ready\ALZaeem_Windows_Ready\optional_fooocus_source\sdxl_styles\samples\artstyle_hyperrealism.jpg","artstyle_hyperrealism.jpg",".jpg","23905","0.023","28/10/47 01:06:36 م"
"07_alzaeem_windows_ready\ALZaeem_Windows_Ready\optional_fooocus_source\sdxl_styles\samples\artstyle_impressionist.jpg","D:\zzipp\جي بي\الكميرا\_organized_generation_workspace_20260612\07_alzaeem_windows_ready\ALZaeem_Windows_Ready\optional_fooocus_source\sdxl_styles\samples\artstyle_impressionist.jpg","artstyle_impressionist.jpg",".jpg","30077","0.029","28/10/47 01:06:36 م"
"07_alzaeem_windows_ready\ALZaeem_Windows_Ready\optional_fooocus_source\sdxl_styles\samples\artstyle_pointillism.jpg","D:\zzipp\جي بي\الكميرا\_organized_generation_workspace_20260612\07_alzaeem_windows_ready\ALZaeem_Windows_Ready\optional_fooocus_source\sdxl_styles\samples\artstyle_pointillism.jpg","artstyle_pointillism.jpg",".jpg","39952","0.038","28/10/47 01:06:36 م"
"07_alzaeem_windows_ready\ALZaeem_Windows_Ready\optional_fooocus_source\sdxl_styles\samples\artstyle_pop_art.jpg","D:\zzipp\جي بي\الكميرا\_organized_generation_workspace_20260612\07_alzaeem_windows_ready\ALZaeem_Windows_Ready\optional_fooocus_source\sdxl_styles\samples\artstyle_pop_art.jpg","artstyle_pop_art.jpg",".jpg","37929","0.036","28/10/47 01:06:36 م"
"07_alzaeem_windows_ready\ALZaeem_Windows_Ready\optional_fooocus_source\sdxl_styles\samples\artstyle_psychedelic.jpg","D:\zzipp\جي بي\الكميرا\_organized_generation_workspace_20260612\07_alzaeem_windows_ready\ALZaeem_Windows_Ready\optional_fooocus_source\sdxl_styles\samples\artstyle_psychedelic.jpg","artstyle_psychedelic.jpg",".jpg","47578","0.045","28/10/47 01:06:36 م"
"07_alzaeem_windows_ready\ALZaeem_Windows_Ready\optional_fooocus_source\sdxl_styles\samples\artstyle_renaissance.jpg","D:\zzipp\جي بي\الكميرا\_organized_generation_workspace_20260612\07_alzaeem_windows_ready\ALZaeem_Windows_Ready\optional_fooocus_source\sdxl_styles\samples\artstyle_renaissance.jpg","artstyle_renaissance.jpg",".jpg","25526","0.024","28/10/47 01:06:36 م"
"07_alzaeem_windows_ready\ALZaeem_Windows_Ready\optional_fooocus_source\sdxl_styles\samples\artstyle_steampunk.jpg","D:\zzipp\جي بي\الكميرا\_organized_generation_workspace_20260612\07_alzaeem_windows_ready\ALZaeem_Windows_Ready\optional_fooocus_source\sdxl_styles\samples\artstyle_steampunk.jpg","artstyle_steampunk.jpg",".jpg","25161","0.024","28/10/47 01:06:36 م"
"07_alzaeem_windows_ready\ALZaeem_Windows_Ready\optional_fooocus_source\sdxl_styles\samples\artstyle_surrealist.jpg","D:\zzipp\جي بي\الكميرا\_organized_generation_workspace_20260612\07_alzaeem_windows_ready\ALZaeem_Windows_Ready\optional_fooocus_source\sdxl_styles\samples\artstyle_surrealist.jpg","artstyle_surrealist.jpg",".jpg","26451","0.025","28/10/47 01:06:36 م"
"07_alzaeem_windows_ready\ALZaeem_Windows_Ready\optional_fooocus_source\sdxl_styles\samples\artstyle_typography.jpg","D:\zzipp\جي بي\الكميرا\_organized_generation_workspace_20260612\07_alzaeem_windows_ready\ALZaeem_Windows_Ready\optional_fooocus_source\sdxl_styles\samples\artstyle_typography.jpg","artstyle_typography.jpg",".jpg","28071","0.027","28/10/47 01:06:36 م"
"07_alzaeem_windows_ready\ALZaeem_Windows_Ready\optional_fooocus_source\sdxl_styles\samples\artstyle_watercolor.jpg","D:\zzipp\جي بي\الكميرا\_organized_generation_workspace_20260612\07_alzaeem_windows_ready\ALZaeem_Windows_Ready\optional_fooocus_source\sdxl_styles\samples\artstyle_watercolor.jpg","artstyle_watercolor.jpg",".jpg","33534","0.032","28/10/47 01:06:36 م"
"07_alzaeem_windows_ready\ALZaeem_Windows_Ready\optional_fooocus_source\sdxl_styles\samples\astral_aura.jpg","D:\zzipp\جي بي\الكميرا\_organized_generation_workspace_20260612\07_alzaeem_windows_ready\ALZaeem_Windows_Ready\optional_fooocus_source\sdxl_styles\samples\astral_aura.jpg","astral_aura.jpg",".jpg","32543","0.031","28/10/47 01:06:36 م"
"07_alzaeem_windows_ready\ALZaeem_Windows_Ready\optional_fooocus_source\sdxl_styles\samples\avant_garde.jpg","D:\zzipp\جي بي\الكميرا\_organized_generation_workspace_20260612\07_alzaeem_windows_ready\ALZaeem_Windows_Ready\optional_fooocus_source\sdxl_styles\samples\avant_garde.jpg","avant_garde.jpg",".jpg","18204","0.017","28/10/47 01:06:36 م"
"07_alzaeem_windows_ready\ALZaeem_Windows_Ready\optional_fooocus_source\sdxl_styles\samples\baroque.jpg","D:\zzipp\جي بي\الكميرا\_organized_generation_workspace_20260612\07_alzaeem_windows_ready\ALZaeem_Windows_Ready\optional_fooocus_source\sdxl_styles\samples\baroque.jpg","baroque.jpg",".jpg","33789","0.032","28/10/47 01:06:36 م"
"07_alzaeem_windows_ready\ALZaeem_Windows_Ready\optional_fooocus_source\sdxl_styles\samples\bauhaus_style_poster.jpg","D:\zzipp\جي بي\الكميرا\_organized_generation_workspace_20260612\07_alzaeem_windows_ready\ALZaeem_Windows_Ready\optional_fooocus_source\sdxl_styles\samples\bauhaus_style_poster.jpg","bauhaus_style_poster.jpg",".jpg","24066","0.023","28/10/47 01:06:36 م"
"07_alzaeem_windows_ready\ALZaeem_Windows_Ready\optional_fooocus_source\sdxl_styles\samples\blueprint_schematic_drawing.jpg","D:\zzipp\جي بي\الكميرا\_organized_generation_workspace_20260612\07_alzaeem_windows_ready\ALZaeem_Windows_Ready\optional_fooocus_source\sdxl_styles\samples\blueprint_schematic_drawing.jpg","blueprint_schematic_drawing.jpg",".jpg","17659","0.017","28/10/47 01:06:36 م"
"07_alzaeem_windows_ready\ALZaeem_Windows_Ready\optional_fooocus_source\sdxl_styles\samples\caricature.jpg","D:\zzipp\جي بي\الكميرا\_organized_generation_workspace_20260612\07_alzaeem_windows_ready\ALZaeem_Windows_Ready\optional_fooocus_source\sdxl_styles\samples\caricature.jpg","caricature.jpg",".jpg","25523","0.024","28/10/47 01:06:36 م"
"07_alzaeem_windows_ready\ALZaeem_Windows_Ready\optional_fooocus_source\sdxl_styles\samples\cel_shaded_art.jpg","D:\zzipp\جي بي\الكميرا\_organized_generation_workspace_20260612\07_alzaeem_windows_ready\ALZaeem_Windows_Ready\optional_fooocus_source\sdxl_styles\samples\cel_shaded_art.jpg","cel_shaded_art.jpg",".jpg","21970","0.021","28/10/47 01:06:36 م"
"07_alzaeem_windows_ready\ALZaeem_Windows_Ready\optional_fooocus_source\sdxl_styles\samples\character_design_sheet.jpg","D:\zzipp\جي بي\الكميرا\_organized_generation_workspace_20260612\07_alzaeem_windows_ready\ALZaeem_Windows_Ready\optional_fooocus_source\sdxl_styles\samples\character_design_sheet.jpg","character_design_sheet.jpg",".jpg","30771","0.029","28/10/47 01:06:36 م"
"07_alzaeem_windows_ready\ALZaeem_Windows_Ready\optional_fooocus_source\sdxl_styles\samples\cinematic_diva.jpg","D:\zzipp\جي بي\الكميرا\_organized_generation_workspace_20260612\07_alzaeem_windows_ready\ALZaeem_Windows_Ready\optional_fooocus_source\sdxl_styles\samples\cinematic_diva.jpg","cinematic_diva.jpg",".jpg","27446","0.026","28/10/47 01:06:36 م"
"07_alzaeem_windows_ready\ALZaeem_Windows_Ready\optional_fooocus_source\sdxl_styles\samples\classicism_art.jpg","D:\zzipp\جي بي\الكميرا\_organized_generation_workspace_20260612\07_alzaeem_windows_ready\ALZaeem_Windows_Ready\optional_fooocus_source\sdxl_styles\samples\classicism_art.jpg","classicism_art.jpg",".jpg","26754","0.026","28/10/47 01:06:36 م"
"07_alzaeem_windows_ready\ALZaeem_Windows_Ready\optional_fooocus_source\sdxl_styles\samples\color_field_painting.jpg","D:\zzipp\جي بي\الكميرا\_organized_generation_workspace_20260612\07_alzaeem_windows_ready\ALZaeem_Windows_Ready\optional_fooocus_source\sdxl_styles\samples\color_field_painting.jpg","color_field_painting.jpg",".jpg","25350","0.024","28/10/47 01:06:36 م"
"07_alzaeem_windows_ready\ALZaeem_Windows_Ready\optional_fooocus_source\sdxl_styles\samples\colored_pencil_art.jpg","D:\zzipp\جي بي\الكميرا\_organized_generation_workspace_20260612\07_alzaeem_windows_ready\ALZaeem_Windows_Ready\optional_fooocus_source\sdxl_styles\samples\colored_pencil_art.jpg","colored_pencil_art.jpg",".jpg","28864","0.028","28/10/47 01:06:36 م"
"07_alzaeem_windows_ready\ALZaeem_Windows_Ready\optional_fooocus_source\sdxl_styles\samples\conceptual_art.jpg","D:\zzipp\جي بي\الكميرا\_organized_generation_workspace_20260612\07_alzaeem_windows_ready\ALZaeem_Windows_Ready\optional_fooocus_source\sdxl_styles\samples\conceptual_art.jpg","conceptual_art.jpg",".jpg","20035","0.019","28/10/47 01:06:36 م"
"07_alzaeem_windows_ready\ALZaeem_Windows_Ready\optional_fooocus_source\sdxl_styles\samples\constructivism.jpg","D:\zzipp\جي بي\الكميرا\_organized_generation_workspace_20260612\07_alzaeem_windows_ready\ALZaeem_Windows_Ready\optional_fooocus_source\sdxl_styles\samples\constructivism.jpg","constructivism.jpg",".jpg","18820","0.018","28/10/47 01:06:36 م"
"07_alzaeem_windows_ready\ALZaeem_Windows_Ready\optional_fooocus_source\sdxl_styles\samples\cubism.jpg","D:\zzipp\جي بي\الكميرا\_organized_generation_workspace_20260612\07_alzaeem_windows_ready\ALZaeem_Windows_Ready\optional_fooocus_source\sdxl_styles\samples\cubism.jpg","cubism.jpg",".jpg","31588","0.03","28/10/47 01:06:36 م"
"07_alzaeem_windows_ready\ALZaeem_Windows_Ready\optional_fooocus_source\sdxl_styles\samples\dadaism.jpg","D:\zzipp\جي بي\الكميرا\_organized_generation_workspace_20260612\07_alzaeem_windows_ready\ALZaeem_Windows_Ready\optional_fooocus_source\sdxl_styles\samples\dadaism.jpg","dadaism.jpg",".jpg","29820","0.028","28/10/47 01:06:36 م"
"07_alzaeem_windows_ready\ALZaeem_Windows_Ready\optional_fooocus_source\sdxl_styles\samples\dark_fantasy.jpg","D:\zzipp\جي بي\الكميرا\_organized_generation_workspace_20260612\07_alzaeem_windows_ready\ALZaeem_Windows_Ready\optional_fooocus_source\sdxl_styles\samples\dark_fantasy.jpg","dark_fantasy.jpg",".jpg","22364","0.021","28/10/47 01:06:36 م"
"07_alzaeem_windows_ready\ALZaeem_Windows_Ready\optional_fooocus_source\sdxl_styles\samples\dark_moody_atmosphere.jpg","D:\zzipp\جي بي\الكميرا\_organized_generation_workspace_20260612\07_alzaeem_windows_ready\ALZaeem_Windows_Ready\optional_fooocus_source\sdxl_styles\samples\dark_moody_atmosphere.jpg","dark_moody_atmosphere.jpg",".jpg","14650","0.014","28/10/47 01:06:36 م"
"07_alzaeem_windows_ready\ALZaeem_Windows_Ready\optional_fooocus_source\sdxl_styles\samples\dmt_art_style.jpg","D:\zzipp\جي بي\الكميرا\_organized_generation_workspace_20260612\07_alzaeem_windows_ready\ALZaeem_Windows_Ready\optional_fooocus_source\sdxl_styles\samples\dmt_art_style.jpg","dmt_art_style.jpg",".jpg","47079","0.045","28/10/47 01:06:36 م"
"07_alzaeem_windows_ready\ALZaeem_Windows_Ready\optional_fooocus_source\sdxl_styles\samples\doodle_art.jpg","D:\zzipp\جي بي\الكميرا\_organized_generation_workspace_20260612\07_alzaeem_windows_ready\ALZaeem_Windows_Ready\optional_fooocus_source\sdxl_styles\samples\doodle_art.jpg","doodle_art.jpg",".jpg","23203","0.022","28/10/47 01:06:36 م"
"07_alzaeem_windows_ready\ALZaeem_Windows_Ready\optional_fooocus_source\sdxl_styles\samples\double_exposure.jpg","D:\zzipp\جي بي\الكميرا\_organized_generation_workspace_20260612\07_alzaeem_windows_ready\ALZaeem_Windows_Ready\optional_fooocus_source\sdxl_styles\samples\double_exposure.jpg","double_exposure.jpg",".jpg","24494","0.023","28/10/47 01:06:36 م"
"07_alzaeem_windows_ready\ALZaeem_Windows_Ready\optional_fooocus_source\sdxl_styles\samples\dripping_paint_splatter_art.jpg","D:\zzipp\جي بي\الكميرا\_organized_generation_workspace_20260612\07_alzaeem_windows_ready\ALZaeem_Windows_Ready\optional_fooocus_source\sdxl_styles\samples\dripping_paint_splatter_art.jpg","dripping_paint_splatter_art.jpg",".jpg","29641","0.028","28/10/47 01:06:36 م"
"07_alzaeem_windows_ready\ALZaeem_Windows_Ready\optional_fooocus_source\sdxl_styles\samples\expressionism.jpg","D:\zzipp\جي بي\الكميرا\_organized_generation_workspace_20260612\07_alzaeem_windows_ready\ALZaeem_Windows_Ready\optional_fooocus_source\sdxl_styles\samples\expressionism.jpg","expressionism.jpg",".jpg","36184","0.035","28/10/47 01:06:36 م"
"07_alzaeem_windows_ready\ALZaeem_Windows_Ready\optional_fooocus_source\sdxl_styles\samples\faded_polaroid_photo.jpg","D:\zzipp\جي بي\الكميرا\_organized_generation_workspace_20260612\07_alzaeem_windows_ready\ALZaeem_Windows_Ready\optional_fooocus_source\sdxl_styles\samples\faded_polaroid_photo.jpg","faded_polaroid_photo.jpg",".jpg","21798","0.021","28/10/47 01:06:36 م"
"07_alzaeem_windows_ready\ALZaeem_Windows_Ready\optional_fooocus_source\sdxl_styles\samples\fauvism.jpg","D:\zzipp\جي بي\الكميرا\_organized_generation_workspace_20260612\07_alzaeem_windows_ready\ALZaeem_Windows_Ready\optional_fooocus_source\sdxl_styles\samples\fauvism.jpg","fauvism.jpg",".jpg","39229","0.037","28/10/47 01:06:36 م"
"07_alzaeem_windows_ready\ALZaeem_Windows_Ready\optional_fooocus_source\sdxl_styles\samples\flat_2d_art.jpg","D:\zzipp\جي بي\الكميرا\_organized_generation_workspace_20260612\07_alzaeem_windows_ready\ALZaeem_Windows_Ready\optional_fooocus_source\sdxl_styles\samples\flat_2d_art.jpg","flat_2d_art.jpg",".jpg","17504","0.017","28/10/47 01:06:36 م"
"07_alzaeem_windows_ready\ALZaeem_Windows_Ready\optional_fooocus_source\sdxl_styles\samples\fooocus_cinematic.jpg","D:\zzipp\جي بي\الكميرا\_organized_generation_workspace_20260612\07_alzaeem_windows_ready\ALZaeem_Windows_Ready\optional_fooocus_source\sdxl_styles\samples\fooocus_cinematic.jpg","fooocus_cinematic.jpg",".jpg","25341","0.024","28/10/47 01:06:36 م"
"07_alzaeem_windows_ready\ALZaeem_Windows_Ready\optional_fooocus_source\sdxl_styles\samples\fooocus_enhance.jpg","D:\zzipp\جي بي\الكميرا\_organized_generation_workspace_20260612\07_alzaeem_windows_ready\ALZaeem_Windows_Ready\optional_fooocus_source\sdxl_styles\samples\fooocus_enhance.jpg","fooocus_enhance.jpg",".jpg","23156","0.022","28/10/47 01:06:36 م"
"07_alzaeem_windows_ready\ALZaeem_Windows_Ready\optional_fooocus_source\sdxl_styles\samples\fooocus_masterpiece.jpg","D:\zzipp\جي بي\الكميرا\_organized_generation_workspace_20260612\07_alzaeem_windows_ready\ALZaeem_Windows_Ready\optional_fooocus_source\sdxl_styles\samples\fooocus_masterpiece.jpg","fooocus_masterpiece.jpg",".jpg","21849","0.021","28/10/47 01:06:36 م"
"07_alzaeem_windows_ready\ALZaeem_Windows_Ready\optional_fooocus_source\sdxl_styles\samples\fooocus_negative.jpg","D:\zzipp\جي بي\الكميرا\_organized_generation_workspace_20260612\07_alzaeem_windows_ready\ALZaeem_Windows_Ready\optional_fooocus_source\sdxl_styles\samples\fooocus_negative.jpg","fooocus_negative.jpg",".jpg","23330","0.022","28/10/47 01:06:36 م"
"07_alzaeem_windows_ready\ALZaeem_Windows_Ready\optional_fooocus_source\sdxl_styles\samples\fooocus_photograph.jpg","D:\zzipp\جي بي\الكميرا\_organized_generation_workspace_20260612\07_alzaeem_windows_ready\ALZaeem_Windows_Ready\optional_fooocus_source\sdxl_styles\samples\fooocus_photograph.jpg","fooocus_photograph.jpg",".jpg","25952","0.025","28/10/47 01:06:36 م"
"07_alzaeem_windows_ready\ALZaeem_Windows_Ready\optional_fooocus_source\sdxl_styles\samples\fooocus_pony.jpg","D:\zzipp\جي بي\الكميرا\_organized_generation_workspace_20260612\07_alzaeem_windows_ready\ALZaeem_Windows_Ready\optional_fooocus_source\sdxl_styles\samples\fooocus_pony.jpg","fooocus_pony.jpg",".jpg","5200","0.005","28/10/47 01:06:36 م"
"07_alzaeem_windows_ready\ALZaeem_Windows_Ready\optional_fooocus_source\sdxl_styles\samples\fooocus_semi_realistic.jpg","D:\zzipp\جي بي\الكميرا\_organized_generation_workspace_20260612\07_alzaeem_windows_ready\ALZaeem_Windows_Ready\optional_fooocus_source\sdxl_styles\samples\fooocus_semi_realistic.jpg","fooocus_semi_realistic.jpg",".jpg","8565","0.008","28/10/47 01:06:36 م"
"07_alzaeem_windows_ready\ALZaeem_Windows_Ready\optional_fooocus_source\sdxl_styles\samples\fooocus_sharp.jpg","D:\zzipp\جي بي\الكميرا\_organized_generation_workspace_20260612\07_alzaeem_windows_ready\ALZaeem_Windows_Ready\optional_fooocus_source\sdxl_styles\samples\fooocus_sharp.jpg","fooocus_sharp.jpg",".jpg","23319","0.022","28/10/47 01:06:36 م"
"07_alzaeem_windows_ready\ALZaeem_Windows_Ready\optional_fooocus_source\sdxl_styles\samples\fooocus_v2.jpg","D:\zzipp\جي بي\الكميرا\_organized_generation_workspace_20260612\07_alzaeem_windows_ready\ALZaeem_Windows_Ready\optional_fooocus_source\sdxl_styles\samples\fooocus_v2.jpg","fooocus_v2.jpg",".jpg","24007","0.023","28/10/47 01:06:36 م"
"07_alzaeem_windows_ready\ALZaeem_Windows_Ready\optional_fooocus_source\sdxl_styles\samples\fortnite_art_style.jpg","D:\zzipp\جي بي\الكميرا\_organized_generation_workspace_20260612\07_alzaeem_windows_ready\ALZaeem_Windows_Ready\optional_fooocus_source\sdxl_styles\samples\fortnite_art_style.jpg","fortnite_art_style.jpg",".jpg","25256","0.024","28/10/47 01:06:36 م"
"07_alzaeem_windows_ready\ALZaeem_Windows_Ready\optional_fooocus_source\sdxl_styles\samples\futurism.jpg","D:\zzipp\جي بي\الكميرا\_organized_generation_workspace_20260612\07_alzaeem_windows_ready\ALZaeem_Windows_Ready\optional_fooocus_source\sdxl_styles\samples\futurism.jpg","futurism.jpg",".jpg","33946","0.032","28/10/47 01:06:36 م"
"07_alzaeem_windows_ready\ALZaeem_Windows_Ready\optional_fooocus_source\sdxl_styles\samples\futuristic_biomechanical_cyberpunk.jpg","D:\zzipp\جي بي\الكميرا\_organized_generation_workspace_20260612\07_alzaeem_windows_ready\ALZaeem_Windows_Ready\optional_fooocus_source\sdxl_styles\samples\futuristic_biomechanical_cyberpunk.jpg","futuristic_biomechanical_cyberpunk.jpg",".jpg","22922","0.022","28/10/47 01:06:36 م"
"07_alzaeem_windows_ready\ALZaeem_Windows_Ready\optional_fooocus_source\sdxl_styles\samples\futuristic_biomechanical.jpg","D:\zzipp\جي بي\الكميرا\_organized_generation_workspace_20260612\07_alzaeem_windows_ready\ALZaeem_Windows_Ready\optional_fooocus_source\sdxl_styles\samples\futuristic_biomechanical.jpg","futuristic_biomechanical.jpg",".jpg","21898","0.021","28/10/47 01:06:36 م"
"07_alzaeem_windows_ready\ALZaeem_Windows_Ready\optional_fooocus_source\sdxl_styles\samples\futuristic_cybernetic_robot.jpg","D:\zzipp\جي بي\الكميرا\_organized_generation_workspace_20260612\07_alzaeem_windows_ready\ALZaeem_Windows_Ready\optional_fooocus_source\sdxl_styles\samples\futuristic_cybernetic_robot.jpg","futuristic_cybernetic_robot.jpg",".jpg","23059","0.022","28/10/47 01:06:36 م"
"07_alzaeem_windows_ready\ALZaeem_Windows_Ready\optional_fooocus_source\sdxl_styles\samples\futuristic_cybernetic.jpg","D:\zzipp\جي بي\الكميرا\_organized_generation_workspace_20260612\07_alzaeem_windows_ready\ALZaeem_Windows_Ready\optional_fooocus_source\sdxl_styles\samples\futuristic_cybernetic.jpg","futuristic_cybernetic.jpg",".jpg","21767","0.021","28/10/47 01:06:36 م"
"07_alzaeem_windows_ready\ALZaeem_Windows_Ready\optional_fooocus_source\sdxl_styles\samples\futuristic_cyberpunk_cityscape.jpg","D:\zzipp\جي بي\الكميرا\_organized_generation_workspace_20260612\07_alzaeem_windows_ready\ALZaeem_Windows_Ready\optional_fooocus_source\sdxl_styles\samples\futuristic_cyberpunk_cityscape.jpg","futuristic_cyberpunk_cityscape.jpg",".jpg","36249","0.035","28/10/47 01:06:36 م"
"07_alzaeem_windows_ready\ALZaeem_Windows_Ready\optional_fooocus_source\sdxl_styles\samples\futuristic_futuristic.jpg","D:\zzipp\جي بي\الكميرا\_organized_generation_workspace_20260612\07_alzaeem_windows_ready\ALZaeem_Windows_Ready\optional_fooocus_source\sdxl_styles\samples\futuristic_futuristic.jpg","futuristic_futuristic.jpg",".jpg","19352","0.018","28/10/47 01:06:36 م"
"07_alzaeem_windows_ready\ALZaeem_Windows_Ready\optional_fooocus_source\sdxl_styles\samples\futuristic_retro_cyberpunk.jpg","D:\zzipp\جي بي\الكميرا\_organized_generation_workspace_20260612\07_alzaeem_windows_ready\ALZaeem_Windows_Ready\optional_fooocus_source\sdxl_styles\samples\futuristic_retro_cyberpunk.jpg","futuristic_retro_cyberpunk.jpg",".jpg","35526","0.034","28/10/47 01:06:36 م"
"07_alzaeem_windows_ready\ALZaeem_Windows_Ready\optional_fooocus_source\sdxl_styles\samples\futuristic_retro_futurism.jpg","D:\zzipp\جي بي\الكميرا\_organized_generation_workspace_20260612\07_alzaeem_windows_ready\ALZaeem_Windows_Ready\optional_fooocus_source\sdxl_styles\samples\futuristic_retro_futurism.jpg","futuristic_retro_futurism.jpg",".jpg","33230","0.032","28/10/47 01:06:36 م"
"07_alzaeem_windows_ready\ALZaeem_Windows_Ready\optional_fooocus_source\sdxl_styles\samples\futuristic_sci_fi.jpg","D:\zzipp\جي بي\الكميرا\_organized_generation_workspace_20260612\07_alzaeem_windows_ready\ALZaeem_Windows_Ready\optional_fooocus_source\sdxl_styles\samples\futuristic_sci_fi.jpg","futuristic_sci_fi.jpg",".jpg","24144","0.023","28/10/47 01:06:36 م"
"07_alzaeem_windows_ready\ALZaeem_Windows_Ready\optional_fooocus_source\sdxl_styles\samples\futuristic_vaporwave.jpg","D:\zzipp\جي بي\الكميرا\_organized_generation_workspace_20260612\07_alzaeem_windows_ready\ALZaeem_Windows_Ready\optional_fooocus_source\sdxl_styles\samples\futuristic_vaporwave.jpg","futuristic_vaporwave.jpg",".jpg","35793","0.034","28/10/47 01:06:36 م"
"07_alzaeem_windows_ready\ALZaeem_Windows_Ready\optional_fooocus_source\sdxl_styles\samples\game_bubble_bobble.jpg","D:\zzipp\جي بي\الكميرا\_organized_generation_workspace_20260612\07_alzaeem_windows_ready\ALZaeem_Windows_Ready\optional_fooocus_source\sdxl_styles\samples\game_bubble_bobble.jpg","game_bubble_bobble.jpg",".jpg","28292","0.027","28/10/47 01:06:36 م"
"07_alzaeem_windows_ready\ALZaeem_Windows_Ready\optional_fooocus_source\sdxl_styles\samples\game_cyberpunk_game.jpg","D:\zzipp\جي بي\الكميرا\_organized_generation_workspace_20260612\07_alzaeem_windows_ready\ALZaeem_Windows_Ready\optional_fooocus_source\sdxl_styles\samples\game_cyberpunk_game.jpg","game_cyberpunk_game.jpg",".jpg","33820","0.032","28/10/47 01:06:36 م"
"07_alzaeem_windows_ready\ALZaeem_Windows_Ready\optional_fooocus_source\sdxl_styles\samples\game_fighting_game.jpg","D:\zzipp\جي بي\الكميرا\_organized_generation_workspace_20260612\07_alzaeem_windows_ready\ALZaeem_Windows_Ready\optional_fooocus_source\sdxl_styles\samples\game_fighting_game.jpg","game_fighting_game.jpg",".jpg","28083","0.027","28/10/47 01:06:36 م"
"07_alzaeem_windows_ready\ALZaeem_Windows_Ready\optional_fooocus_source\sdxl_styles\samples\game_gta.jpg","D:\zzipp\جي بي\الكميرا\_organized_generation_workspace_20260612\07_alzaeem_windows_ready\ALZaeem_Windows_Ready\optional_fooocus_source\sdxl_styles\samples\game_gta.jpg","game_gta.jpg",".jpg","38714","0.037","28/10/47 01:06:36 م"
"07_alzaeem_windows_ready\ALZaeem_Windows_Ready\optional_fooocus_source\sdxl_styles\samples\game_mario.jpg","D:\zzipp\جي بي\الكميرا\_organized_generation_workspace_20260612\07_alzaeem_windows_ready\ALZaeem_Windows_Ready\optional_fooocus_source\sdxl_styles\samples\game_mario.jpg","game_mario.jpg",".jpg","22911","0.022","28/10/47 01:06:36 م"
"07_alzaeem_windows_ready\ALZaeem_Windows_Ready\optional_fooocus_source\sdxl_styles\samples\game_minecraft.jpg","D:\zzipp\جي بي\الكميرا\_organized_generation_workspace_20260612\07_alzaeem_windows_ready\ALZaeem_Windows_Ready\optional_fooocus_source\sdxl_styles\samples\game_minecraft.jpg","game_minecraft.jpg",".jpg","27250","0.026","28/10/47 01:06:36 م"
"07_alzaeem_windows_ready\ALZaeem_Windows_Ready\optional_fooocus_source\sdxl_styles\samples\game_pokemon.jpg","D:\zzipp\جي بي\الكميرا\_organized_generation_workspace_20260612\07_alzaeem_windows_ready\ALZaeem_Windows_Ready\optional_fooocus_source\sdxl_styles\samples\game_pokemon.jpg","game_pokemon.jpg",".jpg","23637","0.023","28/10/47 01:06:36 م"
"07_alzaeem_windows_ready\ALZaeem_Windows_Ready\optional_fooocus_source\sdxl_styles\samples\game_retro_arcade.jpg","D:\zzipp\جي بي\الكميرا\_organized_generation_workspace_20260612\07_alzaeem_windows_ready\ALZaeem_Windows_Ready\optional_fooocus_source\sdxl_styles\samples\game_retro_arcade.jpg","game_retro_arcade.jpg",".jpg","25434","0.024","28/10/47 01:06:36 م"
"07_alzaeem_windows_ready\ALZaeem_Windows_Ready\optional_fooocus_source\sdxl_styles\samples\game_retro_game.jpg","D:\zzipp\جي بي\الكميرا\_organized_generation_workspace_20260612\07_alzaeem_windows_ready\ALZaeem_Windows_Ready\optional_fooocus_source\sdxl_styles\samples\game_retro_game.jpg","game_retro_game.jpg",".jpg","40854","0.039","28/10/47 01:06:36 م"
"07_alzaeem_windows_ready\ALZaeem_Windows_Ready\optional_fooocus_source\sdxl_styles\samples\game_rpg_fantasy_game.jpg","D:\zzipp\جي بي\الكميرا\_organized_generation_workspace_20260612\07_alzaeem_windows_ready\ALZaeem_Windows_Ready\optional_fooocus_source\sdxl_styles\samples\game_rpg_fantasy_game.jpg","game_rpg_fantasy_game.jpg",".jpg","31778","0.03","28/10/47 01:06:36 م"
"07_alzaeem_windows_ready\ALZaeem_Windows_Ready\optional_fooocus_source\sdxl_styles\samples\game_strategy_game.jpg","D:\zzipp\جي بي\الكميرا\_organized_generation_workspace_20260612\07_alzaeem_windows_ready\ALZaeem_Windows_Ready\optional_fooocus_source\sdxl_styles\samples\game_strategy_game.jpg","game_strategy_game.jpg",".jpg","40624","0.039","28/10/47 01:06:36 م"
"07_alzaeem_windows_ready\ALZaeem_Windows_Ready\optional_fooocus_source\sdxl_styles\samples\game_streetfighter.jpg","D:\zzipp\جي بي\الكميرا\_organized_generation_workspace_20260612\07_alzaeem_windows_ready\ALZaeem_Windows_Ready\optional_fooocus_source\sdxl_styles\samples\game_streetfighter.jpg","game_streetfighter.jpg",".jpg","30223","0.029","28/10/47 01:06:36 م"
"07_alzaeem_windows_ready\ALZaeem_Windows_Ready\optional_fooocus_source\sdxl_styles\samples\game_zelda.jpg","D:\zzipp\جي بي\الكميرا\_organized_generation_workspace_20260612\07_alzaeem_windows_ready\ALZaeem_Windows_Ready\optional_fooocus_source\sdxl_styles\samples\game_zelda.jpg","game_zelda.jpg",".jpg","25663","0.024","28/10/47 01:06:36 م"
"07_alzaeem_windows_ready\ALZaeem_Windows_Ready\optional_fooocus_source\sdxl_styles\samples\glitchcore.jpg","D:\zzipp\جي بي\الكميرا\_organized_generation_workspace_20260612\07_alzaeem_windows_ready\ALZaeem_Windows_Ready\optional_fooocus_source\sdxl_styles\samples\glitchcore.jpg","glitchcore.jpg",".jpg","34579","0.033","28/10/47 01:06:36 م"
"07_alzaeem_windows_ready\ALZaeem_Windows_Ready\optional_fooocus_source\sdxl_styles\samples\glo_fi.jpg","D:\zzipp\جي بي\الكميرا\_organized_generation_workspace_20260612\07_alzaeem_windows_ready\ALZaeem_Windows_Ready\optional_fooocus_source\sdxl_styles\samples\glo_fi.jpg","glo_fi.jpg",".jpg","36145","0.034","28/10/47 01:06:36 م"
"07_alzaeem_windows_ready\ALZaeem_Windows_Ready\optional_fooocus_source\sdxl_styles\samples\googie_art_style.jpg","D:\zzipp\جي بي\الكميرا\_organized_generation_workspace_20260612\07_alzaeem_windows_ready\ALZaeem_Windows_Ready\optional_fooocus_source\sdxl_styles\samples\googie_art_style.jpg","googie_art_style.jpg",".jpg","27940","0.027","28/10/47 01:06:36 م"
"07_alzaeem_windows_ready\ALZaeem_Windows_Ready\optional_fooocus_source\sdxl_styles\samples\graffiti_art.jpg","D:\zzipp\جي بي\الكميرا\_organized_generation_workspace_20260612\07_alzaeem_windows_ready\ALZaeem_Windows_Ready\optional_fooocus_source\sdxl_styles\samples\graffiti_art.jpg","graffiti_art.jpg",".jpg","41525","0.04","28/10/47 01:06:36 م"
"07_alzaeem_windows_ready\ALZaeem_Windows_Ready\optional_fooocus_source\sdxl_styles\samples\harlem_renaissance_art.jpg","D:\zzipp\جي بي\الكميرا\_organized_generation_workspace_20260612\07_alzaeem_windows_ready\ALZaeem_Windows_Ready\optional_fooocus_source\sdxl_styles\samples\harlem_renaissance_art.jpg","harlem_renaissance_art.jpg",".jpg","36673","0.035","28/10/47 01:06:36 م"
"07_alzaeem_windows_ready\ALZaeem_Windows_Ready\optional_fooocus_source\sdxl_styles\samples\high_fashion.jpg","D:\zzipp\جي بي\الكميرا\_organized_generation_workspace_20260612\07_alzaeem_windows_ready\ALZaeem_Windows_Ready\optional_fooocus_source\sdxl_styles\samples\high_fashion.jpg","high_fashion.jpg",".jpg","22049","0.021","28/10/47 01:06:36 م"
"07_alzaeem_windows_ready\ALZaeem_Windows_Ready\optional_fooocus_source\sdxl_styles\samples\idyllic.jpg","D:\zzipp\جي بي\الكميرا\_organized_generation_workspace_20260612\07_alzaeem_windows_ready\ALZaeem_Windows_Ready\optional_fooocus_source\sdxl_styles\samples\idyllic.jpg","idyllic.jpg",".jpg","24524","0.023","28/10/47 01:06:36 م"
"07_alzaeem_windows_ready\ALZaeem_Windows_Ready\optional_fooocus_source\sdxl_styles\samples\impressionism.jpg","D:\zzipp\جي بي\الكميرا\_organized_generation_workspace_20260612\07_alzaeem_windows_ready\ALZaeem_Windows_Ready\optional_fooocus_source\sdxl_styles\samples\impressionism.jpg","impressionism.jpg",".jpg","32614","0.031","28/10/47 01:06:36 م"
"07_alzaeem_windows_ready\ALZaeem_Windows_Ready\optional_fooocus_source\sdxl_styles\samples\infographic_drawing.jpg","D:\zzipp\جي بي\الكميرا\_organized_generation_workspace_20260612\07_alzaeem_windows_ready\ALZaeem_Windows_Ready\optional_fooocus_source\sdxl_styles\samples\infographic_drawing.jpg","infographic_drawing.jpg",".jpg","27721","0.026","28/10/47 01:06:36 م"
"07_alzaeem_windows_ready\ALZaeem_Windows_Ready\optional_fooocus_source\sdxl_styles\samples\ink_dripping_drawing.jpg","D:\zzipp\جي بي\الكميرا\_organized_generation_workspace_20260612\07_alzaeem_windows_ready\ALZaeem_Windows_Ready\optional_fooocus_source\sdxl_styles\samples\ink_dripping_drawing.jpg","ink_dripping_drawing.jpg",".jpg","17893","0.017","28/10/47 01:06:36 م"
"07_alzaeem_windows_ready\ALZaeem_Windows_Ready\optional_fooocus_source\sdxl_styles\samples\japanese_ink_drawing.jpg","D:\zzipp\جي بي\الكميرا\_organized_generation_workspace_20260612\07_alzaeem_windows_ready\ALZaeem_Windows_Ready\optional_fooocus_source\sdxl_styles\samples\japanese_ink_drawing.jpg","japanese_ink_drawing.jpg",".jpg","21805","0.021","28/10/47 01:06:36 م"
"07_alzaeem_windows_ready\ALZaeem_Windows_Ready\optional_fooocus_source\sdxl_styles\samples\knolling_photography.jpg","D:\zzipp\جي بي\الكميرا\_organized_generation_workspace_20260612\07_alzaeem_windows_ready\ALZaeem_Windows_Ready\optional_fooocus_source\sdxl_styles\samples\knolling_photography.jpg","knolling_photography.jpg",".jpg","26087","0.025","28/10/47 01:06:36 م"
"07_alzaeem_windows_ready\ALZaeem_Windows_Ready\optional_fooocus_source\sdxl_styles\samples\light_cheery_atmosphere.jpg","D:\zzipp\جي بي\الكميرا\_organized_generation_workspace_20260612\07_alzaeem_windows_ready\ALZaeem_Windows_Ready\optional_fooocus_source\sdxl_styles\samples\light_cheery_atmosphere.jpg","light_cheery_atmosphere.jpg",".jpg","25779","0.025","28/10/47 01:06:36 م"
"07_alzaeem_windows_ready\ALZaeem_Windows_Ready\optional_fooocus_source\sdxl_styles\samples\logo_design.jpg","D:\zzipp\جي بي\الكميرا\_organized_generation_workspace_20260612\07_alzaeem_windows_ready\ALZaeem_Windows_Ready\optional_fooocus_source\sdxl_styles\samples\logo_design.jpg","logo_design.jpg",".jpg","14496","0.014","28/10/47 01:06:36 م"
"07_alzaeem_windows_ready\ALZaeem_Windows_Ready\optional_fooocus_source\sdxl_styles\samples\luxurious_elegance.jpg","D:\zzipp\جي بي\الكميرا\_organized_generation_workspace_20260612\07_alzaeem_windows_ready\ALZaeem_Windows_Ready\optional_fooocus_source\sdxl_styles\samples\luxurious_elegance.jpg","luxurious_elegance.jpg",".jpg","31242","0.03","28/10/47 01:06:36 م"
"07_alzaeem_windows_ready\ALZaeem_Windows_Ready\optional_fooocus_source\sdxl_styles\samples\macro_photography.jpg","D:\zzipp\جي بي\الكميرا\_organized_generation_workspace_20260612\07_alzaeem_windows_ready\ALZaeem_Windows_Ready\optional_fooocus_source\sdxl_styles\samples\macro_photography.jpg","macro_photography.jpg",".jpg","29688","0.028","28/10/47 01:06:36 م"
"07_alzaeem_windows_ready\ALZaeem_Windows_Ready\optional_fooocus_source\sdxl_styles\samples\mandola_art.jpg","D:\zzipp\جي بي\الكميرا\_organized_generation_workspace_20260612\07_alzaeem_windows_ready\ALZaeem_Windows_Ready\optional_fooocus_source\sdxl_styles\samples\mandola_art.jpg","mandola_art.jpg",".jpg","29440","0.028","28/10/47 01:06:36 م"
"07_alzaeem_windows_ready\ALZaeem_Windows_Ready\optional_fooocus_source\sdxl_styles\samples\marker_drawing.jpg","D:\zzipp\جي بي\الكميرا\_organized_generation_workspace_20260612\07_alzaeem_windows_ready\ALZaeem_Windows_Ready\optional_fooocus_source\sdxl_styles\samples\marker_drawing.jpg","marker_drawing.jpg",".jpg","35027","0.033","28/10/47 01:06:36 م"
"07_alzaeem_windows_ready\ALZaeem_Windows_Ready\optional_fooocus_source\sdxl_styles\samples\medievalism.jpg","D:\zzipp\جي بي\الكميرا\_organized_generation_workspace_20260612\07_alzaeem_windows_ready\ALZaeem_Windows_Ready\optional_fooocus_source\sdxl_styles\samples\medievalism.jpg","medievalism.jpg",".jpg","46579","0.044","28/10/47 01:06:36 م"
"07_alzaeem_windows_ready\ALZaeem_Windows_Ready\optional_fooocus_source\sdxl_styles\samples\minimalism.jpg","D:\zzipp\جي بي\الكميرا\_organized_generation_workspace_20260612\07_alzaeem_windows_ready\ALZaeem_Windows_Ready\optional_fooocus_source\sdxl_styles\samples\minimalism.jpg","minimalism.jpg",".jpg","17664","0.017","28/10/47 01:06:36 م"
"07_alzaeem_windows_ready\ALZaeem_Windows_Ready\optional_fooocus_source\sdxl_styles\samples\misc_architectural.jpg","D:\zzipp\جي بي\الكميرا\_organized_generation_workspace_20260612\07_alzaeem_windows_ready\ALZaeem_Windows_Ready\optional_fooocus_source\sdxl_styles\samples\misc_architectural.jpg","misc_architectural.jpg",".jpg","12479","0.012","28/10/47 01:06:36 م"
"07_alzaeem_windows_ready\ALZaeem_Windows_Ready\optional_fooocus_source\sdxl_styles\samples\misc_disco.jpg","D:\zzipp\جي بي\الكميرا\_organized_generation_workspace_20260612\07_alzaeem_windows_ready\ALZaeem_Windows_Ready\optional_fooocus_source\sdxl_styles\samples\misc_disco.jpg","misc_disco.jpg",".jpg","31828","0.03","28/10/47 01:06:36 م"
"07_alzaeem_windows_ready\ALZaeem_Windows_Ready\optional_fooocus_source\sdxl_styles\samples\misc_dreamscape.jpg","D:\zzipp\جي بي\الكميرا\_organized_generation_workspace_20260612\07_alzaeem_windows_ready\ALZaeem_Windows_Ready\optional_fooocus_source\sdxl_styles\samples\misc_dreamscape.jpg","misc_dreamscape.jpg",".jpg","27416","0.026","28/10/47 01:06:36 م"
"07_alzaeem_windows_ready\ALZaeem_Windows_Ready\optional_fooocus_source\sdxl_styles\samples\misc_dystopian.jpg","D:\zzipp\جي بي\الكميرا\_organized_generation_workspace_20260612\07_alzaeem_windows_ready\ALZaeem_Windows_Ready\optional_fooocus_source\sdxl_styles\samples\misc_dystopian.jpg","misc_dystopian.jpg",".jpg","26652","0.025","28/10/47 01:06:36 م"
"07_alzaeem_windows_ready\ALZaeem_Windows_Ready\optional_fooocus_source\sdxl_styles\samples\misc_fairy_tale.jpg","D:\zzipp\جي بي\الكميرا\_organized_generation_workspace_20260612\07_alzaeem_windows_ready\ALZaeem_Windows_Ready\optional_fooocus_source\sdxl_styles\samples\misc_fairy_tale.jpg","misc_fairy_tale.jpg",".jpg","27944","0.027","28/10/47 01:06:36 م"
"07_alzaeem_windows_ready\ALZaeem_Windows_Ready\optional_fooocus_source\sdxl_styles\samples\misc_gothic.jpg","D:\zzipp\جي بي\الكميرا\_organized_generation_workspace_20260612\07_alzaeem_windows_ready\ALZaeem_Windows_Ready\optional_fooocus_source\sdxl_styles\samples\misc_gothic.jpg","misc_gothic.jpg",".jpg","25484","0.024","28/10/47 01:06:36 م"
"07_alzaeem_windows_ready\ALZaeem_Windows_Ready\optional_fooocus_source\sdxl_styles\samples\misc_grunge.jpg","D:\zzipp\جي بي\الكميرا\_organized_generation_workspace_20260612\07_alzaeem_windows_ready\ALZaeem_Windows_Ready\optional_fooocus_source\sdxl_styles\samples\misc_grunge.jpg","misc_grunge.jpg",".jpg","37391","0.036","28/10/47 01:06:36 م"
"07_alzaeem_windows_ready\ALZaeem_Windows_Ready\optional_fooocus_source\sdxl_styles\samples\misc_horror.jpg","D:\zzipp\جي بي\الكميرا\_organized_generation_workspace_20260612\07_alzaeem_windows_ready\ALZaeem_Windows_Ready\optional_fooocus_source\sdxl_styles\samples\misc_horror.jpg","misc_horror.jpg",".jpg","19612","0.019","28/10/47 01:06:36 م"
"07_alzaeem_windows_ready\ALZaeem_Windows_Ready\optional_fooocus_source\sdxl_styles\samples\misc_kawaii.jpg","D:\zzipp\جي بي\الكميرا\_organized_generation_workspace_20260612\07_alzaeem_windows_ready\ALZaeem_Windows_Ready\optional_fooocus_source\sdxl_styles\samples\misc_kawaii.jpg","misc_kawaii.jpg",".jpg","24538","0.023","28/10/47 01:06:36 م"
"07_alzaeem_windows_ready\ALZaeem_Windows_Ready\optional_fooocus_source\sdxl_styles\samples\misc_lovecraftian.jpg","D:\zzipp\جي بي\الكميرا\_organized_generation_workspace_20260612\07_alzaeem_windows_ready\ALZaeem_Windows_Ready\optional_fooocus_source\sdxl_styles\samples\misc_lovecraftian.jpg","misc_lovecraftian.jpg",".jpg","30186","0.029","28/10/47 01:06:36 م"
"07_alzaeem_windows_ready\ALZaeem_Windows_Ready\optional_fooocus_source\sdxl_styles\samples\misc_macabre.jpg","D:\zzipp\جي بي\الكميرا\_organized_generation_workspace_20260612\07_alzaeem_windows_ready\ALZaeem_Windows_Ready\optional_fooocus_source\sdxl_styles\samples\misc_macabre.jpg","misc_macabre.jpg",".jpg","18237","0.017","28/10/47 01:06:36 م"
"07_alzaeem_windows_ready\ALZaeem_Windows_Ready\optional_fooocus_source\sdxl_styles\samples\misc_manga.jpg","D:\zzipp\جي بي\الكميرا\_organized_generation_workspace_20260612\07_alzaeem_windows_ready\ALZaeem_Windows_Ready\optional_fooocus_source\sdxl_styles\samples\misc_manga.jpg","misc_manga.jpg",".jpg","41095","0.039","28/10/47 01:06:36 م"
"07_alzaeem_windows_ready\ALZaeem_Windows_Ready\optional_fooocus_source\sdxl_styles\samples\misc_metropolis.jpg","D:\zzipp\جي بي\الكميرا\_organized_generation_workspace_20260612\07_alzaeem_windows_ready\ALZaeem_Windows_Ready\optional_fooocus_source\sdxl_styles\samples\misc_metropolis.jpg","misc_metropolis.jpg",".jpg","25659","0.024","28/10/47 01:06:36 م"
"07_alzaeem_windows_ready\ALZaeem_Windows_Ready\optional_fooocus_source\sdxl_styles\samples\misc_minimalist.jpg","D:\zzipp\جي بي\الكميرا\_organized_generation_workspace_20260612\07_alzaeem_windows_ready\ALZaeem_Windows_Ready\optional_fooocus_source\sdxl_styles\samples\misc_minimalist.jpg","misc_minimalist.jpg",".jpg","13395","0.013","28/10/47 01:06:36 م"
"07_alzaeem_windows_ready\ALZaeem_Windows_Ready\optional_fooocus_source\sdxl_styles\samples\misc_monochrome.jpg","D:\zzipp\جي بي\الكميرا\_organized_generation_workspace_20260612\07_alzaeem_windows_ready\ALZaeem_Windows_Ready\optional_fooocus_source\sdxl_styles\samples\misc_monochrome.jpg","misc_monochrome.jpg",".jpg","14690","0.014","28/10/47 01:06:36 م"
"07_alzaeem_windows_ready\ALZaeem_Windows_Ready\optional_fooocus_source\sdxl_styles\samples\misc_nautical.jpg","D:\zzipp\جي بي\الكميرا\_organized_generation_workspace_20260612\07_alzaeem_windows_ready\ALZaeem_Windows_Ready\optional_fooocus_source\sdxl_styles\samples\misc_nautical.jpg","misc_nautical.jpg",".jpg","29630","0.028","28/10/47 01:06:36 م"
"07_alzaeem_windows_ready\ALZaeem_Windows_Ready\optional_fooocus_source\sdxl_styles\samples\misc_space.jpg","D:\zzipp\جي بي\الكميرا\_organized_generation_workspace_20260612\07_alzaeem_windows_ready\ALZaeem_Windows_Ready\optional_fooocus_source\sdxl_styles\samples\misc_space.jpg","misc_space.jpg",".jpg","33012","0.031","28/10/47 01:06:36 م"
"07_alzaeem_windows_ready\ALZaeem_Windows_Ready\optional_fooocus_source\sdxl_styles\samples\misc_stained_glass.jpg","D:\zzipp\جي بي\الكميرا\_organized_generation_workspace_20260612\07_alzaeem_windows_ready\ALZaeem_Windows_Ready\optional_fooocus_source\sdxl_styles\samples\misc_stained_glass.jpg","misc_stained_glass.jpg",".jpg","41526","0.04","28/10/47 01:06:36 م"
"07_alzaeem_windows_ready\ALZaeem_Windows_Ready\optional_fooocus_source\sdxl_styles\samples\misc_techwear_fashion.jpg","D:\zzipp\جي بي\الكميرا\_organized_generation_workspace_20260612\07_alzaeem_windows_ready\ALZaeem_Windows_Ready\optional_fooocus_source\sdxl_styles\samples\misc_techwear_fashion.jpg","misc_techwear_fashion.jpg",".jpg","20697","0.02","28/10/47 01:06:36 م"
"07_alzaeem_windows_ready\ALZaeem_Windows_Ready\optional_fooocus_source\sdxl_styles\samples\misc_tribal.jpg","D:\zzipp\جي بي\الكميرا\_organized_generation_workspace_20260612\07_alzaeem_windows_ready\ALZaeem_Windows_Ready\optional_fooocus_source\sdxl_styles\samples\misc_tribal.jpg","misc_tribal.jpg",".jpg","45155","0.043","28/10/47 01:06:36 م"
"07_alzaeem_windows_ready\ALZaeem_Windows_Ready\optional_fooocus_source\sdxl_styles\samples\misc_zentangle.jpg","D:\zzipp\جي بي\الكميرا\_organized_generation_workspace_20260612\07_alzaeem_windows_ready\ALZaeem_Windows_Ready\optional_fooocus_source\sdxl_styles\samples\misc_zentangle.jpg","misc_zentangle.jpg",".jpg","23940","0.023","28/10/47 01:06:36 م"
"07_alzaeem_windows_ready\ALZaeem_Windows_Ready\optional_fooocus_source\sdxl_styles\samples\mk_adnate_style.jpg","D:\zzipp\جي بي\الكميرا\_organized_generation_workspace_20260612\07_alzaeem_windows_ready\ALZaeem_Windows_Ready\optional_fooocus_source\sdxl_styles\samples\mk_adnate_style.jpg","mk_adnate_style.jpg",".jpg","26738","0.025","28/10/47 01:06:36 م"
"07_alzaeem_windows_ready\ALZaeem_Windows_Ready\optional_fooocus_source\sdxl_styles\samples\mk_afrofuturism.jpg","D:\zzipp\جي بي\الكميرا\_organized_generation_workspace_20260612\07_alzaeem_windows_ready\ALZaeem_Windows_Ready\optional_fooocus_source\sdxl_styles\samples\mk_afrofuturism.jpg","mk_afrofuturism.jpg",".jpg","36045","0.034","28/10/47 01:06:36 م"
"07_alzaeem_windows_ready\ALZaeem_Windows_Ready\optional_fooocus_source\sdxl_styles\samples\mk_albumen_print.jpg","D:\zzipp\جي بي\الكميرا\_organized_generation_workspace_20260612\07_alzaeem_windows_ready\ALZaeem_Windows_Ready\optional_fooocus_source\sdxl_styles\samples\mk_albumen_print.jpg","mk_albumen_print.jpg",".jpg","22720","0.022","28/10/47 01:06:36 م"
"07_alzaeem_windows_ready\ALZaeem_Windows_Ready\optional_fooocus_source\sdxl_styles\samples\mk_alcohol_ink_art.jpg","D:\zzipp\جي بي\الكميرا\_organized_generation_workspace_20260612\07_alzaeem_windows_ready\ALZaeem_Windows_Ready\optional_fooocus_source\sdxl_styles\samples\mk_alcohol_ink_art.jpg","mk_alcohol_ink_art.jpg",".jpg","38324","0.037","28/10/47 01:06:36 م"
"07_alzaeem_windows_ready\ALZaeem_Windows_Ready\optional_fooocus_source\sdxl_styles\samples\mk_andy_warhol.jpg","D:\zzipp\جي بي\الكميرا\_organized_generation_workspace_20260612\07_alzaeem_windows_ready\ALZaeem_Windows_Ready\optional_fooocus_source\sdxl_styles\samples\mk_andy_warhol.jpg","mk_andy_warhol.jpg",".jpg","41526","0.04","28/10/47 01:06:36 م"
"07_alzaeem_windows_ready\ALZaeem_Windows_Ready\optional_fooocus_source\sdxl_styles\samples\mk_anthotype_print.jpg","D:\zzipp\جي بي\الكميرا\_organized_generation_workspace_20260612\07_alzaeem_windows_ready\ALZaeem_Windows_Ready\optional_fooocus_source\sdxl_styles\samples\mk_anthotype_print.jpg","mk_anthotype_print.jpg",".jpg","22678","0.022","28/10/47 01:06:36 م"
"07_alzaeem_windows_ready\ALZaeem_Windows_Ready\optional_fooocus_source\sdxl_styles\samples\mk_aquatint_print.jpg","D:\zzipp\جي بي\الكميرا\_organized_generation_workspace_20260612\07_alzaeem_windows_ready\ALZaeem_Windows_Ready\optional_fooocus_source\sdxl_styles\samples\mk_aquatint_print.jpg","mk_aquatint_print.jpg",".jpg","28331","0.027","28/10/47 01:06:36 م"
"07_alzaeem_windows_ready\ALZaeem_Windows_Ready\optional_fooocus_source\sdxl_styles\samples\mk_atompunk.jpg","D:\zzipp\جي بي\الكميرا\_organized_generation_workspace_20260612\07_alzaeem_windows_ready\ALZaeem_Windows_Ready\optional_fooocus_source\sdxl_styles\samples\mk_atompunk.jpg","mk_atompunk.jpg",".jpg","28608","0.027","28/10/47 01:06:36 م"
"07_alzaeem_windows_ready\ALZaeem_Windows_Ready\optional_fooocus_source\sdxl_styles\samples\mk_basquiat.jpg","D:\zzipp\جي بي\الكميرا\_organized_generation_workspace_20260612\07_alzaeem_windows_ready\ALZaeem_Windows_Ready\optional_fooocus_source\sdxl_styles\samples\mk_basquiat.jpg","mk_basquiat.jpg",".jpg","40186","0.038","28/10/47 01:06:36 م"
"07_alzaeem_windows_ready\ALZaeem_Windows_Ready\optional_fooocus_source\sdxl_styles\samples\mk_bauhaus_style.jpg","D:\zzipp\جي بي\الكميرا\_organized_generation_workspace_20260612\07_alzaeem_windows_ready\ALZaeem_Windows_Ready\optional_fooocus_source\sdxl_styles\samples\mk_bauhaus_style.jpg","mk_bauhaus_style.jpg",".jpg","18747","0.018","28/10/47 01:06:36 م"
"07_alzaeem_windows_ready\ALZaeem_Windows_Ready\optional_fooocus_source\sdxl_styles\samples\mk_blacklight_paint.jpg","D:\zzipp\جي بي\الكميرا\_organized_generation_workspace_20260612\07_alzaeem_windows_ready\ALZaeem_Windows_Ready\optional_fooocus_source\sdxl_styles\samples\mk_blacklight_paint.jpg","mk_blacklight_paint.jpg",".jpg","36144","0.034","28/10/47 01:06:36 م"
"07_alzaeem_windows_ready\ALZaeem_Windows_Ready\optional_fooocus_source\sdxl_styles\samples\mk_bromoil_print.jpg","D:\zzipp\جي بي\الكميرا\_organized_generation_workspace_20260612\07_alzaeem_windows_ready\ALZaeem_Windows_Ready\optional_fooocus_source\sdxl_styles\samples\mk_bromoil_print.jpg","mk_bromoil_print.jpg",".jpg","26433","0.025","28/10/47 01:06:36 م"
"07_alzaeem_windows_ready\ALZaeem_Windows_Ready\optional_fooocus_source\sdxl_styles\samples\mk_calotype_print.jpg","D:\zzipp\جي بي\الكميرا\_organized_generation_workspace_20260612\07_alzaeem_windows_ready\ALZaeem_Windows_Ready\optional_fooocus_source\sdxl_styles\samples\mk_calotype_print.jpg","mk_calotype_print.jpg",".jpg","21738","0.021","28/10/47 01:06:36 م"
"07_alzaeem_windows_ready\ALZaeem_Windows_Ready\optional_fooocus_source\sdxl_styles\samples\mk_carnival_glass.jpg","D:\zzipp\جي بي\الكميرا\_organized_generation_workspace_20260612\07_alzaeem_windows_ready\ALZaeem_Windows_Ready\optional_fooocus_source\sdxl_styles\samples\mk_carnival_glass.jpg","mk_carnival_glass.jpg",".jpg","27955","0.027","28/10/47 01:06:36 م"
"07_alzaeem_windows_ready\ALZaeem_Windows_Ready\optional_fooocus_source\sdxl_styles\samples\mk_chicano_art.jpg","D:\zzipp\جي بي\الكميرا\_organized_generation_workspace_20260612\07_alzaeem_windows_ready\ALZaeem_Windows_Ready\optional_fooocus_source\sdxl_styles\samples\mk_chicano_art.jpg","mk_chicano_art.jpg",".jpg","43541","0.042","28/10/47 01:06:36 م"
"07_alzaeem_windows_ready\ALZaeem_Windows_Ready\optional_fooocus_source\sdxl_styles\samples\mk_chromolithography.jpg","D:\zzipp\جي بي\الكميرا\_organized_generation_workspace_20260612\07_alzaeem_windows_ready\ALZaeem_Windows_Ready\optional_fooocus_source\sdxl_styles\samples\mk_chromolithography.jpg","mk_chromolithography.jpg",".jpg","39890","0.038","28/10/47 01:06:36 م"
"07_alzaeem_windows_ready\ALZaeem_Windows_Ready\optional_fooocus_source\sdxl_styles\samples\mk_cibulak_porcelain.jpg","D:\zzipp\جي بي\الكميرا\_organized_generation_workspace_20260612\07_alzaeem_windows_ready\ALZaeem_Windows_Ready\optional_fooocus_source\sdxl_styles\samples\mk_cibulak_porcelain.jpg","mk_cibulak_porcelain.jpg",".jpg","19593","0.019","28/10/47 01:06:36 م"
"07_alzaeem_windows_ready\ALZaeem_Windows_Ready\optional_fooocus_source\sdxl_styles\samples\mk_color_sketchnote.jpg","D:\zzipp\جي بي\الكميرا\_organized_generation_workspace_20260612\07_alzaeem_windows_ready\ALZaeem_Windows_Ready\optional_fooocus_source\sdxl_styles\samples\mk_color_sketchnote.jpg","mk_color_sketchnote.jpg",".jpg","40562","0.039","28/10/47 01:06:36 م"
"07_alzaeem_windows_ready\ALZaeem_Windows_Ready\optional_fooocus_source\sdxl_styles\samples\mk_coloring_book.jpg","D:\zzipp\جي بي\الكميرا\_organized_generation_workspace_20260612\07_alzaeem_windows_ready\ALZaeem_Windows_Ready\optional_fooocus_source\sdxl_styles\samples\mk_coloring_book.jpg","mk_coloring_book.jpg",".jpg","20531","0.02","28/10/47 01:06:36 م"
"07_alzaeem_windows_ready\ALZaeem_Windows_Ready\optional_fooocus_source\sdxl_styles\samples\mk_constructivism.jpg","D:\zzipp\جي بي\الكميرا\_organized_generation_workspace_20260612\07_alzaeem_windows_ready\ALZaeem_Windows_Ready\optional_fooocus_source\sdxl_styles\samples\mk_constructivism.jpg","mk_constructivism.jpg",".jpg","29021","0.028","28/10/47 01:06:36 م"
"07_alzaeem_windows_ready\ALZaeem_Windows_Ready\optional_fooocus_source\sdxl_styles\samples\mk_cross_processing_print.jpg","D:\zzipp\جي بي\الكميرا\_organized_generation_workspace_20260612\07_alzaeem_windows_ready\ALZaeem_Windows_Ready\optional_fooocus_source\sdxl_styles\samples\mk_cross_processing_print.jpg","mk_cross_processing_print.jpg",".jpg","28999","0.028","28/10/47 01:06:36 م"
"07_alzaeem_windows_ready\ALZaeem_Windows_Ready\optional_fooocus_source\sdxl_styles\samples\mk_cross_stitching.jpg","D:\zzipp\جي بي\الكميرا\_organized_generation_workspace_20260612\07_alzaeem_windows_ready\ALZaeem_Windows_Ready\optional_fooocus_source\sdxl_styles\samples\mk_cross_stitching.jpg","mk_cross_stitching.jpg",".jpg","33688","0.032","28/10/47 01:06:36 م"
"07_alzaeem_windows_ready\ALZaeem_Windows_Ready\optional_fooocus_source\sdxl_styles\samples\mk_cyanotype_print.jpg","D:\zzipp\جي بي\الكميرا\_organized_generation_workspace_20260612\07_alzaeem_windows_ready\ALZaeem_Windows_Ready\optional_fooocus_source\sdxl_styles\samples\mk_cyanotype_print.jpg","mk_cyanotype_print.jpg",".jpg","26707","0.025","28/10/47 01:06:36 م"
"07_alzaeem_windows_ready\ALZaeem_Windows_Ready\optional_fooocus_source\sdxl_styles\samples\mk_dayak_art.jpg","D:\zzipp\جي بي\الكميرا\_organized_generation_workspace_20260612\07_alzaeem_windows_ready\ALZaeem_Windows_Ready\optional_fooocus_source\sdxl_styles\samples\mk_dayak_art.jpg","mk_dayak_art.jpg",".jpg","29088","0.028","28/10/47 01:06:36 م"
"07_alzaeem_windows_ready\ALZaeem_Windows_Ready\optional_fooocus_source\sdxl_styles\samples\mk_de_stijl.jpg","D:\zzipp\جي بي\الكميرا\_organized_generation_workspace_20260612\07_alzaeem_windows_ready\ALZaeem_Windows_Ready\optional_fooocus_source\sdxl_styles\samples\mk_de_stijl.jpg","mk_de_stijl.jpg",".jpg","19115","0.018","28/10/47 01:06:36 م"
"07_alzaeem_windows_ready\ALZaeem_Windows_Ready\optional_fooocus_source\sdxl_styles\samples\mk_dufaycolor_photograph.jpg","D:\zzipp\جي بي\الكميرا\_organized_generation_workspace_20260612\07_alzaeem_windows_ready\ALZaeem_Windows_Ready\optional_fooocus_source\sdxl_styles\samples\mk_dufaycolor_photograph.jpg","mk_dufaycolor_photograph.jpg",".jpg","23515","0.022","28/10/47 01:06:36 م"
"07_alzaeem_windows_ready\ALZaeem_Windows_Ready\optional_fooocus_source\sdxl_styles\samples\mk_embroidery.jpg","D:\zzipp\جي بي\الكميرا\_organized_generation_workspace_20260612\07_alzaeem_windows_ready\ALZaeem_Windows_Ready\optional_fooocus_source\sdxl_styles\samples\mk_embroidery.jpg","mk_embroidery.jpg",".jpg","39556","0.038","28/10/47 01:06:36 م"
"07_alzaeem_windows_ready\ALZaeem_Windows_Ready\optional_fooocus_source\sdxl_styles\samples\mk_encaustic_paint.jpg","D:\zzipp\جي بي\الكميرا\_organized_generation_workspace_20260612\07_alzaeem_windows_ready\ALZaeem_Windows_Ready\optional_fooocus_source\sdxl_styles\samples\mk_encaustic_paint.jpg","mk_encaustic_paint.jpg",".jpg","38898","0.037","28/10/47 01:06:36 م"
"07_alzaeem_windows_ready\ALZaeem_Windows_Ready\optional_fooocus_source\sdxl_styles\samples\mk_fayum_portrait.jpg","D:\zzipp\جي بي\الكميرا\_organized_generation_workspace_20260612\07_alzaeem_windows_ready\ALZaeem_Windows_Ready\optional_fooocus_source\sdxl_styles\samples\mk_fayum_portrait.jpg","mk_fayum_portrait.jpg",".jpg","29298","0.028","28/10/47 01:06:36 م"
"07_alzaeem_windows_ready\ALZaeem_Windows_Ready\optional_fooocus_source\sdxl_styles\samples\mk_gond_painting.jpg","D:\zzipp\جي بي\الكميرا\_organized_generation_workspace_20260612\07_alzaeem_windows_ready\ALZaeem_Windows_Ready\optional_fooocus_source\sdxl_styles\samples\mk_gond_painting.jpg","mk_gond_painting.jpg",".jpg","43206","0.041","28/10/47 01:06:36 م"
"07_alzaeem_windows_ready\ALZaeem_Windows_Ready\optional_fooocus_source\sdxl_styles\samples\mk_gyotaku.jpg","D:\zzipp\جي بي\الكميرا\_organized_generation_workspace_20260612\07_alzaeem_windows_ready\ALZaeem_Windows_Ready\optional_fooocus_source\sdxl_styles\samples\mk_gyotaku.jpg","mk_gyotaku.jpg",".jpg","24725","0.024","28/10/47 01:06:36 م"
"07_alzaeem_windows_ready\ALZaeem_Windows_Ready\optional_fooocus_source\sdxl_styles\samples\mk_halftone_print.jpg","D:\zzipp\جي بي\الكميرا\_organized_generation_workspace_20260612\07_alzaeem_windows_ready\ALZaeem_Windows_Ready\optional_fooocus_source\sdxl_styles\samples\mk_halftone_print.jpg","mk_halftone_print.jpg",".jpg","29840","0.028","28/10/47 01:06:36 م"
"07_alzaeem_windows_ready\ALZaeem_Windows_Ready\optional_fooocus_source\sdxl_styles\samples\mk_herbarium.jpg","D:\zzipp\جي بي\الكميرا\_organized_generation_workspace_20260612\07_alzaeem_windows_ready\ALZaeem_Windows_Ready\optional_fooocus_source\sdxl_styles\samples\mk_herbarium.jpg","mk_herbarium.jpg",".jpg","25207","0.024","28/10/47 01:06:36 م"
"07_alzaeem_windows_ready\ALZaeem_Windows_Ready\optional_fooocus_source\sdxl_styles\samples\mk_illuminated_manuscript.jpg","D:\zzipp\جي بي\الكميرا\_organized_generation_workspace_20260612\07_alzaeem_windows_ready\ALZaeem_Windows_Ready\optional_fooocus_source\sdxl_styles\samples\mk_illuminated_manuscript.jpg","mk_illuminated_manuscript.jpg",".jpg","44321","0.042","28/10/47 01:06:36 م"
"07_alzaeem_windows_ready\ALZaeem_Windows_Ready\optional_fooocus_source\sdxl_styles\samples\mk_inuit_carving.jpg","D:\zzipp\جي بي\الكميرا\_organized_generation_workspace_20260612\07_alzaeem_windows_ready\ALZaeem_Windows_Ready\optional_fooocus_source\sdxl_styles\samples\mk_inuit_carving.jpg","mk_inuit_carving.jpg",".jpg","20545","0.02","28/10/47 01:06:36 م"
"07_alzaeem_windows_ready\ALZaeem_Windows_Ready\optional_fooocus_source\sdxl_styles\samples\mk_kalighat_painting.jpg","D:\zzipp\جي بي\الكميرا\_organized_generation_workspace_20260612\07_alzaeem_windows_ready\ALZaeem_Windows_Ready\optional_fooocus_source\sdxl_styles\samples\mk_kalighat_painting.jpg","mk_kalighat_painting.jpg",".jpg","31738","0.03","28/10/47 01:06:36 م"
"07_alzaeem_windows_ready\ALZaeem_Windows_Ready\optional_fooocus_source\sdxl_styles\samples\mk_lite_brite_art.jpg","D:\zzipp\جي بي\الكميرا\_organized_generation_workspace_20260612\07_alzaeem_windows_ready\ALZaeem_Windows_Ready\optional_fooocus_source\sdxl_styles\samples\mk_lite_brite_art.jpg","mk_lite_brite_art.jpg",".jpg","28983","0.028","28/10/47 01:06:36 م"
"07_alzaeem_windows_ready\ALZaeem_Windows_Ready\optional_fooocus_source\sdxl_styles\samples\mk_luminogram.jpg","D:\zzipp\جي بي\الكميرا\_organized_generation_workspace_20260612\07_alzaeem_windows_ready\ALZaeem_Windows_Ready\optional_fooocus_source\sdxl_styles\samples\mk_luminogram.jpg","mk_luminogram.jpg",".jpg","18896","0.018","28/10/47 01:06:36 م"
"07_alzaeem_windows_ready\ALZaeem_Windows_Ready\optional_fooocus_source\sdxl_styles\samples\mk_madhubani_painting.jpg","D:\zzipp\جي بي\الكميرا\_organized_generation_workspace_20260612\07_alzaeem_windows_ready\ALZaeem_Windows_Ready\optional_fooocus_source\sdxl_styles\samples\mk_madhubani_painting.jpg","mk_madhubani_painting.jpg",".jpg","48886","0.047","28/10/47 01:06:36 م"
"07_alzaeem_windows_ready\ALZaeem_Windows_Ready\optional_fooocus_source\sdxl_styles\samples\mk_mokume_gane.jpg","D:\zzipp\جي بي\الكميرا\_organized_generation_workspace_20260612\07_alzaeem_windows_ready\ALZaeem_Windows_Ready\optional_fooocus_source\sdxl_styles\samples\mk_mokume_gane.jpg","mk_mokume_gane.jpg",".jpg","21747","0.021","28/10/47 01:06:36 م"
"07_alzaeem_windows_ready\ALZaeem_Windows_Ready\optional_fooocus_source\sdxl_styles\samples\mk_mosaic.jpg","D:\zzipp\جي بي\الكميرا\_organized_generation_workspace_20260612\07_alzaeem_windows_ready\ALZaeem_Windows_Ready\optional_fooocus_source\sdxl_styles\samples\mk_mosaic.jpg","mk_mosaic.jpg",".jpg","43283","0.041","28/10/47 01:06:36 م"
"07_alzaeem_windows_ready\ALZaeem_Windows_Ready\optional_fooocus_source\sdxl_styles\samples\mk_one_line_art.jpg","D:\zzipp\جي بي\الكميرا\_organized_generation_workspace_20260612\07_alzaeem_windows_ready\ALZaeem_Windows_Ready\optional_fooocus_source\sdxl_styles\samples\mk_one_line_art.jpg","mk_one_line_art.jpg",".jpg","5494","0.005","28/10/47 01:06:36 م"
"07_alzaeem_windows_ready\ALZaeem_Windows_Ready\optional_fooocus_source\sdxl_styles\samples\mk_palekh.jpg","D:\zzipp\جي بي\الكميرا\_organized_generation_workspace_20260612\07_alzaeem_windows_ready\ALZaeem_Windows_Ready\optional_fooocus_source\sdxl_styles\samples\mk_palekh.jpg","mk_palekh.jpg",".jpg","44315","0.042","28/10/47 01:06:36 م"
"07_alzaeem_windows_ready\ALZaeem_Windows_Ready\optional_fooocus_source\sdxl_styles\samples\mk_patachitra_painting.jpg","D:\zzipp\جي بي\الكميرا\_organized_generation_workspace_20260612\07_alzaeem_windows_ready\ALZaeem_Windows_Ready\optional_fooocus_source\sdxl_styles\samples\mk_patachitra_painting.jpg","mk_patachitra_painting.jpg",".jpg","46111","0.044","28/10/47 01:06:36 م"
"07_alzaeem_windows_ready\ALZaeem_Windows_Ready\optional_fooocus_source\sdxl_styles\samples\mk_pichwai_painting.jpg","D:\zzipp\جي بي\الكميرا\_organized_generation_workspace_20260612\07_alzaeem_windows_ready\ALZaeem_Windows_Ready\optional_fooocus_source\sdxl_styles\samples\mk_pichwai_painting.jpg","mk_pichwai_painting.jpg",".jpg","39910","0.038","28/10/47 01:06:36 م"
"07_alzaeem_windows_ready\ALZaeem_Windows_Ready\optional_fooocus_source\sdxl_styles\samples\mk_pictorialism.jpg","D:\zzipp\جي بي\الكميرا\_organized_generation_workspace_20260612\07_alzaeem_windows_ready\ALZaeem_Windows_Ready\optional_fooocus_source\sdxl_styles\samples\mk_pictorialism.jpg","mk_pictorialism.jpg",".jpg","19595","0.019","28/10/47 01:06:36 م"
"07_alzaeem_windows_ready\ALZaeem_Windows_Ready\optional_fooocus_source\sdxl_styles\samples\mk_pollock.jpg","D:\zzipp\جي بي\الكميرا\_organized_generation_workspace_20260612\07_alzaeem_windows_ready\ALZaeem_Windows_Ready\optional_fooocus_source\sdxl_styles\samples\mk_pollock.jpg","mk_pollock.jpg",".jpg","48697","0.046","28/10/47 01:06:36 م"
"07_alzaeem_windows_ready\ALZaeem_Windows_Ready\optional_fooocus_source\sdxl_styles\samples\mk_punk_collage.jpg","D:\zzipp\جي بي\الكميرا\_organized_generation_workspace_20260612\07_alzaeem_windows_ready\ALZaeem_Windows_Ready\optional_fooocus_source\sdxl_styles\samples\mk_punk_collage.jpg","mk_punk_collage.jpg",".jpg","34863","0.033","28/10/47 01:06:36 م"
"07_alzaeem_windows_ready\ALZaeem_Windows_Ready\optional_fooocus_source\sdxl_styles\samples\mk_ron_english_style.jpg","D:\zzipp\جي بي\الكميرا\_organized_generation_workspace_20260612\07_alzaeem_windows_ready\ALZaeem_Windows_Ready\optional_fooocus_source\sdxl_styles\samples\mk_ron_english_style.jpg","mk_ron_english_style.jpg",".jpg","33109","0.032","28/10/47 01:06:36 م"
"07_alzaeem_windows_ready\ALZaeem_Windows_Ready\optional_fooocus_source\sdxl_styles\samples\mk_samoan_art_inspired.jpg","D:\zzipp\جي بي\الكميرا\_organized_generation_workspace_20260612\07_alzaeem_windows_ready\ALZaeem_Windows_Ready\optional_fooocus_source\sdxl_styles\samples\mk_samoan_art_inspired.jpg","mk_samoan_art_inspired.jpg",".jpg","25854","0.025","28/10/47 01:06:36 م"
"07_alzaeem_windows_ready\ALZaeem_Windows_Ready\optional_fooocus_source\sdxl_styles\samples\mk_scrimshaw.jpg","D:\zzipp\جي بي\الكميرا\_organized_generation_workspace_20260612\07_alzaeem_windows_ready\ALZaeem_Windows_Ready\optional_fooocus_source\sdxl_styles\samples\mk_scrimshaw.jpg","mk_scrimshaw.jpg",".jpg","23678","0.023","28/10/47 01:06:36 م"
"07_alzaeem_windows_ready\ALZaeem_Windows_Ready\optional_fooocus_source\sdxl_styles\samples\mk_shepard_fairey_style.jpg","D:\zzipp\جي بي\الكميرا\_organized_generation_workspace_20260612\07_alzaeem_windows_ready\ALZaeem_Windows_Ready\optional_fooocus_source\sdxl_styles\samples\mk_shepard_fairey_style.jpg","mk_shepard_fairey_style.jpg",".jpg","32803","0.031","28/10/47 01:06:36 م"
"07_alzaeem_windows_ready\ALZaeem_Windows_Ready\optional_fooocus_source\sdxl_styles\samples\mk_shibori.jpg","D:\zzipp\جي بي\الكميرا\_organized_generation_workspace_20260612\07_alzaeem_windows_ready\ALZaeem_Windows_Ready\optional_fooocus_source\sdxl_styles\samples\mk_shibori.jpg","mk_shibori.jpg",".jpg","39932","0.038","28/10/47 01:06:36 م"
"07_alzaeem_windows_ready\ALZaeem_Windows_Ready\optional_fooocus_source\sdxl_styles\samples\mk_singer_sargent.jpg","D:\zzipp\جي بي\الكميرا\_organized_generation_workspace_20260612\07_alzaeem_windows_ready\ALZaeem_Windows_Ready\optional_fooocus_source\sdxl_styles\samples\mk_singer_sargent.jpg","mk_singer_sargent.jpg",".jpg","23465","0.022","28/10/47 01:06:36 م"
"07_alzaeem_windows_ready\ALZaeem_Windows_Ready\optional_fooocus_source\sdxl_styles\samples\mk_suminagashi.jpg","D:\zzipp\جي بي\الكميرا\_organized_generation_workspace_20260612\07_alzaeem_windows_ready\ALZaeem_Windows_Ready\optional_fooocus_source\sdxl_styles\samples\mk_suminagashi.jpg","mk_suminagashi.jpg",".jpg","28998","0.028","28/10/47 01:06:36 م"
"07_alzaeem_windows_ready\ALZaeem_Windows_Ready\optional_fooocus_source\sdxl_styles\samples\mk_tlingit_art.jpg","D:\zzipp\جي بي\الكميرا\_organized_generation_workspace_20260612\07_alzaeem_windows_ready\ALZaeem_Windows_Ready\optional_fooocus_source\sdxl_styles\samples\mk_tlingit_art.jpg","mk_tlingit_art.jpg",".jpg","43408","0.041","28/10/47 01:06:36 م"
"07_alzaeem_windows_ready\ALZaeem_Windows_Ready\optional_fooocus_source\sdxl_styles\samples\mk_ukiyo_e.jpg","D:\zzipp\جي بي\الكميرا\_organized_generation_workspace_20260612\07_alzaeem_windows_ready\ALZaeem_Windows_Ready\optional_fooocus_source\sdxl_styles\samples\mk_ukiyo_e.jpg","mk_ukiyo_e.jpg",".jpg","31329","0.03","28/10/47 01:06:36 م"
"07_alzaeem_windows_ready\ALZaeem_Windows_Ready\optional_fooocus_source\sdxl_styles\samples\mk_van_gogh.jpg","D:\zzipp\جي بي\الكميرا\_organized_generation_workspace_20260612\07_alzaeem_windows_ready\ALZaeem_Windows_Ready\optional_fooocus_source\sdxl_styles\samples\mk_van_gogh.jpg","mk_van_gogh.jpg",".jpg","43689","0.042","28/10/47 01:06:36 م"
"07_alzaeem_windows_ready\ALZaeem_Windows_Ready\optional_fooocus_source\sdxl_styles\samples\mk_vintage_airline_poster.jpg","D:\zzipp\جي بي\الكميرا\_organized_generation_workspace_20260612\07_alzaeem_windows_ready\ALZaeem_Windows_Ready\optional_fooocus_source\sdxl_styles\samples\mk_vintage_airline_poster.jpg","mk_vintage_airline_poster.jpg",".jpg","31296","0.03","28/10/47 01:06:36 م"
"07_alzaeem_windows_ready\ALZaeem_Windows_Ready\optional_fooocus_source\sdxl_styles\samples\mk_vintage_travel_poster.jpg","D:\zzipp\جي بي\الكميرا\_organized_generation_workspace_20260612\07_alzaeem_windows_ready\ALZaeem_Windows_Ready\optional_fooocus_source\sdxl_styles\samples\mk_vintage_travel_poster.jpg","mk_vintage_travel_poster.jpg",".jpg","28284","0.027","28/10/47 01:06:36 م"
"07_alzaeem_windows_ready\ALZaeem_Windows_Ready\optional_fooocus_source\sdxl_styles\samples\mk_vitreous_enamel.jpg","D:\zzipp\جي بي\الكميرا\_organized_generation_workspace_20260612\07_alzaeem_windows_ready\ALZaeem_Windows_Ready\optional_fooocus_source\sdxl_styles\samples\mk_vitreous_enamel.jpg","mk_vitreous_enamel.jpg",".jpg","24713","0.024","28/10/47 01:06:36 م"
"07_alzaeem_windows_ready\ALZaeem_Windows_Ready\optional_fooocus_source\sdxl_styles\samples\mre_ancient_illustration.jpg","D:\zzipp\جي بي\الكميرا\_organized_generation_workspace_20260612\07_alzaeem_windows_ready\ALZaeem_Windows_Ready\optional_fooocus_source\sdxl_styles\samples\mre_ancient_illustration.jpg","mre_ancient_illustration.jpg",".jpg","28253","0.027","28/10/47 01:06:36 م"
"07_alzaeem_windows_ready\ALZaeem_Windows_Ready\optional_fooocus_source\sdxl_styles\samples\mre_anime.jpg","D:\zzipp\جي بي\الكميرا\_organized_generation_workspace_20260612\07_alzaeem_windows_ready\ALZaeem_Windows_Ready\optional_fooocus_source\sdxl_styles\samples\mre_anime.jpg","mre_anime.jpg",".jpg","25681","0.024","28/10/47 01:06:36 م"
"07_alzaeem_windows_ready\ALZaeem_Windows_Ready\optional_fooocus_source\sdxl_styles\samples\mre_artistic_vision.jpg","D:\zzipp\جي بي\الكميرا\_organized_generation_workspace_20260612\07_alzaeem_windows_ready\ALZaeem_Windows_Ready\optional_fooocus_source\sdxl_styles\samples\mre_artistic_vision.jpg","mre_artistic_vision.jpg",".jpg","25512","0.024","28/10/47 01:06:36 م"
"07_alzaeem_windows_ready\ALZaeem_Windows_Ready\optional_fooocus_source\sdxl_styles\samples\mre_bad_dream.jpg","D:\zzipp\جي بي\الكميرا\_organized_generation_workspace_20260612\07_alzaeem_windows_ready\ALZaeem_Windows_Ready\optional_fooocus_source\sdxl_styles\samples\mre_bad_dream.jpg","mre_bad_dream.jpg",".jpg","24245","0.023","28/10/47 01:06:36 م"
"07_alzaeem_windows_ready\ALZaeem_Windows_Ready\optional_fooocus_source\sdxl_styles\samples\mre_brave_art.jpg","D:\zzipp\جي بي\الكميرا\_organized_generation_workspace_20260612\07_alzaeem_windows_ready\ALZaeem_Windows_Ready\optional_fooocus_source\sdxl_styles\samples\mre_brave_art.jpg","mre_brave_art.jpg",".jpg","26947","0.026","28/10/47 01:06:36 م"
"07_alzaeem_windows_ready\ALZaeem_Windows_Ready\optional_fooocus_source\sdxl_styles\samples\mre_cinematic_dynamic.jpg","D:\zzipp\جي بي\الكميرا\_organized_generation_workspace_20260612\07_alzaeem_windows_ready\ALZaeem_Windows_Ready\optional_fooocus_source\sdxl_styles\samples\mre_cinematic_dynamic.jpg","mre_cinematic_dynamic.jpg",".jpg","23871","0.023","28/10/47 01:06:36 م"
"07_alzaeem_windows_ready\ALZaeem_Windows_Ready\optional_fooocus_source\sdxl_styles\samples\mre_comic.jpg","D:\zzipp\جي بي\الكميرا\_organized_generation_workspace_20260612\07_alzaeem_windows_ready\ALZaeem_Windows_Ready\optional_fooocus_source\sdxl_styles\samples\mre_comic.jpg","mre_comic.jpg",".jpg","26527","0.025","28/10/47 01:06:36 م"
"07_alzaeem_windows_ready\ALZaeem_Windows_Ready\optional_fooocus_source\sdxl_styles\samples\mre_dark_cyberpunk.jpg","D:\zzipp\جي بي\الكميرا\_organized_generation_workspace_20260612\07_alzaeem_windows_ready\ALZaeem_Windows_Ready\optional_fooocus_source\sdxl_styles\samples\mre_dark_cyberpunk.jpg","mre_dark_cyberpunk.jpg",".jpg","29542","0.028","28/10/47 01:06:36 م"
"07_alzaeem_windows_ready\ALZaeem_Windows_Ready\optional_fooocus_source\sdxl_styles\samples\mre_dark_dream.jpg","D:\zzipp\جي بي\الكميرا\_organized_generation_workspace_20260612\07_alzaeem_windows_ready\ALZaeem_Windows_Ready\optional_fooocus_source\sdxl_styles\samples\mre_dark_dream.jpg","mre_dark_dream.jpg",".jpg","19480","0.019","28/10/47 01:06:36 م"
"07_alzaeem_windows_ready\ALZaeem_Windows_Ready\optional_fooocus_source\sdxl_styles\samples\mre_dynamic_illustration.jpg","D:\zzipp\جي بي\الكميرا\_organized_generation_workspace_20260612\07_alzaeem_windows_ready\ALZaeem_Windows_Ready\optional_fooocus_source\sdxl_styles\samples\mre_dynamic_illustration.jpg","mre_dynamic_illustration.jpg",".jpg","28906","0.028","28/10/47 01:06:36 م"
"07_alzaeem_windows_ready\ALZaeem_Windows_Ready\optional_fooocus_source\sdxl_styles\samples\mre_elemental_art.jpg","D:\zzipp\جي بي\الكميرا\_organized_generation_workspace_20260612\07_alzaeem_windows_ready\ALZaeem_Windows_Ready\optional_fooocus_source\sdxl_styles\samples\mre_elemental_art.jpg","mre_elemental_art.jpg",".jpg","36956","0.035","28/10/47 01:06:36 م"
"07_alzaeem_windows_ready\ALZaeem_Windows_Ready\optional_fooocus_source\sdxl_styles\samples\mre_gloomy_art.jpg","D:\zzipp\جي بي\الكميرا\_organized_generation_workspace_20260612\07_alzaeem_windows_ready\ALZaeem_Windows_Ready\optional_fooocus_source\sdxl_styles\samples\mre_gloomy_art.jpg","mre_gloomy_art.jpg",".jpg","12769","0.012","28/10/47 01:06:36 م"
"07_alzaeem_windows_ready\ALZaeem_Windows_Ready\optional_fooocus_source\sdxl_styles\samples\mre_heroic_fantasy.jpg","D:\zzipp\جي بي\الكميرا\_organized_generation_workspace_20260612\07_alzaeem_windows_ready\ALZaeem_Windows_Ready\optional_fooocus_source\sdxl_styles\samples\mre_heroic_fantasy.jpg","mre_heroic_fantasy.jpg",".jpg","31394","0.03","28/10/47 01:06:36 م"
"07_alzaeem_windows_ready\ALZaeem_Windows_Ready\optional_fooocus_source\sdxl_styles\samples\mre_lyrical_geometry.jpg","D:\zzipp\جي بي\الكميرا\_organized_generation_workspace_20260612\07_alzaeem_windows_ready\ALZaeem_Windows_Ready\optional_fooocus_source\sdxl_styles\samples\mre_lyrical_geometry.jpg","mre_lyrical_geometry.jpg",".jpg","38608","0.037","28/10/47 01:06:36 م"
"07_alzaeem_windows_ready\ALZaeem_Windows_Ready\optional_fooocus_source\sdxl_styles\samples\mre_manga.jpg","D:\zzipp\جي بي\الكميرا\_organized_generation_workspace_20260612\07_alzaeem_windows_ready\ALZaeem_Windows_Ready\optional_fooocus_source\sdxl_styles\samples\mre_manga.jpg","mre_manga.jpg",".jpg","26208","0.025","28/10/47 01:06:36 م"
"07_alzaeem_windows_ready\ALZaeem_Windows_Ready\optional_fooocus_source\sdxl_styles\samples\mre_space_art.jpg","D:\zzipp\جي بي\الكميرا\_organized_generation_workspace_20260612\07_alzaeem_windows_ready\ALZaeem_Windows_Ready\optional_fooocus_source\sdxl_styles\samples\mre_space_art.jpg","mre_space_art.jpg",".jpg","26968","0.026","28/10/47 01:06:36 م"
"07_alzaeem_windows_ready\ALZaeem_Windows_Ready\optional_fooocus_source\sdxl_styles\samples\mre_spontaneous_picture.jpg","D:\zzipp\جي بي\الكميرا\_organized_generation_workspace_20260612\07_alzaeem_windows_ready\ALZaeem_Windows_Ready\optional_fooocus_source\sdxl_styles\samples\mre_spontaneous_picture.jpg","mre_spontaneous_picture.jpg",".jpg","23037","0.022","28/10/47 01:06:36 م"
"07_alzaeem_windows_ready\ALZaeem_Windows_Ready\optional_fooocus_source\sdxl_styles\samples\mre_sumi_e_detailed.jpg","D:\zzipp\جي بي\الكميرا\_organized_generation_workspace_20260612\07_alzaeem_windows_ready\ALZaeem_Windows_Ready\optional_fooocus_source\sdxl_styles\samples\mre_sumi_e_detailed.jpg","mre_sumi_e_detailed.jpg",".jpg","21833","0.021","28/10/47 01:06:36 م"
"07_alzaeem_windows_ready\ALZaeem_Windows_Ready\optional_fooocus_source\sdxl_styles\samples\mre_sumi_e_symbolic.jpg","D:\zzipp\جي بي\الكميرا\_organized_generation_workspace_20260612\07_alzaeem_windows_ready\ALZaeem_Windows_Ready\optional_fooocus_source\sdxl_styles\samples\mre_sumi_e_symbolic.jpg","mre_sumi_e_symbolic.jpg",".jpg","20087","0.019","28/10/47 01:06:36 م"
"07_alzaeem_windows_ready\ALZaeem_Windows_Ready\optional_fooocus_source\sdxl_styles\samples\mre_surreal_painting.jpg","D:\zzipp\جي بي\الكميرا\_organized_generation_workspace_20260612\07_alzaeem_windows_ready\ALZaeem_Windows_Ready\optional_fooocus_source\sdxl_styles\samples\mre_surreal_painting.jpg","mre_surreal_painting.jpg",".jpg","38135","0.036","28/10/47 01:06:36 م"
"07_alzaeem_windows_ready\ALZaeem_Windows_Ready\optional_fooocus_source\sdxl_styles\samples\mre_undead_art.jpg","D:\zzipp\جي بي\الكميرا\_organized_generation_workspace_20260612\07_alzaeem_windows_ready\ALZaeem_Windows_Ready\optional_fooocus_source\sdxl_styles\samples\mre_undead_art.jpg","mre_undead_art.jpg",".jpg","24205","0.023","28/10/47 01:06:36 م"
"07_alzaeem_windows_ready\ALZaeem_Windows_Ready\optional_fooocus_source\sdxl_styles\samples\mre_underground.jpg","D:\zzipp\جي بي\الكميرا\_organized_generation_workspace_20260612\07_alzaeem_windows_ready\ALZaeem_Windows_Ready\optional_fooocus_source\sdxl_styles\samples\mre_underground.jpg","mre_underground.jpg",".jpg","22443","0.021","28/10/47 01:06:36 م"
"07_alzaeem_windows_ready\ALZaeem_Windows_Ready\optional_fooocus_source\sdxl_styles\samples\neo_baroque.jpg","D:\zzipp\جي بي\الكميرا\_organized_generation_workspace_20260612\07_alzaeem_windows_ready\ALZaeem_Windows_Ready\optional_fooocus_source\sdxl_styles\samples\neo_baroque.jpg","neo_baroque.jpg",".jpg","41511","0.04","28/10/47 01:06:36 م"
"07_alzaeem_windows_ready\ALZaeem_Windows_Ready\optional_fooocus_source\sdxl_styles\samples\neo_byzantine.jpg","D:\zzipp\جي بي\الكميرا\_organized_generation_workspace_20260612\07_alzaeem_windows_ready\ALZaeem_Windows_Ready\optional_fooocus_source\sdxl_styles\samples\neo_byzantine.jpg","neo_byzantine.jpg",".jpg","21379","0.02","28/10/47 01:06:36 م"
"07_alzaeem_windows_ready\ALZaeem_Windows_Ready\optional_fooocus_source\sdxl_styles\samples\neo_futurism.jpg","D:\zzipp\جي بي\الكميرا\_organized_generation_workspace_20260612\07_alzaeem_windows_ready\ALZaeem_Windows_Ready\optional_fooocus_source\sdxl_styles\samples\neo_futurism.jpg","neo_futurism.jpg",".jpg","17086","0.016","28/10/47 01:06:36 م"
"07_alzaeem_windows_ready\ALZaeem_Windows_Ready\optional_fooocus_source\sdxl_styles\samples\neo_impressionism.jpg","D:\zzipp\جي بي\الكميرا\_organized_generation_workspace_20260612\07_alzaeem_windows_ready\ALZaeem_Windows_Ready\optional_fooocus_source\sdxl_styles\samples\neo_impressionism.jpg","neo_impressionism.jpg",".jpg","45141","0.043","28/10/47 01:06:36 م"
"07_alzaeem_windows_ready\ALZaeem_Windows_Ready\optional_fooocus_source\sdxl_styles\samples\neo_rococo.jpg","D:\zzipp\جي بي\الكميرا\_organized_generation_workspace_20260612\07_alzaeem_windows_ready\ALZaeem_Windows_Ready\optional_fooocus_source\sdxl_styles\samples\neo_rococo.jpg","neo_rococo.jpg",".jpg","41541","0.04","28/10/47 01:06:36 م"
"07_alzaeem_windows_ready\ALZaeem_Windows_Ready\optional_fooocus_source\sdxl_styles\samples\neoclassicism.jpg","D:\zzipp\جي بي\الكميرا\_organized_generation_workspace_20260612\07_alzaeem_windows_ready\ALZaeem_Windows_Ready\optional_fooocus_source\sdxl_styles\samples\neoclassicism.jpg","neoclassicism.jpg",".jpg","33394","0.032","28/10/47 01:06:36 م"
"07_alzaeem_windows_ready\ALZaeem_Windows_Ready\optional_fooocus_source\sdxl_styles\samples\op_art.jpg","D:\zzipp\جي بي\الكميرا\_organized_generation_workspace_20260612\07_alzaeem_windows_ready\ALZaeem_Windows_Ready\optional_fooocus_source\sdxl_styles\samples\op_art.jpg","op_art.jpg",".jpg","26491","0.025","28/10/47 01:06:36 م"
"07_alzaeem_windows_ready\ALZaeem_Windows_Ready\optional_fooocus_source\sdxl_styles\samples\ornate_and_intricate.jpg","D:\zzipp\جي بي\الكميرا\_organized_generation_workspace_20260612\07_alzaeem_windows_ready\ALZaeem_Windows_Ready\optional_fooocus_source\sdxl_styles\samples\ornate_and_intricate.jpg","ornate_and_intricate.jpg",".jpg","24689","0.024","28/10/47 01:06:36 م"
"07_alzaeem_windows_ready\ALZaeem_Windows_Ready\optional_fooocus_source\sdxl_styles\samples\papercraft_collage.jpg","D:\zzipp\جي بي\الكميرا\_organized_generation_workspace_20260612\07_alzaeem_windows_ready\ALZaeem_Windows_Ready\optional_fooocus_source\sdxl_styles\samples\papercraft_collage.jpg","papercraft_collage.jpg",".jpg","34509","0.033","28/10/47 01:06:36 م"
"07_alzaeem_windows_ready\ALZaeem_Windows_Ready\optional_fooocus_source\sdxl_styles\samples\papercraft_flat_papercut.jpg","D:\zzipp\جي بي\الكميرا\_organized_generation_workspace_20260612\07_alzaeem_windows_ready\ALZaeem_Windows_Ready\optional_fooocus_source\sdxl_styles\samples\papercraft_flat_papercut.jpg","papercraft_flat_papercut.jpg",".jpg","10881","0.01","28/10/47 01:06:36 م"
"07_alzaeem_windows_ready\ALZaeem_Windows_Ready\optional_fooocus_source\sdxl_styles\samples\papercraft_kirigami.jpg","D:\zzipp\جي بي\الكميرا\_organized_generation_workspace_20260612\07_alzaeem_windows_ready\ALZaeem_Windows_Ready\optional_fooocus_source\sdxl_styles\samples\papercraft_kirigami.jpg","papercraft_kirigami.jpg",".jpg","21713","0.021","28/10/47 01:06:36 م"
"07_alzaeem_windows_ready\ALZaeem_Windows_Ready\optional_fooocus_source\sdxl_styles\samples\papercraft_paper_mache.jpg","D:\zzipp\جي بي\الكميرا\_organized_generation_workspace_20260612\07_alzaeem_windows_ready\ALZaeem_Windows_Ready\optional_fooocus_source\sdxl_styles\samples\papercraft_paper_mache.jpg","papercraft_paper_mache.jpg",".jpg","21845","0.021","28/10/47 01:06:36 م"
"07_alzaeem_windows_ready\ALZaeem_Windows_Ready\optional_fooocus_source\sdxl_styles\samples\papercraft_paper_quilling.jpg","D:\zzipp\جي بي\الكميرا\_organized_generation_workspace_20260612\07_alzaeem_windows_ready\ALZaeem_Windows_Ready\optional_fooocus_source\sdxl_styles\samples\papercraft_paper_quilling.jpg","papercraft_paper_quilling.jpg",".jpg","30711","0.029","28/10/47 01:06:36 م"
"07_alzaeem_windows_ready\ALZaeem_Windows_Ready\optional_fooocus_source\sdxl_styles\samples\papercraft_papercut_collage.jpg","D:\zzipp\جي بي\الكميرا\_organized_generation_workspace_20260612\07_alzaeem_windows_ready\ALZaeem_Windows_Ready\optional_fooocus_source\sdxl_styles\samples\papercraft_papercut_collage.jpg","papercraft_papercut_collage.jpg",".jpg","34266","0.033","28/10/47 01:06:36 م"
"07_alzaeem_windows_ready\ALZaeem_Windows_Ready\optional_fooocus_source\sdxl_styles\samples\papercraft_papercut_shadow_box.jpg","D:\zzipp\جي بي\الكميرا\_organized_generation_workspace_20260612\07_alzaeem_windows_ready\ALZaeem_Windows_Ready\optional_fooocus_source\sdxl_styles\samples\papercraft_papercut_shadow_box.jpg","papercraft_papercut_shadow_box.jpg",".jpg","25656","0.024","28/10/47 01:06:36 م"
"07_alzaeem_windows_ready\ALZaeem_Windows_Ready\optional_fooocus_source\sdxl_styles\samples\papercraft_stacked_papercut.jpg","D:\zzipp\جي بي\الكميرا\_organized_generation_workspace_20260612\07_alzaeem_windows_ready\ALZaeem_Windows_Ready\optional_fooocus_source\sdxl_styles\samples\papercraft_stacked_papercut.jpg","papercraft_stacked_papercut.jpg",".jpg","20825","0.02","28/10/47 01:06:36 م"
"07_alzaeem_windows_ready\ALZaeem_Windows_Ready\optional_fooocus_source\sdxl_styles\samples\papercraft_thick_layered_papercut.jpg","D:\zzipp\جي بي\الكميرا\_organized_generation_workspace_20260612\07_alzaeem_windows_ready\ALZaeem_Windows_Ready\optional_fooocus_source\sdxl_styles\samples\papercraft_thick_layered_papercut.jpg","papercraft_thick_layered_papercut.jpg",".jpg","23319","0.022","28/10/47 01:06:36 م"
"07_alzaeem_windows_ready\ALZaeem_Windows_Ready\optional_fooocus_source\sdxl_styles\samples\pebble_art.jpg","D:\zzipp\جي بي\الكميرا\_organized_generation_workspace_20260612\07_alzaeem_windows_ready\ALZaeem_Windows_Ready\optional_fooocus_source\sdxl_styles\samples\pebble_art.jpg","pebble_art.jpg",".jpg","27471","0.026","28/10/47 01:06:36 م"
"07_alzaeem_windows_ready\ALZaeem_Windows_Ready\optional_fooocus_source\sdxl_styles\samples\pencil_sketch_drawing.jpg","D:\zzipp\جي بي\الكميرا\_organized_generation_workspace_20260612\07_alzaeem_windows_ready\ALZaeem_Windows_Ready\optional_fooocus_source\sdxl_styles\samples\pencil_sketch_drawing.jpg","pencil_sketch_drawing.jpg",".jpg","17984","0.017","28/10/47 01:06:36 م"
"07_alzaeem_windows_ready\ALZaeem_Windows_Ready\optional_fooocus_source\sdxl_styles\samples\photo_alien.jpg","D:\zzipp\جي بي\الكميرا\_organized_generation_workspace_20260612\07_alzaeem_windows_ready\ALZaeem_Windows_Ready\optional_fooocus_source\sdxl_styles\samples\photo_alien.jpg","photo_alien.jpg",".jpg","27005","0.026","28/10/47 01:06:36 م"
"07_alzaeem_windows_ready\ALZaeem_Windows_Ready\optional_fooocus_source\sdxl_styles\samples\photo_film_noir.jpg","D:\zzipp\جي بي\الكميرا\_organized_generation_workspace_20260612\07_alzaeem_windows_ready\ALZaeem_Windows_Ready\optional_fooocus_source\sdxl_styles\samples\photo_film_noir.jpg","photo_film_noir.jpg",".jpg","12277","0.012","28/10/47 01:06:36 م"
"07_alzaeem_windows_ready\ALZaeem_Windows_Ready\optional_fooocus_source\sdxl_styles\samples\photo_glamour.jpg","D:\zzipp\جي بي\الكميرا\_organized_generation_workspace_20260612\07_alzaeem_windows_ready\ALZaeem_Windows_Ready\optional_fooocus_source\sdxl_styles\samples\photo_glamour.jpg","photo_glamour.jpg",".jpg","25483","0.024","28/10/47 01:06:36 م"
"07_alzaeem_windows_ready\ALZaeem_Windows_Ready\optional_fooocus_source\sdxl_styles\samples\photo_hdr.jpg","D:\zzipp\جي بي\الكميرا\_organized_generation_workspace_20260612\07_alzaeem_windows_ready\ALZaeem_Windows_Ready\optional_fooocus_source\sdxl_styles\samples\photo_hdr.jpg","photo_hdr.jpg",".jpg","27925","0.027","28/10/47 01:06:36 م"
"07_alzaeem_windows_ready\ALZaeem_Windows_Ready\optional_fooocus_source\sdxl_styles\samples\photo_iphone_photographic.jpg","D:\zzipp\جي بي\الكميرا\_organized_generation_workspace_20260612\07_alzaeem_windows_ready\ALZaeem_Windows_Ready\optional_fooocus_source\sdxl_styles\samples\photo_iphone_photographic.jpg","photo_iphone_photographic.jpg",".jpg","25415","0.024","28/10/47 01:06:36 م"
"07_alzaeem_windows_ready\ALZaeem_Windows_Ready\optional_fooocus_source\sdxl_styles\samples\photo_long_exposure.jpg","D:\zzipp\جي بي\الكميرا\_organized_generation_workspace_20260612\07_alzaeem_windows_ready\ALZaeem_Windows_Ready\optional_fooocus_source\sdxl_styles\samples\photo_long_exposure.jpg","photo_long_exposure.jpg",".jpg","23453","0.022","28/10/47 01:06:36 م"
"07_alzaeem_windows_ready\ALZaeem_Windows_Ready\optional_fooocus_source\sdxl_styles\samples\photo_neon_noir.jpg","D:\zzipp\جي بي\الكميرا\_organized_generation_workspace_20260612\07_alzaeem_windows_ready\ALZaeem_Windows_Ready\optional_fooocus_source\sdxl_styles\samples\photo_neon_noir.jpg","photo_neon_noir.jpg",".jpg","30014","0.029","28/10/47 01:06:36 م"
"07_alzaeem_windows_ready\ALZaeem_Windows_Ready\optional_fooocus_source\sdxl_styles\samples\photo_silhouette.jpg","D:\zzipp\جي بي\الكميرا\_organized_generation_workspace_20260612\07_alzaeem_windows_ready\ALZaeem_Windows_Ready\optional_fooocus_source\sdxl_styles\samples\photo_silhouette.jpg","photo_silhouette.jpg",".jpg","8835","0.008","28/10/47 01:06:36 م"
"07_alzaeem_windows_ready\ALZaeem_Windows_Ready\optional_fooocus_source\sdxl_styles\samples\photo_tilt_shift.jpg","D:\zzipp\جي بي\الكميرا\_organized_generation_workspace_20260612\07_alzaeem_windows_ready\ALZaeem_Windows_Ready\optional_fooocus_source\sdxl_styles\samples\photo_tilt_shift.jpg","photo_tilt_shift.jpg",".jpg","23731","0.023","28/10/47 01:06:36 م"
"07_alzaeem_windows_ready\ALZaeem_Windows_Ready\optional_fooocus_source\sdxl_styles\samples\pop_art_2.jpg","D:\zzipp\جي بي\الكميرا\_organized_generation_workspace_20260612\07_alzaeem_windows_ready\ALZaeem_Windows_Ready\optional_fooocus_source\sdxl_styles\samples\pop_art_2.jpg","pop_art_2.jpg",".jpg","35133","0.034","28/10/47 01:06:36 م"
"07_alzaeem_windows_ready\ALZaeem_Windows_Ready\optional_fooocus_source\sdxl_styles\samples\random_style.jpg","D:\zzipp\جي بي\الكميرا\_organized_generation_workspace_20260612\07_alzaeem_windows_ready\ALZaeem_Windows_Ready\optional_fooocus_source\sdxl_styles\samples\random_style.jpg","random_style.jpg",".jpg","1454","0.001","28/10/47 01:06:36 م"
"07_alzaeem_windows_ready\ALZaeem_Windows_Ready\optional_fooocus_source\sdxl_styles\samples\rococo.jpg","D:\zzipp\جي بي\الكميرا\_organized_generation_workspace_20260612\07_alzaeem_windows_ready\ALZaeem_Windows_Ready\optional_fooocus_source\sdxl_styles\samples\rococo.jpg","rococo.jpg",".jpg","37900","0.036","28/10/47 01:06:36 م"
"07_alzaeem_windows_ready\ALZaeem_Windows_Ready\optional_fooocus_source\sdxl_styles\samples\sai_3d_model.jpg","D:\zzipp\جي بي\الكميرا\_organized_generation_workspace_20260612\07_alzaeem_windows_ready\ALZaeem_Windows_Ready\optional_fooocus_source\sdxl_styles\samples\sai_3d_model.jpg","sai_3d_model.jpg",".jpg","17087","0.016","28/10/47 01:06:36 م"
"07_alzaeem_windows_ready\ALZaeem_Windows_Ready\optional_fooocus_source\sdxl_styles\samples\sai_analog_film.jpg","D:\zzipp\جي بي\الكميرا\_organized_generation_workspace_20260612\07_alzaeem_windows_ready\ALZaeem_Windows_Ready\optional_fooocus_source\sdxl_styles\samples\sai_analog_film.jpg","sai_analog_film.jpg",".jpg","24405","0.023","28/10/47 01:06:36 م"
"07_alzaeem_windows_ready\ALZaeem_Windows_Ready\optional_fooocus_source\sdxl_styles\samples\sai_anime.jpg","D:\zzipp\جي بي\الكميرا\_organized_generation_workspace_20260612\07_alzaeem_windows_ready\ALZaeem_Windows_Ready\optional_fooocus_source\sdxl_styles\samples\sai_anime.jpg","sai_anime.jpg",".jpg","29150","0.028","28/10/47 01:06:36 م"
"07_alzaeem_windows_ready\ALZaeem_Windows_Ready\optional_fooocus_source\sdxl_styles\samples\sai_cinematic.jpg","D:\zzipp\جي بي\الكميرا\_organized_generation_workspace_20260612\07_alzaeem_windows_ready\ALZaeem_Windows_Ready\optional_fooocus_source\sdxl_styles\samples\sai_cinematic.jpg","sai_cinematic.jpg",".jpg","25497","0.024","28/10/47 01:06:36 م"
"07_alzaeem_windows_ready\ALZaeem_Windows_Ready\optional_fooocus_source\sdxl_styles\samples\sai_comic_book.jpg","D:\zzipp\جي بي\الكميرا\_organized_generation_workspace_20260612\07_alzaeem_windows_ready\ALZaeem_Windows_Ready\optional_fooocus_source\sdxl_styles\samples\sai_comic_book.jpg","sai_comic_book.jpg",".jpg","27342","0.026","28/10/47 01:06:36 م"
"07_alzaeem_windows_ready\ALZaeem_Windows_Ready\optional_fooocus_source\sdxl_styles\samples\sai_craft_clay.jpg","D:\zzipp\جي بي\الكميرا\_organized_generation_workspace_20260612\07_alzaeem_windows_ready\ALZaeem_Windows_Ready\optional_fooocus_source\sdxl_styles\samples\sai_craft_clay.jpg","sai_craft_clay.jpg",".jpg","19842","0.019","28/10/47 01:06:36 م"
"07_alzaeem_windows_ready\ALZaeem_Windows_Ready\optional_fooocus_source\sdxl_styles\samples\sai_digital_art.jpg","D:\zzipp\جي بي\الكميرا\_organized_generation_workspace_20260612\07_alzaeem_windows_ready\ALZaeem_Windows_Ready\optional_fooocus_source\sdxl_styles\samples\sai_digital_art.jpg","sai_digital_art.jpg",".jpg","23601","0.023","28/10/47 01:06:36 م"
"07_alzaeem_windows_ready\ALZaeem_Windows_Ready\optional_fooocus_source\sdxl_styles\samples\sai_enhance.jpg","D:\zzipp\جي بي\الكميرا\_organized_generation_workspace_20260612\07_alzaeem_windows_ready\ALZaeem_Windows_Ready\optional_fooocus_source\sdxl_styles\samples\sai_enhance.jpg","sai_enhance.jpg",".jpg","20942","0.02","28/10/47 01:06:36 م"
"07_alzaeem_windows_ready\ALZaeem_Windows_Ready\optional_fooocus_source\sdxl_styles\samples\sai_fantasy_art.jpg","D:\zzipp\جي بي\الكميرا\_organized_generation_workspace_20260612\07_alzaeem_windows_ready\ALZaeem_Windows_Ready\optional_fooocus_source\sdxl_styles\samples\sai_fantasy_art.jpg","sai_fantasy_art.jpg",".jpg","28140","0.027","28/10/47 01:06:36 م"
"07_alzaeem_windows_ready\ALZaeem_Windows_Ready\optional_fooocus_source\sdxl_styles\samples\sai_isometric.jpg","D:\zzipp\جي بي\الكميرا\_organized_generation_workspace_20260612\07_alzaeem_windows_ready\ALZaeem_Windows_Ready\optional_fooocus_source\sdxl_styles\samples\sai_isometric.jpg","sai_isometric.jpg",".jpg","21152","0.02","28/10/47 01:06:36 م"
"07_alzaeem_windows_ready\ALZaeem_Windows_Ready\optional_fooocus_source\sdxl_styles\samples\sai_line_art.jpg","D:\zzipp\جي بي\الكميرا\_organized_generation_workspace_20260612\07_alzaeem_windows_ready\ALZaeem_Windows_Ready\optional_fooocus_source\sdxl_styles\samples\sai_line_art.jpg","sai_line_art.jpg",".jpg","10939","0.01","28/10/47 01:06:36 م"
"07_alzaeem_windows_ready\ALZaeem_Windows_Ready\optional_fooocus_source\sdxl_styles\samples\sai_lowpoly.jpg","D:\zzipp\جي بي\الكميرا\_organized_generation_workspace_20260612\07_alzaeem_windows_ready\ALZaeem_Windows_Ready\optional_fooocus_source\sdxl_styles\samples\sai_lowpoly.jpg","sai_lowpoly.jpg",".jpg","20273","0.019","28/10/47 01:06:36 م"
"07_alzaeem_windows_ready\ALZaeem_Windows_Ready\optional_fooocus_source\sdxl_styles\samples\sai_neonpunk.jpg","D:\zzipp\جي بي\الكميرا\_organized_generation_workspace_20260612\07_alzaeem_windows_ready\ALZaeem_Windows_Ready\optional_fooocus_source\sdxl_styles\samples\sai_neonpunk.jpg","sai_neonpunk.jpg",".jpg","32841","0.031","28/10/47 01:06:36 م"
"07_alzaeem_windows_ready\ALZaeem_Windows_Ready\optional_fooocus_source\sdxl_styles\samples\sai_origami.jpg","D:\zzipp\جي بي\الكميرا\_organized_generation_workspace_20260612\07_alzaeem_windows_ready\ALZaeem_Windows_Ready\optional_fooocus_source\sdxl_styles\samples\sai_origami.jpg","sai_origami.jpg",".jpg","21323","0.02","28/10/47 01:06:36 م"
"07_alzaeem_windows_ready\ALZaeem_Windows_Ready\optional_fooocus_source\sdxl_styles\samples\sai_photographic.jpg","D:\zzipp\جي بي\الكميرا\_organized_generation_workspace_20260612\07_alzaeem_windows_ready\ALZaeem_Windows_Ready\optional_fooocus_source\sdxl_styles\samples\sai_photographic.jpg","sai_photographic.jpg",".jpg","25201","0.024","28/10/47 01:06:36 م"
"07_alzaeem_windows_ready\ALZaeem_Windows_Ready\optional_fooocus_source\sdxl_styles\samples\sai_pixel_art.jpg","D:\zzipp\جي بي\الكميرا\_organized_generation_workspace_20260612\07_alzaeem_windows_ready\ALZaeem_Windows_Ready\optional_fooocus_source\sdxl_styles\samples\sai_pixel_art.jpg","sai_pixel_art.jpg",".jpg","25597","0.024","28/10/47 01:06:36 م"
"07_alzaeem_windows_ready\ALZaeem_Windows_Ready\optional_fooocus_source\sdxl_styles\samples\sai_texture.jpg","D:\zzipp\جي بي\الكميرا\_organized_generation_workspace_20260612\07_alzaeem_windows_ready\ALZaeem_Windows_Ready\optional_fooocus_source\sdxl_styles\samples\sai_texture.jpg","sai_texture.jpg",".jpg","26198","0.025","28/10/47 01:06:36 م"
"07_alzaeem_windows_ready\ALZaeem_Windows_Ready\optional_fooocus_source\sdxl_styles\samples\silhouette_art.jpg","D:\zzipp\جي بي\الكميرا\_organized_generation_workspace_20260612\07_alzaeem_windows_ready\ALZaeem_Windows_Ready\optional_fooocus_source\sdxl_styles\samples\silhouette_art.jpg","silhouette_art.jpg",".jpg","13781","0.013","28/10/47 01:06:36 م"
"07_alzaeem_windows_ready\ALZaeem_Windows_Ready\optional_fooocus_source\sdxl_styles\samples\simple_vector_art.jpg","D:\zzipp\جي بي\الكميرا\_organized_generation_workspace_20260612\07_alzaeem_windows_ready\ALZaeem_Windows_Ready\optional_fooocus_source\sdxl_styles\samples\simple_vector_art.jpg","simple_vector_art.jpg",".jpg","12029","0.011","28/10/47 01:06:36 م"
"07_alzaeem_windows_ready\ALZaeem_Windows_Ready\optional_fooocus_source\sdxl_styles\samples\sketchup.jpg","D:\zzipp\جي بي\الكميرا\_organized_generation_workspace_20260612\07_alzaeem_windows_ready\ALZaeem_Windows_Ready\optional_fooocus_source\sdxl_styles\samples\sketchup.jpg","sketchup.jpg",".jpg","13847","0.013","28/10/47 01:06:36 م"
"07_alzaeem_windows_ready\ALZaeem_Windows_Ready\optional_fooocus_source\sdxl_styles\samples\steampunk_2.jpg","D:\zzipp\جي بي\الكميرا\_organized_generation_workspace_20260612\07_alzaeem_windows_ready\ALZaeem_Windows_Ready\optional_fooocus_source\sdxl_styles\samples\steampunk_2.jpg","steampunk_2.jpg",".jpg","33819","0.032","28/10/47 01:06:36 م"
"07_alzaeem_windows_ready\ALZaeem_Windows_Ready\optional_fooocus_source\sdxl_styles\samples\sticker_designs.jpg","D:\zzipp\جي بي\الكميرا\_organized_generation_workspace_20260612\07_alzaeem_windows_ready\ALZaeem_Windows_Ready\optional_fooocus_source\sdxl_styles\samples\sticker_designs.jpg","sticker_designs.jpg",".jpg","31785","0.03","28/10/47 01:06:36 م"
"07_alzaeem_windows_ready\ALZaeem_Windows_Ready\optional_fooocus_source\sdxl_styles\samples\suprematism.jpg","D:\zzipp\جي بي\الكميرا\_organized_generation_workspace_20260612\07_alzaeem_windows_ready\ALZaeem_Windows_Ready\optional_fooocus_source\sdxl_styles\samples\suprematism.jpg","suprematism.jpg",".jpg","21291","0.02","28/10/47 01:06:36 م"
"07_alzaeem_windows_ready\ALZaeem_Windows_Ready\optional_fooocus_source\sdxl_styles\samples\surrealism.jpg","D:\zzipp\جي بي\الكميرا\_organized_generation_workspace_20260612\07_alzaeem_windows_ready\ALZaeem_Windows_Ready\optional_fooocus_source\sdxl_styles\samples\surrealism.jpg","surrealism.jpg",".jpg","24047","0.023","28/10/47 01:06:36 م"
"07_alzaeem_windows_ready\ALZaeem_Windows_Ready\optional_fooocus_source\sdxl_styles\samples\terragen.jpg","D:\zzipp\جي بي\الكميرا\_organized_generation_workspace_20260612\07_alzaeem_windows_ready\ALZaeem_Windows_Ready\optional_fooocus_source\sdxl_styles\samples\terragen.jpg","terragen.jpg",".jpg","27343","0.026","28/10/47 01:06:36 م"
"07_alzaeem_windows_ready\ALZaeem_Windows_Ready\optional_fooocus_source\sdxl_styles\samples\tranquil_relaxing_atmosphere.jpg","D:\zzipp\جي بي\الكميرا\_organized_generation_workspace_20260612\07_alzaeem_windows_ready\ALZaeem_Windows_Ready\optional_fooocus_source\sdxl_styles\samples\tranquil_relaxing_atmosphere.jpg","tranquil_relaxing_atmosphere.jpg",".jpg","21176","0.02","28/10/47 01:06:36 م"
"07_alzaeem_windows_ready\ALZaeem_Windows_Ready\optional_fooocus_source\sdxl_styles\samples\vibrant_rim_light.jpg","D:\zzipp\جي بي\الكميرا\_organized_generation_workspace_20260612\07_alzaeem_windows_ready\ALZaeem_Windows_Ready\optional_fooocus_source\sdxl_styles\samples\vibrant_rim_light.jpg","vibrant_rim_light.jpg",".jpg","23551","0.022","28/10/47 01:06:36 م"
"07_alzaeem_windows_ready\ALZaeem_Windows_Ready\optional_fooocus_source\sdxl_styles\samples\volumetric_lighting.jpg","D:\zzipp\جي بي\الكميرا\_organized_generation_workspace_20260612\07_alzaeem_windows_ready\ALZaeem_Windows_Ready\optional_fooocus_source\sdxl_styles\samples\volumetric_lighting.jpg","volumetric_lighting.jpg",".jpg","22614","0.022","28/10/47 01:06:36 م"
"07_alzaeem_windows_ready\ALZaeem_Windows_Ready\optional_fooocus_source\sdxl_styles\samples\watercolor_2.jpg","D:\zzipp\جي بي\الكميرا\_organized_generation_workspace_20260612\07_alzaeem_windows_ready\ALZaeem_Windows_Ready\optional_fooocus_source\sdxl_styles\samples\watercolor_2.jpg","watercolor_2.jpg",".jpg","30947","0.03","28/10/47 01:06:36 م"
"07_alzaeem_windows_ready\ALZaeem_Windows_Ready\optional_fooocus_source\sdxl_styles\samples\whimsical_and_playful.jpg","D:\zzipp\جي بي\الكميرا\_organized_generation_workspace_20260612\07_alzaeem_windows_ready\ALZaeem_Windows_Ready\optional_fooocus_source\sdxl_styles\samples\whimsical_and_playful.jpg","whimsical_and_playful.jpg",".jpg","43174","0.041","28/10/47 01:06:36 م"
